time,open,high,low,close,tick_volume,spread,real_volume,close_oro,ratio_eur_oro,ratio_desviacion,divergencia_retornos,oro_tendencia,ratio_volatilidad,correlacion,correlacion_ma,oro_momentum
2024-10-03 08:00:00,1.10324,1.10457,1.10245,1.10371,16077,11,0,2645.16,0.00041725642305191367,-0.42788992566734685,0.0041284800670469135,-0.0004991880819441477,0.6863329895268363,0.4699302286843636,0.5048940418947411,-0.0016719567933153323
2024-10-03 12:00:00,1.10371,1.10462,1.10276,1.10317,15733,11,0,2642.42,0.0004174847299066764,-0.30905368298793945,0.0005465952099393823,-0.0008501336229229153,0.6951609043712845,0.46130530776096795,0.4989600147388984,-0.002755008076324894
2024-10-03 16:00:00,1.10317,1.10432,1.10078,1.10299,26812,11,0,2660.01,0.00041465633587843646,-1.1317999170832738,-0.006819942890994746,-0.0006490311376704934,0.4634040442389575,0.46280310625574944,0.493021131966044,0.0005153010561791405
2024-10-03 20:00:00,1.10299,1.10355,1.10245,1.1029,9294,11,0,2656.0,0.0004152484939759036,-0.8727397124431818,0.0014259167416500462,-0.0003748268592586026,0.5147868835664499,0.4509738691523068,0.487324446499353,-0.0006734918861158734
2024-10-04 00:00:00,1.10289,1.10391,1.10252,1.10341,3618,11,0,2657.25,0.0004152450842035939,-0.802017918489585,-8.215266542599409e-06,-3.5428235021713435e-05,0.4468118875176765,0.4514105507816787,0.48151031822270696,0.0008512273115908187
2024-10-04 04:00:00,1.10341,1.10355,1.10247,1.10272,7533,11,0,2664.09,0.00041391995015183417,-1.2843742407446157,-0.003199423945725366,0.0005911460518983311,0.4428569052034372,0.45227832138139645,0.4762196952168896,0.007156466905593684
2024-10-04 08:00:00,1.10272,1.10352,1.10206,1.10251,12398,11,0,2659.01,0.0004146317614450491,-0.9452029248198504,0.0017164042973478733,0.0009859574876037098,0.4335079513404033,0.4317818116311709,0.46980220101038644,0.006278335767970322
2024-10-04 12:00:00,1.10251,1.10364,1.09584,1.09606,18338,11,0,2638.79,0.00041536461787410143,-0.5294776906187135,0.001754046871610182,0.0006309994440416655,0.509209234197005,0.4326125252130543,0.4634220228896952,-0.007977413618745932
2024-10-04 16:00:00,1.09606,1.09811,1.09507,1.09592,26289,11,0,2645.34,0.00041428323013298856,-1.3178166246296728,-0.0026099285140188666,0.00024223786048276858,0.47471783581821986,0.48020203417202156,0.4594124745468255,-0.004013554216867443
2024-10-04 20:00:00,1.09592,1.09774,1.09571,1.09739,8439,11,0,2653.56,0.000413553867257571,-1.7197521932814857,-0.0017660122560887448,0.00026400519260491963,0.45761561567060005,0.4788568996248453,0.4582626974649668,-0.0013886536833191965
2024-10-07 00:00:00,1.09665,1.09751,1.09584,1.09695,5721,11,0,2649.29,0.00041405433153788375,-1.2559055685725293,0.0012082076683674892,0.0005751177457396235,0.4911374691125683,0.4809711271210933,0.45797889359872446,-0.005555367874208517
2024-10-07 04:00:00,1.09695,1.09772,1.09678,1.09679,8129,11,0,2646.74,0.0004143928001994907,-0.9144295170930197,0.000816663061599443,0.0008525895332186304,0.47607412253915643,0.4810872877514393,0.45886421847606423,-0.0046144993813488355
2024-10-07 08:00:00,1.09679,1.09785,1.09577,1.09694,14785,11,0,2652.25,0.0004135884626260722,-1.3777098034411213,-0.001945043562668447,0.0005763248082615493,0.47621660851759484,0.4790348292653234,0.4599257086936527,0.005100822725567333
2024-10-07 12:00:00,1.09694,1.0983,1.09537,1.09768,16274,11,0,2640.06,0.0004157784292781225,0.32508098840381056,0.005270701551052692,-3.898280531338154e-05,0.4588761040521571,0.47020396510443524,0.4610025135637176,-0.001995962711787591
2024-10-07 16:00:00,1.09766,1.09844,1.0969,1.09834,20171,11,0,2646.78,0.00041497215484475475,-0.22285235278362142,-0.0019441285663845953,-0.0005307435162154603,0.44721820382552474,0.44940847934569034,0.4607018217924219,-0.0025550581106135173
2024-10-07 20:00:00,1.09833,1.09864,1.09652,1.09733,9668,11,0,2642.5,0.00041526206244087035,0.10755342160748847,0.0006974896869234026,-0.0014449716983943618,0.43717873191065737,0.4499293357799824,0.4605994092897297,-0.002562950828335131
2024-10-08 00:00:00,1.09682,1.09834,1.09681,1.09813,4962,11,0,2643.58,0.00041539503249381525,0.3167266051250559,0.0003203384328909209,-0.0021157843167205143,0.4428802172336564,0.4538053087887092,0.4604790208926448,-0.001193921578999002
2024-10-08 04:00:00,1.09813,1.09862,1.09723,1.0985,8981,11,0,2643.08,0.00041561360231245366,0.5179213603576143,0.0005260738858303693,-0.001997399571556556,0.4601180436033845,0.45375083105808106,0.460359494364866,-0.0034574417947026426
2024-10-08 08:00:00,1.0985,1.09965,1.0977999999999999,1.09934,14654,11,0,2637.86,0.00041675449038235536,1.461113572139835,0.002739647705116921,-0.0021707382571937014,0.46208643563452395,0.45375877943357734,0.4601374842208836,-0.000833314394369733
2024-10-08 12:00:00,1.09934,1.09942,1.09709,1.09753,13121,11,0,2645.86,0.00041481030742367316,-0.2762001590263118,-0.004679203815979638,-0.0023905460460811444,0.4603737286813598,0.4554838591978922,0.45997942287518895,-0.00034759216859736597
2024-10-08 16:00:00,1.09753,1.09833,1.09604,1.09751,17031,11,0,2608.94,0.000420672763651138,3.3693809930607097,0.013935652374041818,-0.00319163084585515,0.3342544948854189,0.4418376851414525,0.4585747956980434,-0.012700094607379309
2024-10-08 20:00:00,1.09751,1.098,1.09653,1.09799,7984,11,0,2621.83,0.00041878764069371396,2.0037865574308524,-0.004503350241422011,-0.003611501716495446,0.3232306317878522,0.3953655050715681,0.45527780556357333,-0.008227479402930893
2024-10-09 00:00:00,1.09699,1.09805,1.09695,1.0975,3366,11,0,2621.13,0.0004187125400113691,1.6963263293760436,-0.00017928091468466523,-0.004332305106724442,0.3467572140342152,0.3939734937233294,0.4518363249369524,-0.008304705116757627
2024-10-09 04:00:00,1.0975,1.09768,1.09616,1.09627,8628,11,0,2615.99,0.0004190650575881407,1.6452008082007132,0.0008402573627869225,-0.004763442047119598,0.3491180368013068,0.3965493340585053,0.44911509818226236,-0.008290811491133088
2024-10-09 08:00:00,1.09627,1.09754,1.09504,1.09572,16052,11,0,2616.2,0.00041882119104044035,1.362354794711753,-0.0005819767594603675,-0.005465401903196165,0.34708963896223904,0.39993580450599553,0.4465413608684782,-0.011209965757825513
2024-10-09 12:00:00,1.09572,1.09702,1.09522,1.09564,11245,11,0,2618.85,0.0004183668404070489,1.0384882433971987,-0.0010859308548326618,-0.005974622703364435,0.3511649754757662,0.400077930396149,0.4439313413192158,0.003798477542603429
2024-10-09 16:00:00,1.09564,1.09593,1.09389,1.09409,17012,11,0,2608.71,0.0004193988599729368,1.354600765974722,0.0024572302596906903,-0.0067802106426658754,0.35173405900314697,0.4008082898812467,0.4423826652317196,-0.0050041383308604415
2024-10-09 20:00:00,1.09409,1.09421,1.09356,1.09392,8452,11,0,2607.63,0.0004195073687601385,1.2587810333915874,0.00025861745265087777,-0.007483299914433615,0.19472818859636756,0.40467014423450987,0.4409855461827924,-0.005150450378271998
2024-10-10 00:00:00,1.09376,1.09426,1.09354,1.09401,3739,11,0,2609.3,0.00041927336833633535,1.0469204278519006,-0.0005581553548974494,-0.007957732599566617,0.1976622334405115,0.4057277471771147,0.43726183183304695,-0.002557349225340899
2024-10-10 04:00:00,1.09401,1.09457,1.09379,1.09405,7867,11,0,2613.91,0.00041854922319437167,0.6579406725793144,-0.0017301946307897165,-0.00865417334284559,0.181055969726524,0.40479647480855135,0.4335588105922323,-0.0008753153428636695
2024-10-10 08:00:00,1.09405,1.09425,1.09278,1.09325,11379,11,0,2615.49,0.0004179905103823758,0.3343601591765231,-0.0013356864609908037,-0.00803376728970833,0.18338303219189805,0.4038426479985225,0.4297023866361037,-0.001283005899536116
2024-10-10 12:00:00,1.09325,1.09543,1.0907,1.09434,18047,11,0,2625.1,0.0004168755475981868,-0.26723281788060593,-0.002677236501051672,-0.007692392335281131,0.1896866642616822,0.4064431851615536,0.4259701815066094,0.006282798777939913
2024-10-10 16:00:00,1.09434,1.09493,1.09026,1.09056,29573,11,0,2619.26,0.0004163618732008277,-0.6566362342905796,-0.0012294595847971435,-0.007251686125218519,0.267629213943302,0.41245004844869265,0.42264094246577794,0.004459988571998474
2024-10-10 20:00:00,1.09056,1.09373,1.08994,1.09365,10988,11,0,2630.02,0.00041583333967042075,-0.9521115400935617,-0.0012746238222938189,-0.006392407947502766,0.31561710356601674,0.41667585216769976,0.4199645368189412,0.007940827041735155
2024-10-11 00:00:00,1.09249,1.09375,1.09249,1.09369,3522,11,0,2633.8,0.0004152517275419546,-1.2966328244572987,-0.0014006766551952765,-0.005428810021405611,0.31509721608515806,0.4270262824421903,0.41884542697376614,0.007609290296911597
2024-10-11 04:00:00,1.09369,1.09402,1.09291,1.09351,4114,11,0,2645.57,0.0004133362564589105,-2.110114932207999,-0.004633408765892466,-0.00418028018744024,0.3029498439823478,0.42748857294901194,0.4177233888322177,0.011500713059503287
2024-10-11 08:00:00,1.09351,1.09533,1.09317,1.09491,9402,11,0,2639.23,0.0004148596370911213,-1.2966178578211676,0.0036767399163699643,-0.0027708295196209793,0.30692628045202874,0.42699832897027423,0.41638303984129593,0.005382652089444218
2024-10-11 12:00:00,1.09491,1.09507,1.09256,1.09326,13832,11,0,2643.05,0.0004136357617146856,-1.7393939394964053,-0.0029543650288045287,-0.0014785742905674669,0.31317013535006577,0.41864700060713766,0.4146278483187487,0.009082718019593372
2024-10-11 16:00:00,1.09326,1.0952,1.09274,1.09443,17525,11,0,2660.41,0.00041137644197698856,-2.2660275424964675,-0.005497975617297479,0.00027281024185876,0.3004924745908172,0.41818373941235887,0.4128490963176878,0.01155504520878159
2024-10-11 20:00:00,1.09443,1.09469,1.0932,1.09356,6077,11,0,2656.81,0.0004116064001565788,-1.9253897224848422,0.0005582405371903354,0.0018615936350951541,0.2941565465688776,0.42558678505264563,0.41135424261042547,0.008736426456070978
2024-10-14 00:00:00,1.0932,1.0933,1.09148,1.0921,3968,11,0,2646.74,0.00041262080899521684,-1.4061978908726194,0.002455170680691232,0.003081309903101145,0.4417664255337175,0.42550634100715795,0.4105376754037108,0.0004422487403468178
2024-10-14 04:00:00,1.0921,1.09288,1.09174,1.09232,6619,11,0,2659.2,0.0004107701564380265,-1.7852852854758121,-0.004506231370827285,0.004218483321459625,0.44249769281961204,0.39744998631770684,0.4106418994660177,0.007566600864646
2024-10-14 08:00:00,1.09232,1.09311,1.09217,1.09265,9479,11,0,2659.37,0.0004108679875308814,-1.5433786005330037,0.00023818027080468873,0.005651571750801963,0.4450101010807418,0.38641136880262156,0.4102637932199823,0.006174684550046328
2024-10-14 12:00:00,1.09265,1.09362,1.09067,1.09091,10695,11,0,2651.37,0.0004114514383130231,-1.223278296101234,0.0014157725714979419,0.006318462512519536,0.4432458595437466,0.368324353895093,0.4088525442118117,-0.0033979724929615873
2024-10-14 16:00:00,1.0909,1.0927,1.09001,1.0901,15262,11,0,2648.56,0.00041158214274926756,-1.0700216139494858,0.0003173300654129019,0.006856367345724385,0.4410386755335957,0.3779073960769985,0.4077511237903618,-0.0031052276978782434
2024-10-14 20:00:00,1.09009,1.09088,1.08877,1.09084,7588,11,0,2648.12,0.0004119299729619504,-0.8686863711789341,0.0008449648131453324,0.006881577396636757,0.44593086319909264,0.3786081015938943,0.4066776323502491,0.0005213961326009375
2024-10-15 00:00:00,1.09043,1.091,1.09035,1.09068,3189,11,0,2648.15,0.0004118648868077715,-0.8082648325799944,-0.00015800474789051666,0.007162067019630796,0.4642223939714491,0.3760471719554862,0.40543957645396106,-0.004155385078218887
2024-10-15 04:00:00,1.09068,1.09084,1.0891,1.08924,5902,11,0,2644.4,0.0004119044017546513,-0.7222355715610604,9.580566759181952e-05,0.007196503936792595,0.4682852530557639,0.3808099308922005,0.40424656578684565,-0.005629152769264789
2024-10-15 08:00:00,1.08924,1.09157,1.08843,1.09099,13512,11,0,2653.91,0.00041108779122125467,-0.9539093867988454,-0.00198965412644303,0.00674513847732107,0.4773059029276316,0.37994527935828565,0.40295744239590414,0.0009579953005427466
2024-10-15 12:00:00,1.09099,1.09146,1.08967,1.09095,13490,11,0,2648.3,0.000411943510931541,-0.5433292720372344,0.002077198240819089,0.006390966263326725,0.4668279525065976,0.3884093253732011,0.40213808492413666,-9.816655088035198e-05
2024-10-15 16:00:00,1.09094,1.09163,1.08887,1.08889,18098,11,0,2661.85,0.0004090726374513966,-1.728518030517411,-0.007004752347149257,0.006290828161481713,0.45831418083632025,0.3855675711646941,0.4012243310824452,0.005184810356026137
2024-10-15 20:00:00,1.0889,1.08919,1.08813,1.08908,9161,11,0,2662.65,0.0004090210880138208,-1.6338421324027728,-0.00012605323766501364,0.00590243737192388,0.46050210379893947,0.36440851556063353,0.3991225976023992,0.0054755206464891515
2024-10-16 00:00:00,1.08899,1.08926,1.08815,1.08849,2885,11,0,2660.14,0.00040918523085251154,-1.4634618728587538,0.0004009282430258443,0.005435864043514239,0.3971247397360428,0.36270109752577745,0.3966351500562535,0.00595220087732562
2024-10-16 04:00:00,1.0884800000000001,1.08952,1.08838,1.08889,5957,11,0,2666.69,0.00040833017711095024,-1.7780212048129567,-0.0020947948645224646,0.005372538012865359,0.33628518314820177,0.33323628862921983,0.39246317187932944,0.00481553632187981
2024-10-16 08:00:00,1.08889,1.08898,1.08746,1.08827,13918,11,0,2679.49,0.0004061481849157863,-2.49676898223997,-0.005369345174462081,0.005740412544684934,0.3216331900786138,0.32071242065859323,0.3871474787901496,0.011777366612543805
2024-10-16 12:00:00,1.08827,1.09009,1.0882,1.08884,12613,11,0,2681.74,0.0004060199721076615,-2.1305465646987445,-0.0003159449548923998,0.006214501461445923,0.3395790171059338,0.31376307410054727,0.3814612038477264,0.007472246745684252
2024-10-16 16:00:00,1.08884,1.08971,1.08655,1.08676,16898,11,0,2674.13,0.0004063975947317445,-1.7831890860844941,0.0009274199953520634,0.006367074550229548,0.33787247961337064,0.3147785822444597,0.37585021651143563,0.0043114941881208235
2024-10-16 20:00:00,1.08676,1.0868,1.08527,1.08617,8428,11,0,2673.59,0.0004062590000710655,-1.6518784616087256,-0.0003409633211056695,0.006633748781625164,0.32630085608013004,0.32154674918998716,0.3709952039405781,0.005056124865608691
2024-10-17 00:00:00,1.0857,1.08705,1.08558,1.08627,4604,11,0,2677.91,0.0004056409662759391,-1.6722066509655034,-0.0015237383469501875,0.0066706517977854094,0.3486758845825699,0.3146481126033678,0.36581842260012853,0.004207463184697113
2024-10-17 04:00:00,1.08627,1.08647,1.08506,1.08527,7171,11,0,2679.07,0.0004050920655302026,-1.6543884388844345,-0.0013537550709127322,0.007006296445013558,0.35395494606893274,0.33821606571088664,0.3614498866330406,-0.0001567462464870939
2024-10-17 08:00:00,1.08527,1.0858,1.08485,1.08513,10673,11,0,2681.86,0.0004046184364582789,-1.6281704185869663,-0.001170406316243322,0.0069208713127422005,0.37116932471698755,0.3370751929655269,0.35702832923095906,4.47470672026995e-05
2024-10-17 12:00:00,1.08513,1.08735,1.0833,1.08421,16060,11,0,2680.66,0.0004044563652234897,-1.4899640669208523,-0.0004003740346778528,0.006896854523022688,0.4012758030299503,0.32000795230684664,0.3531562275304161,0.0024419156884667448
2024-10-17 16:00:00,1.08421,1.08443,1.08105,1.08242,26236,11,0,2692.18,0.000402060783454301,-1.9707964785966,-0.005948420810889643,0.0071813184203279624,0.38636460409812146,0.31814062212835226,0.34974269019670257,0.006953197760314778
2024-10-17 20:00:00,1.08242,1.08315,1.0820400000000001,1.083,8000,11,0,2692.9,0.0004021686657506777,-1.691224869429941,0.00026839511087461965,0.007372903696032235,0.4066718828832715,0.29949520058207924,0.3463012325310519,0.005597648912771591
2024-10-18 00:00:00,1.08253,1.08327,1.08239,1.08285,3747,11,0,2693.0,0.0004020980319346454,-1.5229966121328136,-0.00017563884263616103,0.007133806901548667,0.4114863107001741,0.30059751034653,0.3424357382445285,0.005199565520870975
2024-10-18 04:00:00,1.08285,1.08401,1.08269,1.08398,5985,11,0,2710.18,0.00039996605391523813,-1.8735151887621404,-0.005335959910086618,0.007386997493987599,0.3711955085236176,0.299290800854942,0.3384698732075809,0.010559835338160628
2024-10-18 08:00:00,1.08398,1.08481,1.0834,1.08374,12081,11,0,2706.26,0.00040045671886662767,-1.5607491806331155,0.0012249920951932225,0.007747615678583474,0.3629880063649913,0.30782649430599063,0.3350588393251061,0.009549886968134746
2024-10-18 12:00:00,1.08374,1.08596,1.08335,1.08587,12202,11,0,2709.57,0.0004007536251139479,-1.3558178052962742,0.0007423258904823982,0.008258226488564677,0.4120364452259772,0.3001984865611324,0.33102826710855265,0.00645944921959174
2024-10-18 16:00:00,1.08587,1.08678,1.08507,1.08661,13958,11,0,2717.61,0.0003998403008525874,-1.4697407660075306,-0.002285779279210143,0.009024477957788,0.39071169936855293,0.3014994781436071,0.32710597704781874,0.009175981284117452
2024-10-18 20:00:00,1.08661,1.0869,1.08587,1.08667,8443,11,0,2721.3,0.0003993201778561717,-1.5205252024514366,-0.0013025931200210117,0.009792486436024116,0.41188112876300437,0.3048499845072211,0.32292801000451976,0.010508726327515872
2024-10-21 00:00:00,1.08587,1.08708,1.08586,1.08644,4703,11,0,2721.68,0.00039917991828576475,-1.4152063977965381,-0.0003512949355234385,0.0103377288625585,0.4030724115919784,0.30514564883515705,0.3189069138880429,0.004243260595237164
2024-10-21 04:00:00,1.08644,1.08678,1.08578,1.08583,6602,11,0,2730.39,0.00039768311486637446,-1.6773097426059485,-0.003761696079184418,0.011298999229008613,0.3972985281453886,0.3050817903910506,0.31594057762956373,0.0089163642813328
2024-10-21 08:00:00,1.08583,1.08628,1.08457,1.08547,10267,11,0,2731.33,0.00039741444644184336,-1.6095112411113581,-0.0006758167742415555,0.011854343976226336,0.4044843655474883,0.29648707372511723,0.3126298764395307,0.00803079455411737
2024-10-21 12:00:00,1.08547,1.08586,1.08442,1.0857,10619,11,0,2738.63,0.0003964390954601389,-1.7242385810853402,-0.002460800813495867,0.012461469214173758,0.4014988143221788,0.3165398387020328,0.3117950539431714,0.007734737508325429
2024-10-21 16:00:00,1.0857,1.08576,1.08165,1.08182,14528,11,0,2723.53,0.0003972124412068161,-1.3411718974922135,0.0019399745246826416,0.012656054579002653,0.4623228627571533,0.3163118904582807,0.3115750274331558,0.0008194612868850371
2024-10-21 20:00:00,1.08182,1.08226,1.08106,1.0814,8787,11,0,2719.67,0.000397621770288307,-1.107727465321703,0.0010290436699804673,0.012110888111550946,0.4472711661643679,0.3433778888805509,0.3130557681721559,-0.0007385144469591598
2024-10-22 00:00:00,1.08125,1.08184,1.08108,1.08156,3251,11,0,2724.76,0.00039693771194527225,-1.211070712369549,-0.0017235942396589543,0.01183800569048445,0.4475750801843146,0.34318166908963665,0.3144759225144148,-0.002061976494200368
2024-10-22 04:00:00,1.08156,1.08208,1.0814300000000001,1.082,6298,11,0,2734.73,0.00039565149027509115,-1.4893326899594246,-0.0032522180813769896,0.011641105453563323,0.4400864187846299,0.33734308505891614,0.31526573930786117,0.001244814797186855
2024-10-22 08:00:00,1.082,1.08376,1.08174,1.08263,10739,11,0,2734.95,0.0003958500155395894,-1.3214447133521903,0.0005018083846020094,0.011270870466417376,0.4434910229234986,0.33430373644851374,0.31624852050011854,-0.0013437375622118441
2024-10-22 12:00:00,1.08263,1.08302,1.08106,1.08113,11978,11,0,2736.23,0.0003951166385866685,-1.4561851865955966,-0.0018535307721851968,0.010726168335499803,0.4520426285569902,0.2865259519846745,0.3136640148138079,0.0046630659475019876
2024-10-22 16:00:00,1.08113,1.08181,1.08004,1.08069,16892,11,0,2745.28,0.0003936538349457978,-1.8008708179569881,-0.003714452081812092,0.010559404681333158,0.4435793825588022,0.27816887758384845,0.31071869904472404,0.009416583629631603
2024-10-22 20:00:00,1.08072,1.08083,1.07919,1.07981,6565,11,0,2748.8,0.0003928295983701979,-1.9240139246482402,-0.0020964952937559955,0.010167356708962605,0.4482090858091779,0.27580795994366647,0.308508699426565,0.008822795402163797
2024-10-23 00:00:00,1.07968,1.08001,1.07913,1.07948,3270,11,0,2745.24,0.00039321880782736666,-1.596635833088942,0.0009895012735556818,0.009623079444482069,0.4354679597059586,0.2723290383506095,0.30621812023767786,0.0038431581911193557
2024-10-23 04:00:00,1.07948,1.08049,1.0793,1.08015,7169,11,0,2749.96,0.00039278753145500296,-1.5873260865442083,-0.0010986704459048369,0.00900750190857191,0.436769775409787,0.3016532387929895,0.30632602214822335,0.00548821733486915
2024-10-23 08:00:00,1.08015,1.08059,1.07788,1.07878,11883,11,0,2756.85,0.0003913089214139326,-1.893562448421405,-0.0037738333488169795,0.009276470427152262,0.4471439352001307,0.294332145123278,0.3060127538870608,0.007535916205874571
2024-10-23 12:00:00,1.07878,1.0789,1.07606,1.07739,13668,11,0,2743.27,0.0003927393220499623,-1.2521292515488955,0.0036374192632429025,0.009383215175509095,0.43478168106995235,0.29537549456603907,0.30581698857261563,-0.0007321657535843684
2024-10-23 16:00:00,1.07739,1.07857,1.0769,1.07724,16223,11,0,2719.44,0.0003961256729326626,0.015519940238654268,0.008547487951856336,0.008626598478332779,0.3381717823821346,0.3003620799302963,0.30544376785383087,-0.01068102444703145
2024-10-23 20:00:00,1.07724,1.07861,1.07666,1.07817,11098,11,0,2715.36,0.0003970633728124448,0.47504702534111487,0.0023636262537275465,0.007397901023012237,0.3073414886185419,0.28323177732756405,0.30459543239215253,-0.010884294269353334
2024-10-24 00:00:00,1.07791,1.07894,1.07789,1.07884,4388,11,0,2721.07,0.000396476386127516,0.32756713087231654,-0.0014814285861777243,0.006355101624781115,0.3096105344848513,0.2744233545478781,0.30324162621236606,-0.010505607354288737
2024-10-24 04:00:00,1.07884,1.07932,1.07804,1.07924,7396,11,0,2726.54,0.00039582767903643447,0.12820234749560608,-0.0016394700160520248,0.005414258747939896,0.31085902532607257,0.30789908931346344,0.30339408145267815,-0.010994432051072756
2024-10-24 08:00:00,1.07924,1.08078,1.07699,1.08028,16285,11,0,2736.77,0.0003947280918747282,-0.31285217609571253,-0.0027883669587327464,0.004426382394118079,0.3138218441282033,0.3300275581486611,0.3046381769183534,-0.0023694350173333323
2024-10-24 12:00:00,1.08027,1.08047,1.07881,1.07961,15254,11,0,2739.0,0.0003941621029572837,-0.5321643748424645,-0.001435038735217442,0.0033504315138637433,0.320550405499602,0.36414911240018266,0.30759154301881,0.007192657311799522
2024-10-24 16:00:00,1.07961,1.08109,1.07947,1.08101,18899,11,0,2733.61,0.000395451436013184,0.2177348775403157,0.0032646360583357126,0.0024160460654562036,0.3346845430885977,0.37258866659609197,0.3113966226623587,0.006721024099935136
2024-10-24 20:00:00,1.08101,1.08295,1.08099,1.08274,9315,11,0,2735.81,0.00039576578782883317,0.41623040709653625,0.0007955586356935829,0.001372161656619473,0.3610468456498002,0.35995595723482643,0.31356742858899833,0.005416986700084836
2024-10-25 00:00:00,1.08256,1.08283,1.08197,1.08215,4261,11,0,2732.45,0.0003960365239986093,0.6219250998930992,0.0006832416342842373,-3.7846292047210395e-06,0.2873803133757393,0.35822402545415094,0.3156630353387919,0.002167582357126552
2024-10-25 04:00:00,1.08215,1.08273,1.08194,1.08212,6454,11,0,2725.87,0.00039698151415878236,1.2236435449066856,0.0023803727098007377,-0.0008324589666084619,0.2823907837133062,0.3636121883760159,0.3166747503135651,-0.003982797239081126
2024-10-25 08:00:00,1.08212,1.08368,1.08131,1.08235,12075,11,0,2719.41,0.00039800912697974926,1.7211393326097033,0.002582431321356049,-0.0009939087695729465,0.2808272228198904,0.3585118176618621,0.31744125774217646,-0.007152245345016461
2024-10-25 12:00:00,1.08235,1.0839,1.0820400000000001,1.0838,10275,11,0,2731.42,0.0003967899480856112,0.9713714201016399,-0.0030767215919311752,-0.0006723932955395598,0.2904904346575924,0.35386217281385846,0.3182672121299236,-0.0008011384213549855
2024-10-25 16:00:00,1.0838,1.08383,1.08018,1.08045,15593,11,0,2739.18,0.00039444286246248874,-0.2977688053473756,-0.005931989294283513,-0.0002726190567672982,0.3579716905914129,0.3663755610172517,0.31987080335836043,0.0012318106886077818
2024-10-25 20:00:00,1.08045,1.08061,1.07924,1.07955,10214,11,0,2746.31,0.0003930910931395218,-0.9703401959188503,-0.003435955027402904,0.00014571830834065865,0.3444563113245702,0.3338031610120609,0.32223466380972976,0.005072370949148253
2024-10-28 00:00:00,1.07926,1.08013,1.07859,1.07938,6609,11,0,2732.42,0.00039502711881775126,0.046256135144096766,0.004900222577655433,-0.00014435806261739527,0.33199279278020144,0.3278721177006322,0.3247198258155689,0.00240290255954978
2024-10-28 04:00:00,1.07937,1.07957,1.07814,1.0787,8019,11,0,2732.86,0.0003947146944958761,-0.1846593283049402,-0.0007910207084436127,-0.0003990453635209441,0.33196589683020233,0.33237077660128345,0.32754796664844976,0.004945925770663662
2024-10-28 08:00:00,1.0787,1.08208,1.07814,1.08184,10682,11,0,2731.98,0.00039599118587983805,0.4780575942370734,0.003232918263795459,-0.00046658554962493697,0.3867943081699456,0.33177142264297615,0.3305200858630681,0.0002050215638751407
2024-10-28 12:00:00,1.08184,1.08259,1.08078,1.08148,11938,11,0,2734.3,0.0003955235343597996,0.13083157185696037,-0.0011819673438228095,-0.0004690486992525656,0.38860055621145145,0.3211279468292075,0.33149382126487903,-0.0017815550639240785
2024-10-28 16:00:00,1.08148,1.08273,1.0813,1.08152,14671,11,0,2742.77,0.0003943166944366462,-0.8596715223402179,-0.0030606986130370384,-0.00032607512453944315,0.37370869355392256,0.32191640169838603,0.33287303409363445,-0.001289002334040945
2024-10-28 20:00:00,1.08152,1.08186,1.08094,1.08115,7967,11,0,2742.22,0.0003942608543442904,-1.058706271373051,-0.0001415838986423834,-3.0465936281591583e-06,0.3833561929373411,0.32250575739702325,0.3342295472351836,0.003586564290994687
2024-10-29 00:00:00,1.08107,1.0819,1.0807,1.08155,3576,11,0,2745.69,0.0003939082707807509,-1.2143183056815696,-0.0008954216940988413,0.0007024871774160334,0.5009646280032576,0.32622158439478194,0.3355225224584079,0.004694715426329932
2024-10-29 04:00:00,1.08155,1.08178,1.08054,1.08084,6827,11,0,2754.64,0.0003923706909069788,-2.069669832069375,-0.00391611947990167,0.0013082873628040036,0.4966689537736261,0.3279718193640816,0.3377595245602337,0.008294350617500834
2024-10-29 08:00:00,1.08084,1.08198,1.08048,1.08183,11117,11,0,2754.65,0.0003927286588132794,-1.5881830283824043,0.0009123240193653626,0.0016332316115316443,0.5036176837096625,0.2383423870236733,0.33595547618402355,0.007442489851150258
2024-10-29 12:00:00,1.08183,1.0826,1.07714,1.07767,15269,11,0,2749.17,0.00039199831221786935,-1.7961677123144462,-0.0018559727033853335,0.0015798892372969069,0.6117382040551096,0.2363435069426927,0.33237769706548503,0.0023334074676331085
2024-10-29 16:00:00,1.07768,1.08114,1.07681,1.07987,26546,11,0,2769.42,0.00038992641058416565,-2.4311995675583566,-0.00532441825643426,0.0026366757679976605,0.5533449824962257,0.23943223372575273,0.3278479308443396,0.009918970760916412
2024-10-29 20:00:00,1.07987,1.08178,1.07977,1.08175,11399,11,0,2774.4,0.0003899041234140715,-2.045986326468655,-5.726015604601287e-05,0.003840739976403541,0.5652451355444095,0.2713429834129777,0.32320762439497935,0.010456388011756523
2024-10-30 00:00:00,1.08124,1.08259,1.08122,1.08215,3172,11,0,2778.1,0.0003895288146574997,-1.880344301878361,-0.00096385047990033,0.005122426653841751,0.5700877329059032,0.2747653389179391,0.31831645801107167,0.008516539366305587
2024-10-30 04:00:00,1.08215,1.08251,1.08125,1.08163,5663,11,0,2780.12,0.0003890587456656548,-1.7822537876897562,-0.0012076405356078457,0.0064251852086021554,0.5559758906325005,0.2748352931335736,0.3140604248060091,0.009246183725700075
2024-10-30 08:00:00,1.08163,1.08443,1.08133,1.08341,10641,11,0,2781.91,0.0003894482567732242,-1.4489779480224994,0.001001807314200187,0.00754587082363757,0.5790427134023123,0.29061443787140945,0.31067994542687194,0.011909048912944531
2024-10-30 12:00:00,1.08343,1.08587,1.08074,1.08136,18719,11,0,2782.44,0.0003886373111369877,-1.5584722487467988,-0.00208269037214881,0.008532325557746702,0.624888691997539,0.2848944770524248,0.3067440598606924,0.004701345408063773
2024-10-30 16:00:00,1.08136,1.0866500000000001,1.08109,1.08608,23732,11,0,2785.37,0.00038992306228615944,-1.0209495322956597,0.0033118412724424395,0.009170229022645984,0.7649124773424832,0.28002399359232266,0.30281966865721544,0.0039540080738176275
2024-10-30 20:00:00,1.08608,1.0871,1.0853,1.08561,11073,11,0,2787.17,0.00038950261376234673,-1.0897650017758134,-0.001078982682781393,0.009474927368553043,0.795276872857645,0.26881268448175794,0.2985671942406104,0.003264821280731578
2024-10-31 00:00:00,1.0855299999999999,1.08598,1.08507,1.08527,3434,11,0,2787.6,0.0003893205624910317,-1.050661365566311,-0.000467466331295574,0.00985898082255519,0.743204727938237,0.26971864113339733,0.29373434824641775,0.0026905313439706813
2024-10-31 04:00:00,1.08527,1.08579,1.08435,1.08476,6800,11,0,2784.49,0.00038957223764495474,-0.8667580705032663,0.0006457259017085271,0.010433496767348914,0.7379858760329823,0.2773041598657637,0.29090939818910283,0.000927420369458476
2024-10-31 08:00:00,1.08476,1.0863,1.0846,1.08557,10971,11,0,2779.08,0.00039062207637059743,-0.3849625229982181,0.0026896141134068463,0.010266800268138886,0.8535653864254877,0.2913263601298964,0.2890821103105661,-0.0012075732091259006
2024-10-31 12:00:00,1.08557,1.08863,1.08538,1.08793,16895,11,0,2773.62,0.00039224190768742656,0.34359613918173443,0.004138652078616523,0.009815304528286748,0.8334109971676986,0.3273546164427261,0.2888313023026382,-0.0042184700775839135
2024-10-31 16:00:00,1.08793,1.08877,1.08456,1.08576,27068,11,0,2740.66,0.0003961673465515606,2.0044061930825983,0.009888773429703734,0.008370280851142187,0.49560859524957995,0.3009925824633121,0.287292360293655,-0.016687177316059065
2024-10-31 20:00:00,1.08576,1.08845,1.08549,1.08833,12715,11,0,2743.73,0.00039666075014669814,2.0882202389324394,0.001246837465081363,0.00695301248617135,0.5124034265832644,0.3315548575545799,0.2878137058299236,-0.015737552016071188
2024-11-01 00:00:00,1.08825,1.08869,1.08801,1.08862,3052,11,0,2744.95,0.0003965901018233483,1.875403786530554,-0.00017818686903714465,0.005459628827972279,0.5218106655967223,0.32539078527061,0.2879874250085348,-0.014200086909990639
2024-11-01 04:00:00,1.08862,1.08882,1.08746,1.08766,6979,11,0,2752.23,0.0003951922622745919,1.3027940665698847,-0.003533993442407679,0.004043296976831815,0.5188697158488222,0.32500171224754787,0.288112222751061,-0.009661470702534647
2024-11-01 08:00:00,1.08766,1.08776,1.08568,1.08618,9151,11,0,2753.36,0.00039449254728767756,1.022794985401508,-0.0017712954934175906,0.002470621708063758,0.5307169130536237,0.3189479604369867,0.28774854155317126,-0.007304533425631421
2024-11-01 12:00:00,1.08618,1.09053,1.08519,1.08856,16314,11,0,2753.85,0.00039528659876173356,1.2096529249817058,0.0020132009904705317,0.000991074169975355,0.5537316948221136,0.3075147875220272,0.28672568996106856,0.004812709347383537
2024-11-01 16:00:00,1.08857,1.08891,1.08457,1.0852,24718,11,0,2743.11,0.00039560936309517296,1.221919077258872,0.0008133479741133653,-0.0006691426636806141,0.5772005078759275,0.3008052370217661,0.2898488324609732,-0.0002259697564993557
2024-11-01 20:00:00,1.0852,1.08524,1.08313,1.08339,11775,11,0,2736.33,0.0003959281227044984,1.2107538506760687,0.0008037518261937437,-0.002294549152752195,0.5261167672951836,0.3235484989570363,0.2942090820616904,-0.0031403122096941294
2024-11-04 00:00:00,1.08733,1.08908,1.08693,1.08878,8061,11,0,2739.92,0.0003973765657391457,1.4823804510851784,0.0036631481179361103,-0.003804488489265305,0.6812129598086116,0.3312949570759111,0.29880221822919834,-0.004472736653549969
2024-11-04 04:00:00,1.08878,1.09044,1.08843,1.08984,10270,11,0,2741.55,0.00039752694643541055,1.362188207528514,0.00037865886390742176,-0.005071474370243069,0.6831892658993782,0.3212951025996302,0.3012998241885309,-0.004289304704070629
2024-11-04 08:00:00,1.08984,1.09017,1.08867,1.08957,13104,11,0,2743.32,0.0003971720397182975,1.1345719561531376,-0.0008933629662983833,-0.005111369063388105,0.6889211659948171,0.31576514614750334,0.30334981455000914,-0.003823737676343919
2024-11-04 12:00:00,1.08957,1.09144,1.08927,1.09045,12692,11,0,2746.77,0.0003969935597083119,0.9828281592573246,-0.0004499422130088693,-0.0051510617368887915,0.683404213037631,0.30379158342732043,0.30479762906469643,0.0013342519986438983
2024-11-04 16:00:00,1.09045,1.09091,1.08792,1.0888,19359,11,0,2738.31,0.00039761750860932475,1.0632910524069825,0.001566844435904824,-0.005338080870964829,0.682728399244596,0.28760072358448885,0.3046469433503505,0.0007235969345802395
2024-11-04 20:00:00,1.0888,1.08888,1.08734,1.08765,9322,11,0,2736.42,0.00039747187931677157,0.9381418184814613,-0.00036600193674540815,-0.005841339666726043,0.6727504559406292,0.29663172037254043,0.30523380551635626,-0.001277409559403142
2024-11-05 00:00:00,1.08731,1.08788,1.08718,1.08772,3943,11,0,2734.2,0.0003978202033501573,0.9608168937542791,0.000875637909330651,-0.0063977806690250555,0.6033747908847613,0.30250393852365554,0.3063578027629229,-0.002680965147453196
2024-11-05 04:00:00,1.08772,1.08796,1.08738,1.08779,4507,11,0,2732.59,0.0003980802096179815,0.9752621213470866,0.0006531924828021562,-0.006903782578704609,0.6062469132605145,0.3138680671354264,0.3086105718956063,-0.0039113191315631735
2024-11-05 08:00:00,1.08779,1.0897000000000001,1.08767,1.08915,9029,11,0,2739.92,0.0003975116061782826,0.7152191960821469,-0.001432195494074806,-0.0068426432580226074,0.5914608755427715,0.31935159356957254,0.31109221951741506,-0.002493838217251465
2024-11-05 12:00:00,1.08915,1.0901399999999999,1.08889,1.08924,9225,11,0,2744.68,0.0003968550067767463,0.3643776623054523,-0.0016546437546789416,-0.006485947838271214,0.5799339458368488,0.31565858299590205,0.313009940673922,0.002326252323513467
2024-11-05 16:00:00,1.08923,1.09298,1.08854,1.09296,17854,11,0,2741.97,0.00039860392345649295,1.3903551640067953,0.004402589941945756,-0.006081823487823866,0.6237136869373043,0.3134971076315662,0.3141184780490055,0.0020281974258336
2024-11-05 20:00:00,1.09296,1.09361,1.09233,1.09289,9416,11,0,2743.68,0.0003983299801726149,1.312333160355046,-0.0006876854680050171,-0.005635198124624478,0.6097483713377748,0.2833133136653813,0.3119164129101382,0.003467193328944518
2024-11-06 00:00:00,1.09239,1.09368,1.08211,1.0836,24837,11,0,2747.14,0.0003944465880879751,-1.8902594544890234,-0.00976147803657934,-0.005124001563882226,1.557646822323818,0.2846792381954993,0.31110074569674756,0.005324618768274725
2024-11-06 04:00:00,1.0836,1.08389,1.07178,1.07595,38673,11,0,2738.93,0.00039283588846739424,-2.473219916643504,-0.004071238013840572,-0.004912632431509652,1.6479122778300006,0.22734580200957455,0.3058902929194973,-0.00036132441823122363
2024-11-06 08:00:00,1.07597,1.0781,1.0702,1.07547,35198,11,0,2724.63,0.00039472148511908033,-1.1265772697523833,0.004774899581842629,-0.00471929327632175,1.4038907442677835,0.2472780312420706,0.30198465521807033,-0.00730504102481877
2024-11-06 12:00:00,1.07547,1.07612,1.06818,1.07097,30779,11,0,2664.23,0.00040198106019375204,2.6240680403223995,0.01798393046871838,-0.005919406055119263,0.6013524115409773,0.24456858038170848,0.2979629986247784,-0.02835187839400133
2024-11-06 16:00:00,1.07096,1.0745,1.0698,1.0727,32875,11,0,2663.27,0.00040277553533813696,2.415398401687483,0.001975687290760808,-0.007030109094938821,0.6105195307000061,0.3242563216830019,0.29822841668707917,-0.029307353627245125
2024-11-06 20:00:00,1.07269,1.07579,1.07257,1.07284,17453,11,0,2658.9,0.0004034901651058708,2.2188275368761183,0.001771351812648092,-0.008170401531200529,0.6005949575720947,0.32154579640005754,0.2989299671309807,-0.032120678232634536
2024-11-07 00:00:00,1.07215,1.07368,1.07121,1.07175,7901,11,0,2649.48,0.00040451333846641604,2.142289608990966,0.00252682352941469,-0.009807848619350986,0.5921707574119386,0.3186987860170353,0.2998246445807441,-0.03265873899661542
2024-11-07 04:00:00,1.07175,1.07475,1.0717,1.0746,9611,11,0,2659.11,0.0004041201755474576,1.7360176223531552,-0.0009754732441629166,-0.011426207857068452,0.5913919701128814,0.31484029225491056,0.2993892342456378,-0.02404730183547854
2024-11-07 08:00:00,1.07461,1.0771,1.07403,1.07459,20185,11,0,2661.65,0.0004037307685082561,1.4331171184037856,-0.0009645126055189968,-0.012952897520812134,0.5436967931738131,0.32589290136487004,0.2991191314600858,-0.0009683848616672819
2024-11-07 12:00:00,1.07459,1.07944,1.07459,1.07916,20973,11,0,2684.62,0.00040197867854668444,0.8420971134485277,-0.004377200376547874,-0.014046275368096172,0.5336388436464918,0.3443365246360057,0.3002712025619046,0.008016460967156913
2024-11-07 16:00:00,1.07916,1.08244,1.07805,1.08043,24857,11,0,2699.34,0.0004002570998836752,0.303974277967497,-0.004306243882470806,-0.015303410305307482,0.5219276096159671,0.3797114571856809,0.3034685181138134,0.015209297077738881
2024-11-07 20:00:00,1.08043,1.0809,1.07663,1.08024,25299,11,0,2706.2,0.00039917227108122094,-0.04197670277045894,-0.002717217871774813,-0.01605360438867375,0.517201034657003,0.3840533935987458,0.3074816086223847,0.02140797439497555
2024-11-08 00:00:00,1.08041,1.08047,1.07786,1.07864,7511,11,0,2699.89,0.00039951257273444476,0.03010866582259462,0.0008505304659357504,-0.01641991380197985,0.518245260668912,0.3822999459872727,0.3122165697425239,0.015335958271752492
2024-11-08 04:00:00,1.07864,1.07893,1.0776,1.07812,9145,11,0,2695.23,0.0004000103887237824,0.1406286655282189,0.0012439076883319355,-0.01459141391466917,0.5173344603656954,0.39179972480048075,0.31697496996392094,0.01261623429075942
2024-11-08 08:00:00,1.07812,1.07887,1.0760399999999999,1.07785,20763,11,0,2689.31,0.0004007905373497291,0.32980248003388524,0.0019460370842251384,-0.012857582169090833,0.5162551657832449,0.3918644622316488,0.32144299614932054,0.0017469884005929526
2024-11-08 12:00:00,1.07785,1.0796999999999999,1.0744,1.07524,19089,11,0,2697.56,0.0003985972508489153,-0.3338289333249265,-0.005489188600580008,-0.010750192930761383,0.5155465086821038,0.38707387047061254,0.3251032863160799,-0.0006594204509251522
2024-11-08 16:00:00,1.07524,1.07652,1.06862,1.07087,24293,11,0,2687.94,0.0003983980297179252,-0.4098436780693002,-0.0004980231825764125,-0.008660912148178893,0.527412634059499,0.3729273611754554,0.32778207469637405,-0.006747468775404553
2024-11-08 20:00:00,1.07087,1.07209,1.06994,1.07176,10490,11,0,2684.5,0.0003992400819519464,-0.19570178515462985,0.0021108904182857158,-0.007091926392756423,0.5329295282852601,0.3832287547830964,0.3311605832857337,-0.0057002322316834775
2024-11-11 00:00:00,1.07045,1.07274,1.07045,1.07198,6965,11,0,2672.95,0.0004010475317533063,0.3239513958683578,0.004507747020363606,-0.005855964713771409,0.5050743951341988,0.381531314014011,0.334562293604856,-0.00826645592398434
2024-11-11 04:00:00,1.07198,1.07267,1.07074,1.0717,6943,11,0,2669.22,0.00040150306081926563,0.416602234579842,0.0011342630398327724,-0.005539211168224592,0.5059780358291653,0.3771447428312962,0.3392538650631517,-0.007470317665126069
2024-11-11 08:00:00,1.0717,1.07218,1.06675,1.06811,17564,11,0,2666.85,0.0004005137146821156,0.018442566843846014,-0.002461918210188041,-0.005803440549515173,0.4266404919868989,0.3770221374604866,0.3438710100264011,-0.011384362164326256
2024-11-11 12:00:00,1.0681,1.0688,1.0636,1.06476,15468,11,0,2635.54,0.00040400069814914587,1.2259506438422219,0.008604061760209225,-0.007055727762953083,0.33764482484827807,0.3883594789230818,0.35192169387207645,-0.019494482763752208
2024-11-11 16:00:00,1.06475,1.06571,1.06281,1.06485,14892,11,0,2612.55,0.0004075902853533904,2.4896057024104072,0.008807596125370076,-0.008752203358382053,0.3310028660634624,0.41116483446413987,0.36011603403317993,-0.026802011547774174
2024-11-11 20:00:00,1.06485,1.06573,1.06453,1.06552,6016,11,0,2619.26,0.0004068019211533028,1.8524272703107805,-0.0019391752967283793,-0.010136841789703031,0.4333511279620205,0.39897018571924553,0.36783611430005675,-0.020086421369647667
2024-11-12 00:00:00,1.06513,1.06626,1.0647199999999999,1.06477,6424,11,0,2624.07,0.0004057704253316413,1.3383136092481298,-0.002540278212278868,-0.011212400240599772,0.41964662217867027,0.39664364218881876,0.3714554803253476,-0.016915053835951932
2024-11-12 04:00:00,1.06477,1.06516,1.06374,1.06394,8195,11,0,2606.83,0.0004081355516086588,1.898203817484482,0.005790435617755607,-0.013049163586035152,0.4038699683360683,0.3945333840061041,0.37510485970564994,-0.022505952715750732
2024-11-12 08:00:00,1.06394,1.06395,1.0616,1.0625499999999999,16576,11,0,2593.31,0.00040972733687835234,2.0660881055117173,0.0038799111394899333,-0.01478165322510379,0.40013880688634157,0.39250271908273754,0.37879505635893507,-0.01602328175630041
2024-11-12 12:00:00,1.06254,1.06292,1.06058,1.06223,16770,11,0,2611.59,0.00040673689208489845,1.1324196523017396,-0.007350068907944318,-0.015873880669120603,0.35531240290636273,0.3936899915385762,0.3827375413231183,-0.0003674570821611267
2024-11-12 16:00:00,1.06223,1.06254,1.05943,1.06065,22421,11,0,2597.43,0.00040834594195031246,1.4314931327139317,0.003934547500938912,-0.016926952417910444,0.3511426904978992,0.38601075398108525,0.38574343395392907,-0.00833441506379684
2024-11-12 20:00:00,1.06065,1.06264,1.06058,1.06231,9027,11,0,2597.94,0.00040890474760772,1.4059367504336826,0.0013687300896669807,-0.01780992791869124,0.3248598096279325,0.3901141391868431,0.3880323146814709,-0.009957813625398715
2024-11-13 00:00:00,1.062,1.06288,1.06103,1.06273,7219,11,0,2608.08,0.00040747599766878317,0.9511050430486068,-0.0035077276319928075,-0.018307877836175365,0.32343241462645295,0.39311073831140364,0.3887022787377571,0.00047950959594600384
2024-11-13 04:00:00,1.06273,1.06289,1.06091,1.06128,6553,11,0,2605.73,0.0004072870174576798,0.8171706401412083,-0.0004633645474187986,-0.017788947032796276,0.33026779431194436,0.394147999730708,0.38920700904435523,0.004789246175736839
2024-11-13 08:00:00,1.06128,1.06295,1.05926,1.06263,13344,11,0,2608.61,0.00040735487481838984,0.7513992967038744,0.00016679235425320904,-0.016504719720652837,0.3419701049811628,0.39367793298287235,0.3897759083941352,-0.0011410673191427634
2024-11-13 12:00:00,1.06263,1.06539,1.06094,1.06358,20317,11,0,2612.39,0.0004071291040005512,0.6184920037567629,-0.0005550393145437038,-0.016122552587559028,0.3471930939593771,0.3826245389283399,0.38931714910052817,0.005759539236861011
2024-11-13 16:00:00,1.06358,1.06376,1.0555,1.05683,34078,11,0,2583.38,0.0004090880938924974,1.0239904406628155,0.004758283633629734,-0.016670012617214208,0.40164692810532204,0.38400564426626027,0.3889242082022587,-0.005604440441272729
2024-11-13 20:00:00,1.05683,1.05756,1.0556,1.05638,10396,11,0,2572.66,0.0004106178041404617,1.3186690478799783,0.0037238007688349395,-0.016893274538595134,0.4066377084758811,0.429973674467633,0.39106919840210974,-0.013580871752400303
2024-11-14 00:00:00,1.0562,1.05683,1.05504,1.05553,6728,11,0,2562.61,0.00041189646493223705,1.566146248954948,0.00310182787596458,-0.016977811043926618,0.3765543847365528,0.42844051285949225,0.3938448559863116,-0.016548145817103066
2024-11-14 04:00:00,1.05553,1.05575,1.05335,1.05465,8720,11,0,2558.65,0.0004121900220819573,1.5614290788239897,0.0007115951239015095,-0.01773692529714361,0.3693616877550571,0.42882403718740564,0.39612462010652705,-0.01915196215609083
2024-11-14 08:00:00,1.05465,1.05578,1.05173,1.05198,16139,11,0,2543.58,0.0004135824310617319,1.8083486506897954,0.0033581791426302576,-0.018313756790150387,0.37064176809175736,0.43143718182040414,0.39861991349684667,-0.026339865027809717
2024-11-14 12:00:00,1.05198,1.05449,1.0496,1.05302,24894,11,0,2557.18,0.0004117895494255391,1.1802246776632206,-0.004358182724423898,-0.018277929188474908,0.3582451002178451,0.44175612923318347,0.401850482816941,-0.010141752278023497
2024-11-14 16:00:00,1.05302,1.05821,1.0529,1.0559,26195,11,0,2572.92,0.00041038975172177916,0.6819377557548354,-0.003420227068771764,-0.01804137849068174,0.35055416191408223,0.4469401696591816,0.40534638442687587,0.0001010627133006814
2024-11-14 20:00:00,1.0559,1.05603,1.05113,1.05294,17138,11,0,2564.49,0.00041058456067288233,0.6964515678876139,0.0004731372355475383,-0.017845055955019746,0.38070708200361375,0.4593097488061929,0.40889389792103137,0.000733627044302354
2024-11-15 00:00:00,1.05246,1.05409,1.05231,1.05316,7227,11,0,2565.09,0.00041057428784175215,0.6244150150009462,-2.5025867004702107e-05,-0.017821679985779486,0.40503386911129746,0.4612837316284813,0.41139984277924846,0.0025169522990640125
2024-11-15 04:00:00,1.05316,1.05457,1.05311,1.05395,7460,11,0,2559.94,0.0004117088681765979,1.0390842040028425,0.002757850262434025,-0.018134041747125716,0.41159167465651036,0.46699138462906953,0.41480090272473963,0.00643187947695778
2024-11-15 08:00:00,1.05395,1.05796,1.05333,1.05616,15389,11,0,2563.95,0.00041192690965112424,1.055541009151356,0.0005304307022266919,-0.017305617207556537,0.4309084255916068,0.46274378345857214,0.4181059097882273,0.0026474475789737273
2024-11-15 12:00:00,1.05616,1.05922,1.05534,1.05582,19377,11,0,2565.31,0.0004115759888668426,0.7994393559679122,-0.000852352481750529,-0.01592363662209762,0.44629296815243924,0.4740813385352924,0.4220833075146867,-0.0029577289616466995
2024-11-15 16:00:00,1.05582,1.0563,1.05225,1.05479,28764,11,0,2562.94,0.00041155469890048144,0.7333017903318717,-5.168012197698246e-05,-0.014333074010817062,0.4568226706480977,0.4755890777791176,0.4262376254495058,-0.0006044086738492549
2024-11-15 20:00:00,1.0548,1.05541,1.05156,1.05392,11954,11,0,2562.72,0.00041125054629456204,0.5113319002269044,-0.0007389698103336118,-0.012634097816522851,0.500166697629392,0.4743840830935394,0.43027233002725396,-0.0009239441890929179
2024-11-18 00:00:00,1.05296,1.05499,1.05288,1.05419,9142,11,0,2587.03,0.000407490442708434,-1.372461140156422,-0.009229828431399856,-0.009866517645560837,0.44456887127458367,0.4731619400442842,0.4346298893304138,0.010582279272170592
2024-11-18 04:00:00,1.05419,1.0546,1.05297,1.05373,7749,11,0,2585.52,0.00040755051208267586,-1.2643050207658817,0.00014732692255647883,-0.007704831388413644,0.43375798643115304,0.46273385131464073,0.4382608749368037,0.008412800561633516
2024-11-18 08:00:00,1.05373,1.05709,1.05358,1.0566,13726,11,0,2595.73,0.0004070531218578203,-1.473724316740561,-0.0012252576356033273,-0.005913499524401981,0.45923219102641133,0.4636081712723532,0.44178574658485115,0.011858215966101593
2024-11-18 12:00:00,1.05658,1.05681,1.05318,1.05672,14285,11,0,2604.01,0.0004058048932223763,-1.9180158487023582,-0.0030762822723668926,-0.003980893567372112,0.4500947296471882,0.4749409861167471,0.44582539590415315,0.0160245655380149
2024-11-18 16:00:00,1.05672,1.05923,1.05598,1.05909,16560,11,0,2610.37,0.00040572409275313465,-1.8108562712458858,-0.00019959792650281472,-0.00220155609636119,0.45783289002684147,0.4739090350695041,0.44983695100848464,0.01859352562901928
2024-11-18 20:00:00,1.05909,1.06067,1.05865,1.05977,7742,11,0,2611.66,0.0004057840607123439,-1.6829130288021368,0.0001478778199666131,-0.00010315164374731311,0.457581089684669,0.4773082804283979,0.4545711380834877,0.009520569919946764
2024-11-19 00:00:00,1.05961,1.05984,1.05865,1.05928,5347,11,0,2615.66,0.0004049761819196685,-1.7607758846142798,-0.001993957408541025,0.00200574333268293,0.40304703717273277,0.4785803565894499,0.4592998736996471,0.011657229493486687
2024-11-19 04:00:00,1.05928,1.06002,1.0582,1.05831,6684,11,0,2622.58,0.00040353773764766,-1.93386780405315,-0.0035613201220490165,0.004017376312899505,0.4232743822895537,0.4790334802853129,0.4617528639905311,0.010343910961463587
2024-11-19 08:00:00,1.05831,1.05957,1.05226,1.05488,22332,11,0,2630.3,0.0004010493099646428,-2.2391337294860825,-0.006184682498171612,0.0061429084130744,0.49042892124265125,0.47139553718479194,0.4639006152067961,0.01009596737339713
2024-11-19 12:00:00,1.05488,1.05966,1.05427,1.05762,19704,11,0,2635.3,0.00040132812203544187,-1.8514158475290707,0.0006965279938728752,0.008640653325734124,0.5249023998133503,0.46999162430207425,0.4659589945625296,0.009550370254025387
2024-11-19 16:00:00,1.05762,1.06003,1.05649,1.05796,24395,11,0,2628.1,0.00040255698032799363,-1.3808703192801512,0.003053613281381984,0.009828930558114976,0.5387831586847782,0.47560626996078115,0.4681674489695483,0.006294846955576139
2024-11-19 20:00:00,1.05796,1.05976,1.05703,1.05956,9185,11,0,2632.07,0.0004025576827364014,-1.2437884359041331,1.747502833548964e-06,0.011182856266096282,0.5667489088756013,0.4764721645257914,0.4699032507341788,0.006273751175611686
2024-11-20 00:00:00,1.05896,1.06095,1.05894,1.05997,5077,11,0,2639.65,0.0004015570246055348,-1.3463699406497138,-0.0024929095427743686,0.012467426392621649,0.5696397738822985,0.47838897434259503,0.4714756909683494,0.0065088576897558426
2024-11-20 04:00:00,1.05997,1.06029,1.05862,1.05863,5081,11,0,2636.91,0.0004014661099544543,-1.2314226670126076,-0.0002261703185758579,0.013330836483655255,0.5568803853908145,0.48377242808433085,0.4726988249322563,0.0025130213283655056
2024-11-20 08:00:00,1.05863,1.05949,1.05524,1.05553,15125,11,0,2621.97,0.00040257134902382563,-0.8617388407286619,0.0027374093712814185,0.0136042498476494,0.5323353918328856,0.4842762754153787,0.4738484521216012,-0.005058247637840241
2024-11-20 12:00:00,1.05553,1.05677,1.05416,1.05564,15840,11,0,2636.01,0.000400468890482206,-1.2751939928811669,-0.005250539293335743,0.014235561676442838,0.5218094452321181,0.4927981149868026,0.4751387886394879,0.003009778927742568
2024-11-20 16:00:00,1.05564,1.05567,1.05061,1.05313,21727,11,0,2651.76,0.000397143783751169,-1.897944506812917,-0.008352643917523661,0.014735795918320112,0.5012757767897311,0.49052464710332133,0.4765278318217253,0.007480804081958281
2024-11-20 20:00:00,1.05313,1.05438,1.05249,1.0543,8418,11,0,2649.96,0.00039785506196319946,-1.574615387017382,0.0017897684148701076,0.014783283849135362,0.5031071993939218,0.4683808096698572,0.4762428053784536,0.003905820847460717
2024-11-21 00:00:00,1.05406,1.05493,1.05405,1.05456,4969,11,0,2653.44,0.0003974312590448625,-1.571863481266884,-0.0010666182449323713,0.014491674441972342,0.5075162958216376,0.47018168890661727,0.4759724359348286,0.006268700865786236
2024-11-21 04:00:00,1.05456,1.05546,1.05451,1.05459,6069,11,0,2656.96,0.0003969160243285559,-1.6269349339569565,-0.0012981319525089408,0.014046803820278116,0.5082231761003969,0.47082511635112734,0.4757944875977079,0.013344927668890172
2024-11-21 08:00:00,1.05459,1.05542,1.05133,1.05163,18736,11,0,2668.9,0.00039403124882910563,-2.0945249683727405,-0.007300635631366625,0.013986989898710878,0.6362394116121267,0.47157876228428497,0.475715328709708,0.012477190905952451
2024-11-21 12:00:00,1.05163,1.05388,1.05137,1.05322,16974,11,0,2665.48,0.00039513333433377853,-1.6178263910508277,0.002793365414637816,0.013864667399979628,0.6413804773719995,0.4430827747322964,0.47473277488059074,0.005173922225238936
2024-11-21 16:00:00,1.05322,1.05441,1.04615,1.04872,28889,11,0,2671.85,0.00039250706439358503,-2.005017924886846,-0.006662425077102796,0.013817486208133119,0.6948851145094187,0.4375345411564906,0.47342909337479766,0.008260502045313922
2024-11-21 20:00:00,1.04872,1.0489,1.04713,1.04732,8782,11,0,2669.31,0.00039235607703863546,-1.7890980873381852,-0.0003843085441684879,0.013702054773596234,0.6932885850695165,0.41690807433455856,0.4705274477856882,0.005980915340086712
2024-11-22 00:00:00,1.04729,1.04774,1.04658,1.04713,6453,11,0,2677.73,0.0003910513756054568,-1.8389820456038353,-0.0033357886497589195,0.014376956195458002,0.6502838033597674,0.41736669353079164,0.4677003307087526,0.007817204624834373
2024-11-22 04:00:00,1.04713,1.04776,1.04609,1.04643,7542,11,0,2686.67,0.00038948959120398114,-1.9198360450701883,-0.004007142664151364,0.014674266511928618,0.6352849577334768,0.4162136703507513,0.4646456002048702,0.006658173779459764
2024-11-22 08:00:00,1.04643,1.04977,1.0332,1.04012,28619,11,0,2703.3,0.00038475936817963227,-2.3986561906428365,-0.012219844520629408,0.014841802298477973,0.7162736314956214,0.4153673463396318,0.4614849496923794,0.014188814022239926
2024-11-22 12:00:00,1.04013,1.04372,1.03843,1.04288,23079,11,0,2692.86,0.00038727598167004595,-1.6849525822185785,0.006515486485977995,0.014832404266015752,0.7093986857903344,0.3621480933125543,0.45564068034374144,0.007863465389149837
2024-11-22 16:00:00,1.04288,1.04345,1.03913,1.04188,25691,11,0,2706.75,0.00038491918352267476,-1.8156938155030844,-0.00611696780588078,0.015008983650664725,0.6665374279222764,0.3464442803593583,0.4493931175024698,0.014026096631713836
2024-11-22 20:00:00,1.04187,1.0425200000000001,1.04074,1.0417399999999999,8574,11,0,2715.14,0.0003836781897066081,-1.7538797599851381,-0.003234030742269134,0.015258877627831033,0.6245687666163297,0.34061430703450557,0.44292425163909127,0.013970788690420566
2024-11-25 00:00:00,1.04789,1.05009,1.04617,1.04772,13800,11,0,2701.28,0.00038786056980394477,-0.992730662083807,0.01084510502556646,0.015021660920995796,0.7169875780262736,0.34054832339983554,0.4361713543110441,0.005437958513699215
2024-11-25 04:00:00,1.04771,1.04887,1.04738,1.04784,9463,11,0,2664.73,0.00039322558007753134,-0.06082481576803601,0.013645156937286962,0.013982777509903685,0.5145573081232423,0.29994540240482376,0.4273450162049957,-0.014267746827951067
2024-11-25 08:00:00,1.04784,1.04968,1.04484,1.04889,21065,11,0,2673.88,0.000392272652475055,-0.15131028881919048,-0.002431682372985744,0.013064172239726488,0.516224536367412,0.287670331117573,0.4178090840437446,-0.007048268383800127
2024-11-25 12:00:00,1.04888,1.05299,1.04734,1.05278,20781,11,0,2678.3,0.00039307769854011874,0.07171841647746505,0.0020556539542373464,0.012458335884282802,0.5509749222769287,0.28273700210029407,0.4077573127445427,-0.010510760136695274
2024-11-25 16:00:00,1.05278,1.05296,1.04662,1.04858,24896,11,0,2627.88,0.00039902126428908476,1.312736725213313,0.014835936815282169,0.010360183121297837,0.42753060612251,0.2839790350789938,0.39774245072772346,-0.032138305943708145
2024-11-25 20:00:00,1.04859,1.05105,1.04852,1.0495700000000001,9466,11,0,2625.29,0.0003997920229765093,1.4919269200122836,0.0019297193104091948,0.007878227269067698,0.43748491992803823,0.3185403262294013,0.38902956128985344,-0.028131108215364686
2024-11-26 00:00:00,1.04886,1.05006,1.04243,1.04532,19255,11,0,2628.08,0.0003977504489969864,1.0616386222827305,-0.005112017058514051,0.004891762559239557,0.46347691877208846,0.3195133954487159,0.38047899870712315,-0.013753738652696579
2024-11-26 04:00:00,1.04532,1.04903,1.04504,1.04752,10791,11,0,2624.35,0.00039915407624745175,1.3115558923776416,0.003523905765467683,0.0022924181682697823,0.46896612768941726,0.31165915758783813,0.37264291610302214,-0.018523643544212987
2024-11-26 08:00:00,1.04752,1.05192,1.04698,1.05071,21102,11,0,2626.03,0.00040011347928241487,1.4279709991886824,0.002405129402688333,-0.0006904080429402595,0.4850715147916786,0.30826084928534836,0.36454687412195874,-0.019516110965911215
2024-11-26 12:00:00,1.05071,1.05447,1.04995,1.05034,24361,11,0,2629.89,0.0003993855256303496,1.23188456260234,-0.0018220422666862524,-0.003829729763282762,0.48485944042639395,0.30284358096247604,0.35614779735252616,0.0007648751084523564
2024-11-26 16:00:00,1.05034,1.05098,1.0463,1.04703,26507,11,0,2624.96,0.0003988746495184688,1.057273556092953,-0.0012767573915518637,-0.006661785052906633,0.49629867135314004,0.30090123725152096,0.34761392110088796,-0.00012570039881310002
2024-11-26 20:00:00,1.04703,1.04899,1.04566,1.04887,12902,11,0,2632.9,0.00039837061794978915,0.9171720238913544,-0.0012674562497507758,-0.00786960784387497,0.4928130394912917,0.30225543267558586,0.3405725539980525,0.0018340385376396373
2024-11-27 00:00:00,1.0482,1.04958,1.04798,1.04868,8168,11,0,2631.4,0.0003985254997339819,0.8724642057290385,0.0003885666735865545,-0.00936526802816903,0.47031112090782745,0.3060731856525867,0.33399948622285724,0.002686379484443835
2024-11-27 04:00:00,1.04867,1.0488,1.04741,1.04767,7536,11,0,2642.06,0.00039653527928964523,0.484421647775763,-0.005014191008853253,-0.010792694978324252,0.4618687604626561,0.3059828316560751,0.32845322408893307,0.0061042714668149145
2024-11-27 08:00:00,1.04767,1.05397,1.04747,1.05156,22612,11,0,2648.36,0.0003970608225467837,0.5229106590930761,0.0013284982298578107,-0.010349711297527,0.48248296711955807,0.30125154324633985,0.32264746657471044,0.0070231074303488406
2024-11-27 12:00:00,1.05157,1.05735,1.05097,1.0572,22860,11,0,2656.23,0.00039800770264623164,0.6180006360218757,0.00239180962242469,-0.00943715122992563,0.5169614426738006,0.3039816590238865,0.31703586600836725,0.011912562477142563
2024-11-27 16:00:00,1.0572,1.05872,1.05323,1.05757,30864,11,0,2637.3,0.00040100481553103544,1.0584798332909935,0.007476622976819058,-0.008910852240411708,0.4554787612587197,0.3103332248683522,0.3117841599348033,0.0016711610771393826
2024-11-27 20:00:00,1.05756,1.05782,1.05592,1.05661,9437,11,0,2635.72,0.00040088097369978605,0.9463955848840956,-0.0003086437696423472,-0.008306227049828887,0.4564019227919678,0.30393734956716967,0.30887362274753405,0.0016417116363911521
2024-11-28 00:00:00,1.05642,1.05696,1.05469,1.05568,8077,11,0,2628.77,0.0004015870540214625,1.0338783139812486,0.001756677267121587,-0.007896292045036649,0.4694387889783413,0.30406646347578364,0.3067547319033553,-0.005030165855430924
2024-11-28 04:00:00,1.05568,1.05609,1.05484,1.05498,7530,11,0,2633.5,0.00040059996202771977,0.8401429021217727,-0.0024624003159303687,-0.007468425734140071,0.4749553844241097,0.30201511624574373,0.3048247723639172,-0.005611019649896631
2024-11-28 08:00:00,1.05498,1.05558,1.05267,1.05318,20972,11,0,2646.12,0.0003980091605822865,-0.058053562736694236,-0.006498295248052011,-0.006388063567406664,0.42793657619086534,0.30066046166101984,0.3028303792769764,-0.0038061463051016764
2024-11-28 12:00:00,1.05318,1.05563,1.05293,1.05338,15210,11,0,2646.97,0.00039795690922073167,-0.18626612858251768,-0.00013132397737791734,-0.005627381064902019,0.4930637068818528,0.2983146930443908,0.3027488438089548,0.0036666287490993987
2024-11-28 16:00:00,1.05339,1.05569,1.05309,1.05519,12369,11,0,2640.98,0.0003995448659209839,0.41292748185500544,0.0039812431280564775,-0.0048810385759135355,0.502185373312911,0.2983520499646673,0.30328292975130944,0.0019956596300063634
2024-11-28 20:00:00,1.0552,1.05569,1.05514,1.05535,1907,11,0,2640.62,0.0003996599283501602,0.42163471017111653,0.00028794449504965236,-0.004576672836478359,0.47919502012953935,0.32464609937838174,0.3053783846152139,0.0045078116381425115
2024-11-29 00:00:00,1.05475,1.05746,1.05466,1.05598,9869,11,0,2644.95,0.00039924384203860185,0.10458076280481328,-0.001042808063444589,-0.004295178640298687,0.8155640409528349,0.3245018269111154,0.30740452420681996,0.004347826086956497
2024-11-29 04:00:00,1.05598,1.05765,1.05583,1.05673,9981,11,0,2662.46,0.00039689985952840606,-1.4464502251409934,-0.005909922227784747,-0.0037572095205268886,0.7289813667330616,0.32587045405430953,0.3077710305980653,0.006175078983568394
2024-11-29 08:00:00,1.05673,1.05971,1.05512,1.05577,21495,11,0,2664.1,0.00039629518411471047,-1.7020756789174722,-0.001524434595049251,-0.0022548837368411676,0.6542483450260178,0.27847724126371515,0.3057192228888153,0.006471550489805411
2024-11-29 12:00:00,1.05578,1.05732,1.05474,1.05627,20681,11,0,2657.98,0.000397395766710058,-0.9009538658732776,0.0027707990630364554,-0.0009767608180380044,0.6343957829646377,0.2794446258070919,0.30410849629977804,0.006437004445319472
2024-11-29 16:00:00,1.05627,1.05676,1.05408,1.05665,24415,11,0,2660.57,0.00039715173816137143,-0.9570276591573845,-0.0006146676851366273,0.0008051033100508388,0.6015836752385003,0.2781375633917593,0.30260233200509856,0.007555043891207536
2024-11-29 20:00:00,1.05665,1.05842,1.05665,1.05759,16012,11,0,2658.33,0.00039783999729153265,-0.46790395735148815,0.0017315287876605856,0.002459873820126673,0.5988609386334515,0.2763340318053311,0.3012768545472413,0.005058696761753634
2024-12-02 00:00:00,1.05623,1.05701,1.05273,1.05297,13477,11,0,2635.93,0.0003994681194113653,0.5494389494059679,0.004057920308749408,0.0029004406077318677,0.543464601964199,0.2675597963779786,0.29960978250356424,-0.009964468949768324
2024-12-02 04:00:00,1.05297,1.05318,1.05147,1.05212,11834,11,0,2623.12,0.00040109487938027997,1.4108941915847188,0.004052524392584411,0.002524252517093002,0.5237164537864768,0.29390972821440453,0.2991924972805051,-0.01538230546901398
2024-12-02 08:00:00,1.05212,1.05366,1.04956,1.05128,24685,11,0,2633.66,0.0003991707357821435,0.23940297401762964,-0.004816503848104947,0.0027560115067108704,0.5110931033969222,0.2655355843485719,0.29716561721530443,-0.009149805491388219
2024-12-02 12:00:00,1.05127,1.0538,1.04942,1.0505,22970,11,0,2647.0,0.00039686437476388364,-1.1646763223135028,-0.005807147111458244,0.003394005544001157,0.5016587997266244,0.2557905098010564,0.29465600112255347,-0.005100410814224077
2024-12-02 16:00:00,1.05049,1.05145,1.04603,1.04874,31725,11,0,2638.76,0.0003974366748018008,-0.8388250909029044,0.0014375653955777112,0.0030217258986300006,0.4602295837870893,0.25151944132569554,0.29216939602652126,-0.007361764716946273
2024-12-02 20:00:00,1.04874,1.05157,1.04839,1.04972,12327,11,0,2638.53,0.00039784273819134136,-0.5832919490917188,0.0010216168308678775,0.0019478757979555232,0.33892811344157747,0.2527314240490751,0.2896068842777807,0.0009863691372686834
2024-12-03 00:00:00,1.04967,1.05014,1.04835,1.04871,8881,11,0,2636.57,0.0003977554170759737,-0.5617155168571303,-0.0002193234702062563,0.0007980752288453841,0.3702416953552964,0.25228085848970694,0.2867042659588484,0.005127481777425391
2024-12-03 04:00:00,1.04871,1.04939,1.04799,1.04907,9485,11,0,2641.11,0.00039720799209423305,-0.8274418109410635,-0.0013786552941470465,-5.2243122836422994e-05,0.3699088691822871,0.25281329795557617,0.28414806337826876,0.002828763014208535
2024-12-03 08:00:00,1.04907,1.05304,1.04826,1.05202,19402,11,0,2644.06,0.00039788053221182575,-0.29377276011497516,0.0016950598371148207,-0.0009045845023857462,0.4240535931012627,0.26331218148910446,0.2821103492789348,-0.0011106913486966796
2024-12-03 12:00:00,1.05202,1.05296,1.05056,1.05238,17871,11,0,2652.91,0.0003966889189606885,-1.118671453138588,-0.0030049264368305906,-0.001399743939435288,0.41779143815360226,0.25583669522734187,0.2798014282280147,0.005362367172459637
2024-12-03 16:00:00,1.05238,1.05302,1.04918,1.05283,27307,11,0,2646.94,0.00039775363249639205,-0.2457536164697558,0.002677961236620896,-0.0012600256393089154,0.4188782237343117,0.25858357638316126,0.27769758396412175,0.0031873808522169256
2024-12-03 20:00:00,1.05281,1.05346,1.05021,1.05088,10821,11,0,2643.23,0.00039757418007513534,-0.3739762378524544,-0.00045053239690961977,-0.0006294895096007531,0.4333335037398945,0.25968837961216545,0.2757662682925105,0.002526009171006205
2024-12-04 00:00:00,1.0505,1.05121,1.04965,1.0506,8315,11,0,2642.18,0.00039762620260542434,-0.265355379162323,0.00013079789231784655,-0.0004430913176541493,0.41952944330002967,0.2610986169355327,0.2739035966410538,0.00040513269042175004
2024-12-04 04:00:00,1.0506,1.05199,1.04872,1.05143,11647,11,0,2649.66,0.0003968169500992581,-0.8588043921608024,-0.0020409708694921758,-0.00043825915447389616,0.4172351533710429,0.2615157458636702,0.2707470789653182,0.0021179549632004413
2024-12-04 08:00:00,1.05143,1.05289,1.04819,1.05021,18366,11,0,2640.94,0.0003976652252607027,-0.05141607414852246,0.002130663767312524,-0.00026232459170120364,0.4105485538995347,0.236020307007771,0.26632300297015093,-0.004512026416274906
2024-12-04 12:00:00,1.05021,1.05122,1.04787,1.04834,19313,11,0,2648.43,0.00039583451327767776,-1.5811468786743201,-0.004616707646282858,0.00021040980113819522,0.4520560354140155,0.24621540963996347,0.2623402507494337,0.0005629141574798879
2024-12-04 16:00:00,1.04834,1.05434,1.04716,1.05365,29518,11,0,2651.46,0.00039738483703318173,-0.3025537701783524,0.003921076582757976,0.0005949412848413958,0.5829755059969031,0.23817640137444662,0.2603252087549702,0.003113614781914631
2024-12-04 20:00:00,1.05365,1.05385,1.05043,1.05097,13547,11,0,2649.67,0.000396641845965724,-0.9144704695122049,-0.0018684393695350687,0.0007426636913068102,0.6108275614902577,0.23802086191667046,0.25825402056044916,0.002834780370754464
2024-12-05 00:00:00,1.05071,1.05158,1.0506,1.05121,7048,11,0,2647.06,0.00039712360127839945,-0.49059608141863836,0.0012133887912791907,0.000625442559829099,0.611412254499743,0.2366794074003717,0.2561811127608798,-0.0009812579727209725
2024-12-05 04:00:00,1.05121,1.05286,1.05098,1.05257,7950,11,0,2653.17,0.000396721657488966,-0.7806473472744659,-0.0010144739907449463,0.00038734072266050404,0.6071991445406386,0.23112694874182302,0.25392075860770436,0.004630926866948881
2024-12-05 08:00:00,1.05257,1.05463,1.05205,1.05287,15019,11,0,2644.87,0.00039808005686479866,0.48152024542104954,0.0034133499502726483,0.0003248674644037943,0.6345664429286902,0.238495266495991,0.25246753211360495,-0.0013441925971235946
2024-12-05 12:00:00,1.05286,1.05683,1.05228,1.05662,20239,11,0,2648.9,0.00039889010532673935,1.8670296792230683,0.0020379888978077076,0.0005148123491980956,0.7653245963088839,0.2299044480983654,0.24926726810780303,-0.0009655057968063208
2024-12-05 16:00:00,1.05662,1.05895,1.055,1.05668,26462,11,0,2628.08,0.00040207299625582177,3.60524286569816,0.00791665120185403,0.00014450348187884627,0.6350993057597087,0.23261720738619246,0.24762134925968407,-0.008148184490898935
2024-12-05 20:00:00,1.05668,1.05881,1.05562,1.0587,9648,11,0,2631.56,0.0004023088966240557,2.751254627010221,0.0005874871986124575,-0.0004254960456083891,0.696613797777826,0.2263950418849367,0.2461515758638781,-0.005855552953087595
2024-12-06 00:00:00,1.05836,1.05878,1.05652,1.05679,6629,11,0,2617.62,0.0004037217013928683,2.672632658277087,0.003493138772966198,-0.0009629581266985527,0.6611506448186687,0.22705946684917164,0.24492857714005187,-0.013399066022908523
2024-12-06 04:00:00,1.05679,1.05802,1.05677,1.05721,7428,11,0,2637.95,0.00040076953695104156,1.1363054245166593,-0.0073691671848872264,-0.001050629551903349,0.5574642446974134,0.23399605409528412,0.24399180864236233,-0.002616385682472133
2024-12-06 08:00:00,1.05721,1.05938,1.05667,1.05766,13867,11,0,2640.7,0.0004005225887075397,0.9354681334777697,-0.0006168275239690768,-0.0011629322135756183,0.5495264047501882,0.23285191310319156,0.24302036137303656,-0.0030956245988902342
2024-12-06 12:00:00,1.05766,1.06295,1.0571,1.06036,20631,11,0,2635.79,0.0004022930506603333,1.5295129250298005,0.004412160723251346,-0.0014086255417645767,0.5661411208080062,0.16818022098556873,0.2387887075245362,0.002933700648382054
2024-12-06 16:00:00,1.06037,1.06069,1.05439,1.0551,29833,11,0,2634.98,0.0004004204965502584,0.6679162034373148,-0.004653271180509622,-0.0015434768699938825,0.6497723289691889,0.15902342268419362,0.23357426958429067,0.0012996093571873146
2024-12-06 20:00:00,1.0551,1.05688,1.05416,1.05662,8623,11,0,2632.65,0.00040135224963439877,0.961700276614012,0.002324878928027685,-0.001996907501108365,0.6748888949708203,0.15479623558007016,0.22852224660192705,0.0057418571068375
2024-12-09 00:00:00,1.05572,1.05686,1.05509,1.05511,6751,11,0,2646.69,0.00039865265671461334,-0.20076895881755333,-0.006762114653202644,-0.0020635316317097266,0.6442146756962743,0.15090982488707888,0.22313855902712293,0.003313178794139393
2024-12-09 04:00:00,1.05511,1.05563,1.05315,1.05371,8512,11,0,2638.24,0.00039939884165201043,0.07935626239623655,0.0018657911964047313,-0.0026575093916372285,0.6275521076193986,0.12511339782869998,0.21640980993794967,-0.0009315711743098642
2024-12-09 08:00:00,1.05371,1.05748,1.05358,1.0566,18583,11,0,2655.64,0.00039787019324908496,-0.5874711958523442,-0.0038526158475720162,-0.0018909901993748655,0.5977369037050433,0.12541402003133018,0.20962558009273952,0.00753094897544937
2024-12-09 12:00:00,1.0566,1.05851,1.05572,1.05759,17188,11,0,2665.51,0.0003967683482710626,-1.0622230066456937,-0.0027796505842974106,-0.0008393890004850603,0.5927504336176398,0.12666771339504024,0.20288317846930806,0.011586425703421055
2024-12-09 16:00:00,1.05759,1.05942,1.05665,1.05667,18655,11,0,2664.41,0.0003965868616316558,-1.0936015183668713,-0.0004572233255815128,0.0006073672627658982,0.6040190214422368,0.11921584023068259,0.1970429551304536,0.012063889996771326
2024-12-09 20:00:00,1.05667,1.05674,1.05464,1.05531,8119,11,0,2659.95,0.0003967405402357187,-1.0747489647959843,0.00038685436595831124,0.0011691530655195215,0.6009243762050818,0.11998073098247175,0.19073122119757904,0.005010031397707948
2024-12-10 00:00:00,1.05522,1.05567,1.05445,1.05527,6374,11,0,2667.45,0.00039561003955088195,-1.4598415308252368,-0.002857505426621554,0.0017907857696292221,0.51958746774123,0.12512127870410744,0.1850784650640621,0.011071775122809102
2024-12-10 04:00:00,1.05527,1.05624,1.05483,1.05613,10085,11,0,2668.7,0.0003957469929179001,-1.3528511573399509,0.00034634496438012974,0.0026862528246841774,0.4963043641087292,0.12255826582016935,0.17930533525923703,0.004917835248753555
2024-12-10 08:00:00,1.05613,1.05676,1.05225,1.0531,15799,11,0,2665.1,0.0003951446474803947,-1.485007792120385,-0.0015199935855393365,0.0035584741754358506,0.5274011512757957,0.12259037479644769,0.17360088362904083,-0.00015381671800152041
2024-12-10 12:00:00,1.0531,1.05377,1.05151,1.05227,15623,11,0,2680.42,0.00039257653651293456,-2.122894946741814,-0.00653652644516145,0.005014983392698351,0.5027584593071985,0.12590623219426997,0.16833984780166317,0.006008834976598987
2024-12-10 16:00:00,1.05227,1.05309,1.04982,1.05089,19922,11,0,2694.37,0.00039003180706436016,-2.373061006152262,-0.006515858747617398,0.0062148535994921185,0.5032750233814918,0.11956987040527774,0.1623935779971275,0.012940092858888308
2024-12-10 20:00:00,1.05089,1.05309,1.0507900000000001,1.05268,8317,11,0,2693.65,0.00039080058656469846,-1.839374667406443,0.0019705420178004474,0.007666987696106546,0.46853619819154824,0.11127809470705245,0.15646226032756186,0.009822114753791134
2024-12-11 00:00:00,1.05266,1.05352,1.05259,1.05342,4588,11,0,2699.8,0.000390184458108008,-1.7377595017131269,-0.0015801797387362537,0.008601967348557078,0.5447818354177266,0.10906673939902503,0.1502847369282035,0.011653614119234268
2024-12-11 04:00:00,1.05342,1.05392,1.0520100000000001,1.05239,6205,11,0,2687.9,0.0003915287027047137,-1.274766661625202,0.003429966254186567,0.008961134302613026,0.49632330525236296,0.10028043064046059,0.14397900636597968,0.008555026077820882
2024-12-11 08:00:00,1.05239,1.05281,1.04872,1.04997,19374,11,0,2695.68,0.00038950097934472937,-1.600084864097576,-0.005193980660251785,0.009445275479881086,0.5463709033818728,0.10457232171460393,0.1378546491092513,0.005693137642608148
2024-12-11 12:00:00,1.04997,1.05369,1.04863,1.05234,21623,11,0,2700.85,0.0003896328933483904,-1.4030776985923614,0.0003393239204814158,0.010320443668466668,0.6308788098111332,0.09195208151131656,0.1307524504800529,0.002405014901442737
2024-12-11 16:00:00,1.05233,1.05289,1.04797,1.04875,26934,11,0,2717.95,0.0003858606670468552,-1.9585341902992988,-0.009742785103918239,0.011377062503735606,0.6269873353663038,0.09558408420510492,0.1238890590351486,0.009021216564883972
2024-12-11 20:00:00,1.04875,1.04998,1.04807,1.04953,10348,11,0,2717.66,0.0003861888536461515,-1.698108765771107,0.0008504406135337872,0.012355067337896533,0.6098144726034155,0.07109748620607428,0.11903492229617385,0.006615304837395142
2024-12-12 00:00:00,1.04922,1.05084,1.04875,1.05059,5834,11,0,2711.02,0.00038752572832365676,-1.2798224097657525,0.0034532543026023488,0.013268405747207229,0.5094127816842445,0.07289748505010632,0.11472862541446952,0.008601510472859841
2024-12-12 04:00:00,1.05055,1.05088,1.05005,1.05057,5644,11,0,2713.52,0.0003871613255107757,-1.2607932608952443,-0.0009411990603461762,0.0137452856404086,0.5025305141359088,0.0797958083387305,0.11097860405240252,0.0066179962013295235
2024-12-12 08:00:00,1.05057,1.05302,1.05036,1.05093,16079,11,0,2714.71,0.00038712422321352923,-1.1560035959331818,-9.587364702778878e-05,0.013623138990938236,0.5158884247774296,0.07554253117696581,0.10721023936689686,0.0051317177925467305
2024-12-12 12:00:00,1.05092,1.05141,1.04691,1.04839,22222,11,0,2697.53,0.0003886481336630176,-0.7274901467746122,0.003911577512116349,0.013153164757936313,0.4883143232999433,0.07719952898124134,0.10481454592452395,-0.007513015324049244
2024-12-12 16:00:00,1.04839,1.05208,1.04631,1.05005,32985,11,0,2686.31,0.00039088936124274563,-0.0868836176190784,0.005742740830892212,0.011912544055571008,0.4705466583913234,0.09162404840568561,0.10312504734324171,-0.011535659354003025
2024-12-12 20:00:00,1.05006,1.05022,1.04638,1.04657,11237,11,0,2680.5,0.00039043835105390784,-0.13136497702310515,-0.001151309757801644,0.011018501494267589,0.505724983300823,0.08106822942582512,0.10084507314478094,-0.011257755383582535
2024-12-13 00:00:00,1.04638,1.04802,1.04617,1.04651,7056,11,0,2689.83,0.0003890617622675039,-0.4507227508591559,-0.0035380240359774717,0.009890721094318367,0.4958892426509807,0.08712338115017226,0.09924045019075543,-0.008730357616675066
2024-12-13 04:00:00,1.04651,1.04666,1.04557,1.04651,6478,11,0,2688.41,0.0003892672620619623,-0.3039055317539238,0.0005279144035125194,0.008791983463503964,0.4977325069976783,0.06941018589917541,0.09671192293659062,-0.009687959303203764
2024-12-13 08:00:00,1.04651,1.04938,1.04523,1.04865,15787,11,0,2669.09,0.0003928867141984721,1.074452565054613,0.009231295929362449,0.006611938565942451,0.47293246910680475,0.06875101775892133,0.0938934098893313,-0.010542978205988485
2024-12-13 12:00:00,1.04864,1.0524,1.04827,1.05101,19517,11,0,2662.13,0.0003948004041876242,1.8771913983730943,0.004858142879722749,0.004210164967571768,0.4870705621345472,0.066178671589352,0.09107443017779045,-0.00900119494771634
2024-12-13 16:00:00,1.05101,1.05102,1.04814,1.04956,20050,11,0,2656.33,0.0003951165706068147,2.0027230321626224,0.0007990812116804857,0.0019034592524435302,0.4632638886796553,0.05970115940098978,0.08792996940801755,-0.009016974445066217
2024-12-13 20:00:00,1.04956,1.05041,1.04883,1.05029,8107,11,0,2648.24,0.00039659925082318826,2.2022877034944974,0.003741084889104962,-0.0007254071137636634,0.49156088962138716,0.06253238651282018,0.08476127712394506,-0.015461943691608804
2024-12-16 00:00:00,1.04845,1.0521,1.04826,1.05181,7081,11,0,2653.36,0.0003964068200319594,1.829818998371319,-0.00048614017482284666,-0.003096181132128255,0.5234718343381305,0.059675428562450034,0.08176655503180366,-0.01303744592528655
2024-12-16 04:00:00,1.05182,1.05223,1.05091,1.05187,5637,11,0,2652.76,0.0003965190970913313,1.6391230597811937,0.00028317290386992156,-0.00494538942797773,0.5109148722093768,0.07835376661749163,0.08012033862732562,-0.006118190094751341
2024-12-16 08:00:00,1.05187,1.05246,1.04998,1.05043,15730,11,0,2658.07,0.00039518522837998993,1.144713518691241,-0.0033706792717305145,-0.006028370689428837,0.5172395613031302,0.08075809700979864,0.07870490650786431,-0.0015250945671323457
2024-12-16 12:00:00,1.05043,1.05077,1.04825,1.0507,13995,11,0,2661.94,0.0003947121272455427,0.9471481352022337,-0.001198906004046263,-0.006676308179061608,0.5265149855423877,0.09134034926324174,0.07825790243900337,0.002111936393445202
2024-12-16 16:00:00,1.05067,1.052,1.04739,1.05103,20727,11,0,2652.19,0.00039628759628835034,1.230379265730523,0.003976818540633809,-0.007929102738229119,0.5070942448677114,0.09041664833670549,0.07755011877010845,0.0014915566564965843
2024-12-16 20:00:00,1.05103,1.05223,1.05053,1.0511,7294,11,0,2652.6,0.0003962527331674583,1.1042379227260142,-8.798789233233073e-05,-0.009174014244747696,0.49020096446785943,0.08998251666019026,0.07745164052755213,-0.00028642928211786156
2024-12-17 00:00:00,1.05099,1.05338,1.0507900000000001,1.05207,5536,11,0,2658.15,0.000395790305287512,0.9023353998764739,-0.001169444076756898,-0.0094675077089952,0.48626681332805044,0.0932814379531993,0.07733650821495686,0.002031846077293009
2024-12-17 04:00:00,1.05207,1.05267,1.05022,1.05039,5506,11,0,2653.7,0.0003958209292685684,0.83120011799868,7.724472566406071e-05,-0.009597236891144357,0.5034451981250454,0.14974788006232956,0.08126902790776962,-0.001644050006207598
2024-12-17 08:00:00,1.05039,1.0509,1.048,1.04852,15307,11,0,2639.79,0.00039719826198296074,1.1102062414174698,0.0034614468208243876,-0.009902665133776804,0.49360911938967644,0.16634619909282594,0.0859414636099056,-0.008320998970675508
2024-12-17 12:00:00,1.04859,1.0506199999999999,1.04784,1.05042,16239,11,0,2636.96,0.00039834506401310594,1.3323493010176126,0.0028841329506463786,-0.009788288007965508,0.5217851508056046,0.18482041428383839,0.09119269390716098,-0.0057424241852959135
2024-12-17 16:00:00,1.05042,1.05157,1.0493999999999999,1.04996,20885,11,0,2646.01,0.00039680878001216923,0.8140909049006776,-0.0038699023526956866,-0.009466523132225584,0.49348922895484,0.18384064708001718,0.09660759970231356,-0.0024843549724796743
2024-12-17 20:00:00,1.04996,1.0504,1.04844,1.0491,8133,11,0,2646.5,0.0003964103532968071,0.6115533086987052,-0.0010042633073698015,-0.00911856262264107,0.5001590524818627,0.22682626626630573,0.10408893656656679,-0.00438274739950717
2024-12-18 00:00:00,1.04912,1.05024,1.04911,1.0502,5007,11,0,2650.94,0.0003961613616302142,0.4468611350906621,-0.0006291697346656466,-0.008781601840285033,0.4994436753076392,0.24206708019684503,0.11161108815612475,-0.0010400572785167483
2024-12-18 04:00:00,1.0502,1.05055,1.04953,1.05022,5590,11,0,2647.37,0.0003967031431193977,0.5824458230181064,0.0013657361083792008,-0.008825712542773924,0.42019577564560806,0.24049670032903944,0.11958251170128546,0.002871440531254432
2024-12-18 08:00:00,1.05022,1.0512299999999999,1.04869,1.0493999999999999,12800,11,0,2646.72,0.00039649075081610443,0.42691826298765023,-0.0005352620945824338,-0.008424795852362242,0.4531339041789344,0.235996064706746,0.12702614587911415,0.0037012317213760415
2024-12-18 12:00:00,1.04941,1.05034,1.04818,1.04919,14688,11,0,2643.96,0.000396825216720374,0.670422860951173,0.0008426857940275756,-0.00804392021660317,0.4539495006599196,0.15186560855683814,0.13114891701199727,-0.0007747514181730697
2024-12-18 16:00:00,1.04919,1.05026,1.04663,1.04751,17104,11,0,2636.07,0.0003973756387349349,1.2227981554389797,0.0013829248848383768,-0.007856588469242694,0.518556345126331,0.15414654841776096,0.13541869354493927,-0.0039410542225580825
2024-12-18 20:00:00,1.04751,1.04921,1.03436,1.0349,33957,11,0,2585.62,0.000400252163891059,3.0974339027900473,0.007100267275899519,-0.008773886580879605,0.6038986184681069,0.1725135642701899,0.14073543817898115,-0.024640316265173934
2024-12-19 00:00:00,1.03478,1.03796,1.03429,1.03773,10792,11,0,2611.92,0.00039730543048791694,0.5498869258530845,-0.007437077891907284,-0.008590537166281421,0.5484551313381429,0.41324592090209844,0.1584126762540366,-0.013390648077148182
2024-12-19 04:00:00,1.03773,1.03903,1.03717,1.03812,9826,11,0,2607.14,0.00039818345006405485,1.1939106989698447,0.0022058916652040184,-0.00838954302042384,0.5492738441670563,0.43211744968198984,0.1768919294124951,-0.014954358602345508
2024-12-19 08:00:00,1.03812,1.04222,1.03765,1.04117,22433,11,0,2620.47,0.00039732185447648703,0.4359698650626425,-0.002174879001805019,-0.00817796091832853,0.5493860806445082,0.43129517653839494,0.1954729168112923,-0.008884400671719805
2024-12-19 12:00:00,1.04117,1.04154,1.0385,1.03982,22688,11,0,2596.44,0.0004004791175609681,2.395542277819136,0.00787349247776048,-0.008806322092580605,0.5193333027415891,0.4401062498226832,0.2135605409715519,-0.015033743413490619
2024-12-19 16:00:00,1.03981,1.04069,1.03541,1.0360800000000001,26364,11,0,2592.55,0.00039963742261480014,1.6102182438843573,-0.0020985711302800025,-0.009842743960105682,0.5356561233049375,0.43735717196157187,0.23139049471914058,0.0026802082285874995
2024-12-19 20:00:00,1.03607,1.03766,1.03545,1.03625,12477,11,0,2594.43,0.00039941335861827065,1.3455044280955188,-0.0005610747765769641,-0.010771301275591671,0.5368625850559384,0.43678765359042443,0.24866285993549972,-0.00669622346779386
2024-12-20 00:00:00,1.03613,1.03683,1.03584,1.03625,6276,11,0,2603.71,0.0003979897914898356,0.31471602384134784,-0.003576893575852891,-0.011324991408117602,0.5297499909723011,0.44384647297447977,0.26633435116738846,-0.0013156178801291274
2024-12-20 04:00:00,1.03625,1.03659,1.03558,1.03654,7311,11,0,2600.41,0.00039860637361031535,0.6692268879150252,0.0015472775024527596,-0.011876882217577699,0.5307443355059588,0.4390381351427344,0.2837871320915156,-0.007655115303743187
2024-12-20 08:00:00,1.03654,1.03982,1.03422,1.03826,18917,11,0,2604.96,0.00039857041950740126,0.5689962076036118,-9.03573426274118e-05,-0.01225604089219327,0.5357938701885764,0.43404215736700874,0.3008251680622061,0.003281416092804079
2024-12-20 12:00:00,1.03826,1.04189,1.03789,1.04066,16804,11,0,2609.62,0.0003987783661989102,0.6445942894945919,0.0005226646939067159,-0.010687494436102982,0.54327983309766,0.4476411880385507,0.3157198334610171,0.006584251026981125
2024-12-20 16:00:00,1.04066,1.04447,1.03852,1.04276,26318,11,0,2625.74,0.0003971299519373586,-0.6234221848724504,-0.004159194418086987,-0.009778898314811194,0.5390370494245738,0.44952401383511015,0.32987872419813136,0.012068161407322586
2024-12-20 20:00:00,1.04277,1.04469,1.04213,1.04272,10831,11,0,2622.5,0.00039760533841754056,-0.2290896429430221,0.0011955781237074081,-0.008871967214361029,0.5327311068129436,0.45674089950684743,0.34347474845928183,0.007216625507449059
2024-12-23 00:00:00,1.04261,1.04452,1.04223,1.04355,6224,11,0,2620.9,0.0003981647525659124,0.15296591968454654,0.0014060999515381756,-0.008447753769199868,0.5402777760247938,0.4582427165821077,0.3571948519343863,0.00787952669002201
2024-12-23 04:00:00,1.04355,1.04449,1.04354,1.04397,4863,11,0,2626.86,0.0003974212557958932,-0.4890762712255601,-0.001871555675619696,-0.006964749137142216,0.5377017126599906,0.47150577763503415,0.36942882750282274,0.008407038879675754
2024-12-23 08:00:00,1.04397,1.04415,1.04067,1.04073,9597,11,0,2626.29,0.0003962738311458369,-1.4400198329061251,-0.0028865483531101965,-0.005280220891355122,0.5473633390543853,0.4718823664028211,0.3809195918131215,0.006387903219625901
2024-12-23 12:00:00,1.04073,1.04094,1.03851,1.03988,11666,11,0,2617.38,0.00039729806142019876,-0.6370530529353121,0.002575884077051005,-0.0038435906516928655,0.5440592527469462,0.47502269654012785,0.39264589162367597,-0.00318386435823792
2024-12-23 16:00:00,1.0399,1.0417399999999999,1.03837,1.03971,14990,11,0,2611.31,0.000398156480846778,0.01508375646810432,0.0021556326045512053,-0.0030368180050503522,0.5429207785984114,0.47589600467128435,0.40464088862190295,-0.004266920877025737
2024-12-23 20:00:00,1.0397,1.04137,1.0397,1.04057,5891,11,0,2612.59,0.00039829058520472017,0.07156678672283658,0.00033697829636736287,-0.0020656439170942797,0.5445987637117105,0.4743826922657587,0.42076674280734894,-0.003170666564920377
2024-12-24 00:00:00,1.04008,1.0408,1.03976,1.04022,2966,11,0,2617.57,0.00039739911444584093,-0.7491205061362058,-0.002242508542740551,-0.0010698426053662583,0.5428657662627627,0.4748449534903017,0.4368016630609759,-0.0035365417266242094
2024-12-24 04:00:00,1.04022,1.04083,1.03882,1.03965,4137,11,0,2619.28,0.0003969220549158547,-1.112657744976964,-0.001201238666534321,-0.0002639210063441291,0.4266093587664001,0.47482730284454566,0.45191734998969374,-0.002669164486785447
2024-12-24 08:00:00,1.03965,1.04051,1.03896,1.03915,6169,11,0,2613.61,0.00039759183657852546,-0.4687621400605913,0.0016837859388957321,-0.0003939140282632163,0.48033403568813415,0.4768185855614132,0.4550959832226595,-0.00144037166937927
2024-12-24 12:00:00,1.03915,1.04031,1.03887,1.0402,7670,11,0,2614.19,0.0003979052784992675,-0.14213720512987899,0.000788525944073859,-0.0004215185204699223,0.4884958300910154,0.4765506191015469,0.45731764169363737,0.001102894715679037
2024-12-24 16:00:00,1.0402,1.04096,1.03831,1.0388,10595,11,0,2616.96,0.0003969491318170702,-1.0588642368820393,-0.0024054966558767488,-0.0002023069614091555,0.48291265155327073,0.47788368898605027,0.4596470673160201,0.001672669649658065
2024-12-24 20:00:00,1.0388,1.03971,1.03864,1.03921,2106,11,0,2615.56,0.00039731835629846,-0.6492899138117538,0.0009296580521215292,-0.00024008741474499835,0.6599142362888135,0.45161491669146553,0.46022250065945924,-0.0007678877737750112
2024-12-26 00:00:00,1.03986,1.04042,1.03924,1.03967,4412,11,0,2626.68,0.0003958114425815098,-2.164273006784141,-0.0038088356752137287,8.383360634469507e-05,0.5142940459339934,0.45073798613619565,0.46089154136819044,0.0028252038728198148
2024-12-26 04:00:00,1.03968,1.04038,1.03961,1.03974,3563,11,0,2626.33,0.00039589084387719754,-1.896982831080843,0.00020057711091348018,0.0006941703580972425,0.5129500761835074,0.4571524021909606,0.46190977879821726,0.004866831700215402
2024-12-26 08:00:00,1.03974,1.03999,1.039,1.03986,4702,11,0,2627.26,0.00039579638102053084,-1.731675294844708,-0.00023869283167510247,0.0015523597640281599,0.5371395996431366,0.46576568465970286,0.4630057393824784,0.00499963659871705
2024-12-26 12:00:00,1.03986,1.04053,1.03922,1.04022,5239,11,0,2623.08,0.00039656434420604785,-0.8139062301530137,0.0019372116175887522,0.0022202691073772403,0.5339066846417987,0.46243677566145286,0.46417567140841437,0.0023385913426265947
2024-12-26 16:00:00,1.04022,1.04223,1.03945,1.04116,10834,11,0,2629.32,0.0003959807098413278,-1.3330169673534116,-0.0014752278439615907,0.0027560332300103417,0.5116679466495748,0.4617056198586867,0.4655588445329982,0.005260823685941052
2024-12-26 20:00:00,1.0411299999999999,1.04295,1.04112,1.04224,6766,11,0,2633.44,0.0003957713105291938,-1.4557064724895006,-0.0005296405207138033,0.002686300872324528,0.471414047379652,0.4630212227419702,0.46632784626816914,0.0025735909970001636
2024-12-27 00:00:00,1.04153,1.0424,1.04117,1.04127,4935,11,0,2632.2,0.00039558924093913833,-1.4807223808662486,-0.00045982074660710914,0.003137773322505247,0.539939670665319,0.4638733955144628,0.46704531535213684,0.0022350580467800363
2024-12-27 04:00:00,1.04127,1.04137,1.04063,1.04088,4224,11,0,2631.41,0.0003955597949388351,-1.3486270749206695,-7.441345631586938e-05,0.0034856625745654218,0.5486534700361345,0.46453017362616134,0.4674347790581025,0.0015795924270911588
2024-12-27 08:00:00,1.04088,1.0425200000000001,1.04046,1.04164,7600,11,0,2624.04,0.00039696041218883853,0.21078224899346762,0.0035309312204088172,0.003710551982497233,0.5146171628756829,0.46457816694352366,0.4677515515761733,0.00036598197538761923
2024-12-27 12:00:00,1.04164,1.0443500000000001,1.04111,1.0438,8360,11,0,2618.8,0.00039857950206201315,1.8033109794464712,0.004070573864165761,0.0035485563983642127,0.5781850128816298,0.4624172088092726,0.46729712313488525,-0.004001034488004485
2024-12-27 16:00:00,1.0438,1.04393,1.04141,1.04209,14517,11,0,2615.9,0.00039836767460529833,1.4065719124282436,-0.0005308674497224164,0.0028386378051668045,0.47732606253262366,0.45270116784675235,0.4663380632070817,-0.006660489701682981
2024-12-27 20:00:00,1.04209,1.04299,1.04204,1.04224,6571,11,0,2621.65,0.0003975511605286747,0.5887952100163556,-0.002054154755328552,0.0023126484373558803,0.48655895001531424,0.45323321446489173,0.46524858910331995,-0.004008054099232439
2024-12-30 00:00:00,1.04262,1.04336,1.04217,1.04248,2986,11,0,2624.16,0.0003972623620510945,0.3636088900066854,-0.0007271390590717353,0.0019335962345757305,0.5083658768582117,0.4514775541614577,0.46402766657782857,-0.0027551768823558254
2024-12-30 04:00:00,1.04248,1.0427,1.04204,1.04248,2398,11,0,2623.71,0.00039733049765408525,0.5061658702580057,0.00017148344613127087,0.0016607467828517388,0.49932618283604735,0.44938772019902706,0.4627779179744921,-0.00012576027804456213
2024-12-30 08:00:00,1.04248,1.0439,1.04088,1.04334,9050,11,0,2612.85,0.00039931109707790345,2.1780277511721184,0.004964132841419722,0.0009319543613212451,0.4512765990113491,0.4590357851309479,0.4619874595565244,-0.002272032992210238
2024-12-30 12:00:00,1.04335,1.04581,1.03846,1.03876,15933,11,0,2606.55,0.0003985191153056722,1.306977939941044,-0.0019785880809796152,-5.4808024403321263e-05,0.6687332833662184,0.45797787458991335,0.46114498814379273,-0.003574295653503534
2024-12-30 16:00:00,1.03879,1.04086,1.03709,1.0394,22092,11,0,2605.27,0.0003989605683863861,1.5345068632213614,0.0011071897912814377,-0.0008220800291030776,0.6878251374203748,0.461210677940396,0.4603645927627419,-0.006247973604409429
2024-12-30 20:00:00,1.0394,1.04067,1.0393,1.04061,6741,11,0,2605.92,0.0003993253822066679,1.6564781475992545,0.0009146388594849508,-0.0015842023524617003,0.6910285101354878,0.46111224700445386,0.45959267415788724,-0.006950795683190014
2024-12-31 00:00:00,1.03997,1.04129,1.03953,1.04115,4416,11,0,2608.85,0.0003990838875366541,1.321060695604862,-0.0006054365899477165,-0.0020109679443768005,0.6720660317236076,0.458317470924718,0.45861436325482063,-0.005663735702497674
2024-12-31 04:00:00,1.04115,1.04144,1.04021,1.04034,3899,11,0,2604.35,0.0003994624378443758,1.430708070939503,0.0009469120625413829,-0.0022767970729511864,0.6683646337965088,0.4620440937219222,0.45913582210634346,-0.003253152687678229
2024-12-31 08:00:00,1.04034,1.0424,1.03991,1.04181,9826,11,0,2615.17,0.0003983718075689152,0.6058210344335185,-0.0027415879207530747,-0.0021634416174370584,0.6886412181015168,0.4630050657048968,0.45974917608477844,0.0033070533847421313
2024-12-31 12:00:00,1.04181,1.04196,1.03831,1.03925,12725,11,0,2613.2,0.000397692484310424,0.06617200109759269,-0.0017039647719728768,-0.0024330624569627994,0.7462319910631977,0.48010813004363145,0.4608969624774121,0.003043830389940272
2024-12-31 16:00:00,1.03925,1.03938,1.03437,1.03482,20905,11,0,2624.18,0.0003943403272641359,-2.1248755575460017,-0.008464434426488698,-0.0025957154974640424,0.7924091316938997,0.4780127201336667,0.46150931425111025,0.007007122244734987
2024-12-31 20:00:00,1.03479,1.03642,1.03451,1.0354,5265,11,0,2623.68,0.0003946365410415905,-1.7230034008272739,0.0007510196591020701,-0.002737633275244638,0.8050626271523957,0.43611666249620484,0.46019330859284785,0.005684497000594035
2025-01-02 00:00:00,1.03512,1.03603,1.03433,1.03574,7056,11,0,2632.94,0.00039337774503027037,-2.137892167467445,-0.0032010183214652432,-0.0021657822938994605,0.7701469401101341,0.4393632130358626,0.4590761882517067,0.010977787163783725
2025-01-02 04:00:00,1.03574,1.03754,1.03572,1.03634,4434,11,0,2634.03,0.0003934427474250483,-1.8677962523700526,0.0001653100758074455,-0.0013042379208831004,0.7722543044490718,0.43917237825430133,0.4578837460273232,0.007211768259807183
2025-01-02 08:00:00,1.03635,1.03722,1.03455,1.03509,13486,11,0,2636.11,0.0003926581212468372,-1.971508806556839,-0.001995832366447403,-0.00041333986367929896,0.7740053458694159,0.45138078769460743,0.4572591156363305,0.00876702893004766
2025-01-02 12:00:00,1.03509,1.03567,1.03108,1.03127,23768,11,0,2642.98,0.00039019213160901707,-2.449192043627414,-0.006296613137954932,0.000634276242369047,0.8204387145363891,0.4610514076750779,0.4570851773387763,0.007164142703625531
2025-01-02 16:00:00,1.03127,1.03232,1.02233,1.02641,32606,11,0,2656.45,0.000386384084021909,-2.777466406580696,-0.009809155713608742,0.0019467299955384949,0.859727681871283,0.443633361081749,0.4560379370456875,0.012490090254909214
2025-01-02 20:00:00,1.02641,1.02682,1.02475,1.02665,8810,11,0,2658.08,0.0003862374345392163,-2.2650472840770344,-0.0003797761683497214,0.0034528177352426428,0.8496397433933819,0.41075657646895936,0.45345490542867184,0.009548261639080291
2025-01-03 00:00:00,1.0256,1.02731,1.02536,1.02667,5049,11,0,2659.38,0.00038605614842557285,-1.9444555969265858,-0.0004695939851957487,0.004719993794693509,0.8636669268012277,0.4083926371281812,0.4512394788927433,0.009624036172708683
2025-01-03 04:00:00,1.02667,1.02741,1.02641,1.02716,5891,11,0,2658.49,0.00038636970611136405,-1.6338330312374216,0.0008119356483572426,0.006034126678463941,0.8712737476640288,0.3918353921769797,0.4481695877783477,0.008489782292848025
2025-01-03 08:00:00,1.02716,1.02995,1.0268,1.02895,14587,11,0,2653.71,0.00038774018261226735,-1.218490666189309,0.0035406822648974545,0.006820381606471814,0.8748524320379785,0.3874884499815135,0.44497013256935053,0.004059811273638081
2025-01-03 12:00:00,1.02895,1.03027,1.02784,1.02924,13873,11,0,2649.87,0.00038841150697958767,-0.984696383967001,0.0017288714721133136,0.0074746987224546466,0.8634928918285094,0.3796521896978242,0.44148335604429034,-0.0024769899678142027
2025-01-03 16:00:00,1.02924,1.03054,1.02722,1.02978,20307,11,0,2641.85,0.0003897950299979181,-0.6421186310491769,0.003551222538937693,0.0076535561021143965,0.8973915822731977,0.376585330071335,0.4373608332913097,-0.006105911033527978
2025-01-03 20:00:00,1.02978,1.03093,1.02918,1.03079,8614,11,0,2640.2,0.00039042118021362024,-0.4511660788081974,0.0016053543470417875,0.007801868198658315,0.8567594089564328,0.37207308989384114,0.4330655940565061,-0.007212207356601996
2025-01-06 00:00:00,1.03017,1.03131,1.02931,1.03118,6194,11,0,2641.4,0.00039039145907473306,-0.38678368409986674,-7.616043641922587e-05,0.007885511575177874,0.8601143705320031,0.37010023182890583,0.4285100717509317,-0.006428461269367136
2025-01-06 04:00:00,1.03118,1.03178,1.03081,1.03084,5826,11,0,2633.79,0.00039139035382471647,-0.09779444388515032,0.0025513285784817263,0.00750561939043368,0.7935153160298544,0.36912101753101256,0.4239105102772595,-0.007506472071175829
2025-01-06 08:00:00,1.03084,1.03687,1.03073,1.03548,17286,11,0,2632.71,0.00039331335392048494,0.4339912872242394,0.004911238972227117,0.006492198676666807,0.9200115479545106,0.3789451581619005,0.41994189463911863,-0.006475789378346808
2025-01-06 12:00:00,1.03548,1.04364,1.03285,1.04161,34111,11,0,2624.1,0.00039693990320490834,1.4274331612464708,0.009190354209888563,0.005132600090264505,1.0462178425656632,0.38118506477287833,0.41589894319166654,-0.006718776614872191
2025-01-06 16:00:00,1.04161,1.04233,1.03525,1.03872,33215,11,0,2636.77,0.00039393652081903244,0.7701811931569902,-0.007602873026954615,0.00400735405917711,1.043500548386227,0.3394800668819614,0.4097226932505197,-0.0012991440042420255
2025-01-06 20:00:00,1.03872,1.03919,1.03766,1.03892,10309,11,0,2635.86,0.0003941483993838823,0.9486129871286639,0.0005376638881943174,0.0029665575960254585,1.0242240540455536,0.3129690326716136,0.4013657383819188,-0.0020973726054365205
2025-01-07 00:00:00,1.03811,1.03903,1.03758,1.03807,5592,11,0,2638.9,0.0003933722384326803,0.7386353785331182,-0.0019714810901002577,0.0022165548784155165,1.0092415614102008,0.31053445378090594,0.39299182506428076,0.0019401698692758096
2025-01-07 04:00:00,1.03807,1.04028,1.03795,1.03963,5671,11,0,2644.32,0.000393155896411932,0.710662137533876,-0.0005510972596309838,0.0017441633714042155,1.0040679348345356,0.3211626843033729,0.38724412615463916,0.004409904622993066
2025-01-07 08:00:00,1.03963,1.04341,1.03959,1.04275,17440,11,0,2641.46,0.0003947627448456536,1.1662385436231661,0.004082631189690766,0.0013665724184014003,1.0832397157415012,0.32025786640499426,0.38128885882309577,0.006615601539575522
2025-01-07 12:00:00,1.04275,1.04342,1.03859,1.03964,20470,11,0,2662.39,0.0003904912503427371,-0.09872990221543072,-0.01090614648728816,0.0015013330354866693,0.898496951713172,0.35429284763075986,0.3770448822919187,0.009716433363547106
2025-01-07 16:00:00,1.03964,1.03975,1.03529,1.03664,29880,11,0,2652.67,0.0003907911651279654,0.023921468059716906,0.0007652408077136741,0.0013286338546778813,0.8786924119871048,0.3084403038156481,0.3698978580979707,0.006377425204677101
2025-01-07 20:00:00,1.03664,1.03692,1.03388,1.03395,10641,11,0,2648.0,0.000390464501510574,-0.08304690697538117,-0.000834431682023129,0.001334876643626043,0.8595142489867027,0.3217737461350501,0.36293397502096936,0.003448406533025139
2025-01-08 00:00:00,1.034,1.03525,1.03384,1.03524,5030,11,0,2648.72,0.0003908453894711408,-0.03530185319128435,0.0009757392126432674,0.0014372533647464855,0.8402090869331259,0.32439477679627104,0.3569720458066954,0.001663943849458338
2025-01-08 04:00:00,1.03524,1.03554,1.03458,1.03545,4378,11,0,2649.89,0.0003907520689538056,-0.15181697784574127,-0.00023887128171362626,0.0018381624433777876,0.8409401301583526,0.32432138310785485,0.3526502861386402,0.003191416867944108
2025-01-08 08:00:00,1.03545,1.03571,1.03149,1.03189,16213,11,0,2653.55,0.00038887151174841247,-0.9431763164308432,-0.004819308100218356,0.0019881498197041637,0.8918465397766607,0.31231634912301,0.3478464717383817,-0.003320324971172406
2025-01-08 12:00:00,1.03189,1.03212,1.02724,1.03029,28115,11,0,2660.25,0.0003872906681702847,-1.6239778361213006,-0.00407547231653993,0.0023162830842874365,0.8839698024070188,0.31411637732686104,0.3439605209958757,0.00285749829417159
2025-01-08 16:00:00,1.0303,1.03142,1.02883,1.03049,24550,11,0,2655.65,0.00038803682714213085,-1.3440952078014832,0.001923280895265722,0.002552042768455995,0.8748179240232092,0.30248163933609096,0.33971018046360457,0.0028889728096677114
2025-01-08 20:00:00,1.03049,1.03241,1.03049,1.03187,10780,11,0,2661.17,0.0003877505007196083,-1.4199705209530626,-0.0007394184182518693,0.0027153508396790455,0.8766178681581767,0.30250671971005044,0.3358529069642159,0.004700383581503598
2025-01-09 00:00:00,1.03131,1.03184,1.0304,1.03141,6115,11,0,2658.4,0.0003879814926271441,-1.248862074923059,0.0005951029557921261,0.003033830891506089,0.9044769151759923,0.30575497160377363,0.3323113890408378,0.0032114540603573882
2025-01-09 04:00:00,1.03138,1.03213,1.03049,1.03065,6503,11,0,2658.44,0.0003876897729495494,-1.253351304746697,-0.0007519020173403224,0.0025764279876670285,0.9059479255966943,0.33689690965158764,0.3305525800287251,0.0018428143430497812
2025-01-09 08:00:00,1.03065,1.03172,1.0283,1.0305,18690,11,0,2664.91,0.00038669223350882393,-1.4589398337444999,-0.0025792973666944885,0.002675161544118737,0.892592643933824,0.3490542050561744,0.3295002786900886,0.001751715064373549
2025-01-09 12:00:00,1.0305,1.03188,1.02955,1.03078,16132,11,0,2672.72,0.00038566703582866894,-1.5897656156020488,-0.0026589678250401594,0.0032329443317175048,0.9131883947969945,0.3458334719897088,0.3283359014130234,0.006427804868864406
2025-01-09 16:00:00,1.03078,1.03146,1.02905,1.02966,13500,11,0,2665.98,0.0003862219521526793,-1.2660758447007567,0.0014352197573537229,0.0037639790786912616,0.8035394345237645,0.3521094021788474,0.3269941136138707,0.0018074756592025842
2025-01-09 20:00:00,1.02966,1.03032,1.02932,1.0299,4062,11,0,2670.05,0.00038572311379936704,-1.3528136055091562,-0.0012935564606388894,0.004373481430059044,0.651415453783791,0.35127188283016253,0.325498454516735,0.004382335239241586
2025-01-10 00:00:00,1.02955,1.03043,1.02914,1.03015,5457,11,0,2671.12,0.0003856621941357932,-1.2508776743649985,-0.00015799954535911098,0.004888004552899676,0.6660437708481824,0.3519377530477394,0.32612133882502387,0.004769714569446748
2025-01-10 04:00:00,1.03015,1.03032,1.02839,1.02849,5086,11,0,2674.87,0.0003845009290171111,-1.505423666233544,-0.003015321291083173,0.005232468383424933,0.6734431900066707,0.3564819719843976,0.3282969857906631,0.003737462053127416
2025-01-10 08:00:00,1.02849,1.03114,1.02804,1.02995,12205,11,0,2678.63,0.0003845062587964743,-1.3749935111004141,1.3881036174945294e-05,0.005784062665894463,0.6935007448400375,0.3521117848968203,0.3303758523464587,0.0022112305067498728
2025-01-10 12:00:00,1.02995,1.03116,1.02124,1.0256,20596,11,0,2682.72,0.00038229856265283,-1.9108355466761695,-0.005750405940557535,0.0061811657043104205,0.7528225087714453,0.35906656298031936,0.3322710462803061,0.006279116872594637
2025-01-10 16:00:00,1.0256,1.0278,1.0227,1.02444,36348,11,0,2696.08,0.00037997388801519244,-2.4315015796157953,-0.006111065519736614,0.006915259820637923,0.6326800186632595,0.34436300970359685,0.3334763034452362,0.009748881107095375
2025-01-10 20:00:00,1.02444,1.02483,1.02344,1.02382,11964,11,0,2689.15,0.00038072253314244274,-1.874083926147874,0.0019651898051082917,0.0074527628054915996,0.7269381868054022,0.33229369104516737,0.33237634561595664,0.006749977537512386
2025-01-13 00:00:00,1.02338,1.02494,1.02293,1.02413,6169,11,0,2685.67,0.00038133128790953464,-1.506101602881774,0.0015968768097278652,0.007674459372124509,0.7600185527312825,0.3301971705995551,0.33346418895515195,0.004037579396382052
2025-01-13 04:00:00,1.02413,1.02447,1.02072,1.02191,7475,11,0,2686.91,0.00038032907689502073,-1.619392380301012,-0.0026294032954875535,0.007537148790394651,0.7776510973301206,0.3220663966612484,0.33347882148146185,0.0030911324072380175
2025-01-13 08:00:00,1.02191,1.02309,1.01768,1.01928,22374,11,0,2684.83,0.0003796441487915436,-1.6468801669585582,-0.001799488722156073,0.007587705490182274,0.7654556727560335,0.32546058988392673,0.33353211213584466,0.0007865151786248248
2025-01-13 12:00:00,1.01929,1.02201,1.01856,1.02079,18976,11,0,2669.27,0.0003824229096344694,-0.731503129836473,0.007276963106503165,0.006988792774909894,0.641795943658987,0.32887145385126326,0.33375961567301504,-0.009944066941633745
2025-01-13 16:00:00,1.02079,1.0219,1.01913,1.02175,19758,11,0,2660.76,0.0003840068251176355,-0.1431935892507144,0.004128585665013507,0.006297659732438677,0.5740884760158282,0.3080638506323147,0.33354699074848027,-0.010557239276351216
2025-01-13 20:00:00,1.02175,1.02465,1.02062,1.02414,8810,11,0,2662.77,0.00038461451796437547,0.11529175028580912,0.0015837007893455546,0.005504923374223253,0.6308396467113301,0.2985687969669683,0.33276961173048564,-0.008526736345120578
2025-01-14 00:00:00,1.02375,1.02772,1.02345,1.02484,11462,11,0,2670.6,0.00038374897026885343,-0.12120858141800547,-0.0022570465714268906,0.004805209175320066,0.6247409252652774,0.29969147973592436,0.33263010375047736,-0.006070169823328642
2025-01-14 04:00:00,1.02484,1.02549,1.02376,1.02447,8111,11,0,2668.5,0.0003839123102866779,0.011728099572540823,0.00042530818231589773,0.003968320927408968,0.6126156103401518,0.3018459971055475,0.33259706762025215,-0.006082321785736866
2025-01-14 08:00:00,1.02447,1.02746,1.02444,1.02588,19734,11,0,2667.27,0.0003846179801819838,0.3827272598540544,0.0018372545234635052,0.0025646010830177876,0.6347991072039383,0.3021198312841304,0.33241531060427004,-0.0007492685266009547
2025-01-14 12:00:00,1.02588,1.02725,1.0239,1.02524,21878,11,0,2662.85,0.00038501605422761325,0.6542659492074734,0.0010332704335832554,0.0015729879398845101,0.625720616386638,0.2959730940315187,0.33036911982326655,0.0007854898600399007
2025-01-14 16:00:00,1.02524,1.03041,1.02427,1.02881,26986,11,0,2668.95,0.00038547368815451775,0.9222962825496769,0.0011913328286172753,0.0007426730834286973,0.7110236858604989,-0.03194371013599118,0.3113192240636583,0.0023208914025618643
2025-01-14 20:00:00,1.02881,1.03079,1.02862,1.03071,8497,11,0,2676.96,0.0003850300340684956,0.7381631067010963,-0.0011543863707756952,7.992243527580994e-06,0.7299307674804605,-0.07869828718390856,0.29009263610497743,0.00238148730622334
2025-01-15 00:00:00,1.0302,1.03081,1.02972,1.02993,4751,11,0,2669.76,0.00038577624955052136,1.121312390598202,0.0019328581708658588,-0.0008191146221134145,0.7237002972040534,-0.06470380313136241,0.269251975839467,0.0004721753794267869
2025-01-15 04:00:00,1.02993,1.03046,1.02918,1.0293,5802,11,0,2679.39,0.00038415460235352084,0.3838837993902162,-0.00421875786040915,-0.0008080802534139561,0.6967212557271857,-0.0945436062766987,0.24696120138412386,0.0045439719263515865
2025-01-15 08:00:00,1.0293,1.03167,1.02865,1.03097,16728,11,0,2685.92,0.00038384240781557153,0.2829687886661816,-0.0008146600149312455,-0.0002699582275820481,0.6977863316719044,-0.1314851627658613,0.22279005559344384,0.008663649848846156
2025-01-15 12:00:00,1.03097,1.0354,1.0293,1.0344,18779,11,0,2693.85,0.0003839857453087589,0.37318106363661596,0.00037453049654456727,0.0004738500252201235,0.7179686127790252,-0.14025030542387373,0.19795344172303025,0.009329511605687735
2025-01-15 16:00:00,1.0344,1.03452,1.02575,1.02851,25105,11,0,2692.82,0.0003819453212617256,-0.6249158050308037,-0.005311769801171762,0.0008411926913331554,0.863410836671119,-0.1169718347867051,0.174499260738854,0.005924630924631025
2025-01-15 20:00:00,1.02851,1.02984,1.02839,1.02899,6639,11,0,2695.86,0.0003816926695006417,-0.7338163339144999,-0.0006622334995629586,0.0014312409449528355,0.7877960095631429,-0.10355180618428847,0.15136834228062362,0.009776159654800498
2025-01-16 00:00:00,1.02827,1.02996,1.02822,1.02892,8150,11,0,2696.03,0.00038164263750774285,-0.8510452637677314,-0.0001310875264241007,0.002036395859515218,0.8555499660000254,-0.10149644405874825,0.12907536959250637,0.0062103687779682115
2025-01-16 04:00:00,1.02895,1.02935,1.02801,1.02816,7984,11,0,2694.75,0.00038154188700250486,-0.9548429446925271,-0.0002638664074856578,0.002774709220008217,0.8821939750550452,-0.10758312335137292,0.10708152887267934,0.003287514147852555
2025-01-16 08:00:00,1.02816,1.0301,1.02811,1.02857,13371,11,0,2705.52,0.0003801746059907153,-1.617666216390154,-0.003597889553198952,0.0036329679713603806,0.8384612985482665,-0.11538537019448707,0.08480240183297724,0.004332089760008984
2025-01-16 12:00:00,1.02857,1.02957,1.02603,1.0281,16741,11,0,2715.45,0.0003786112798983594,-2.21019424421418,-0.004127219185361852,0.004535502091496147,0.779014907815127,-0.1432259656040929,0.06153778371971017,0.008403829442740207
2025-01-16 16:00:00,1.0281,1.03146,1.02675,1.02961,26426,11,0,2721.64,0.0003783049925780044,-2.180536043508188,-0.0008108197865683842,0.005774677726287453,0.7378712691674698,-0.14415875894956331,0.038056816278035664,0.009562811125206627
2025-01-16 20:00:00,1.02961,1.03073,1.0293,1.03014,7440,11,0,2714.4,0.00037950928381962865,-1.4646810226149733,0.00317491880057974,0.006525067899601607,0.8383053778872923,-0.1342651032641228,0.014899988422266364,0.006813722399231503
2025-01-17 00:00:00,1.02951,1.0309,1.02918,1.03046,4260,11,0,2714.6,0.0003795992043026597,-1.2768737032008457,0.00023695628092879062,0.007049803901806817,0.9129953940361573,-0.14040178586212682,-0.007523293402455712,0.0073661749698488155
2025-01-17 04:00:00,1.03046,1.03087,1.0287,1.02928,5346,11,0,2711.59,0.00037958540929860336,-1.1548526310554463,-3.6300676444556146e-05,0.00725129802055746,0.8797821801429532,-0.14630467869728486,-0.029766967185668368,0.00224356131168868
2025-01-17 08:00:00,1.02928,1.03033,1.0277,1.02965,15030,11,0,2705.08,0.0003806356928445739,-0.6589990846207753,0.002760280015674965,0.007377035456427536,0.8531374443809264,-0.15051600425370887,-0.052277341385150035,-0.0038188882137398794
2025-01-17 12:00:00,1.02965,1.03093,1.0285,1.02897,15848,11,0,2704.99,0.00038039697004425154,-0.6844457986149306,-0.0006271478537793751,0.00743848092464145,0.8632557380512332,-0.1537771365522247,-0.07505849806803863,-0.006117634955394524
2025-01-17 16:00:00,1.02897,1.03302,1.02647,1.02804,26901,11,0,2712.63,0.00037898275843001073,-1.1382786339935582,-0.003728226139866231,0.007849134181666328,0.848786526088275,-0.15367856200046046,-0.09784841773226818,-0.0006520778072501843
2025-01-17 20:00:00,1.02804,1.02916,1.02685,1.02695,8563,11,0,2702.47,0.0003800042183632011,-0.6473703943945875,0.002685172586328388,0.007969798501749347,0.7954259504300957,-0.1567760197925413,-0.12048587342347117,-0.004468429971266508
2025-01-20 00:00:00,1.02779,1.02923,1.02659,1.0290300000000001,6377,11,0,2693.88,0.0003819880618290347,0.2812317721515743,0.005203988739218013,0.007434474775778563,0.713174532936387,-0.1451098123366061,-0.12614417853350193,-0.006531223378165585
2025-01-20 04:00:00,1.0290300000000001,1.03066,1.02864,1.03022,5955,11,0,2707.12,0.0003805594136942581,-0.28989289654947786,-0.0037584151469018945,0.0068725869778295005,0.6660779182668181,-0.1624144065623692,-0.13032998450242497,0.0007541366613925682
2025-01-20 08:00:00,1.03021,1.03183,1.02988,1.03055,14726,11,0,2706.06,0.000380830432436827,-0.040371914495868993,0.0007118799659452391,0.006028855565357625,0.6892188873919112,-0.14631412222678447,-0.13441050045719607,0.0003955652331433246
2025-01-20 12:00:00,1.03055,1.03996,1.03055,1.03976,20803,11,0,2704.99,0.0003843858942177236,2.0067585808399544,0.009332384224644441,0.005234409996302859,1.0694069681342755,-0.14527066755880616,-0.13694685352130143,-0.002816454879581931
2025-01-20 16:00:00,1.03976,1.04298,1.0352999999999999,1.03851,29464,11,0,2707.46,0.0003835735338656896,1.566253675199616,-0.002115327728242966,0.004388463605882778,1.0922546641228397,-0.14329613098942734,-0.13753740193247974,0.0018464589801183706
2025-01-20 20:00:00,1.03851,1.04338,1.03829,1.04161,7693,11,0,2708.6,0.0003845565975042457,2.0550569633022935,0.0025639870308356016,0.0037082616507867084,1.1187199630386568,-0.1499654887105836,-0.13802316109681523,0.005464237456753729
2025-01-21 00:00:00,1.04092,1.04339,1.03517,1.03697,20932,11,0,2717.85,0.00038154055595415493,0.3613431816070936,-0.00786969069701171,0.003595599108312229,1.019545443518894,-0.1477170839931864,-0.1395604235571393,0.003963621856437838
2025-01-21 04:00:00,1.03697,1.04006,1.03687,1.03786,11045,11,0,2726.05,0.00038071935584453695,-0.0788616729801287,-0.0021588209483631715,0.003662579746084743,0.9951991808381194,-0.17013402727464516,-0.14288953461165713,0.007387123714921451
2025-01-21 08:00:00,1.03786,1.03857,1.03413,1.0352999999999999,16390,11,0,2721.29,0.00038044456856858324,-0.20276097960580172,-0.0007204978187617117,0.003314045219869244,1.0071157959361614,-0.1635855386056851,-0.14599398933900398,0.006025900280592689
2025-01-21 12:00:00,1.03531,1.03775,1.0342500000000001,1.03773,18865,11,0,2726.35,0.0003806297797421461,-0.07040508632118495,0.0004877334908173214,0.0034118416211871877,1.0140721367944754,-0.15635447342073677,-0.14843255684247217,0.006977019051066291
2025-01-21 16:00:00,1.03773,1.04298,1.03724,1.04208,23453,11,0,2740.27,0.00038028369467242275,-0.2737996422148211,-0.0009138856292203457,0.004244911780286249,1.0291511520783112,-0.15105577514100346,-0.15021607708979798,0.011692387211105437
2025-01-21 20:00:00,1.04208,1.04349,1.04153,1.0423,7844,11,0,2744.54,0.000379772202263403,-0.6238835865283139,-0.0013471243822462675,0.004791482421894581,1.0593338710225693,-0.11019965361203021,-0.14856476149019487,0.009820262339717
2025-01-22 00:00:00,1.04255,1.04323,1.03918,1.04092,9607,11,0,2748.01,0.0003787904701947955,-1.2520541637108291,-0.0025883234595164284,0.005372360406821794,1.0816198416920502,-0.11023380555376637,-0.146868513820405,0.008055611599200319
2025-01-22 04:00:00,1.04092,1.0421,1.04056,1.04152,5338,11,0,2758.08,0.0003776250145028426,-1.7666387112966482,-0.003088056752547308,0.006357357595373979,1.0894773890252811,-0.10864537594746937,-0.14558752745457232,0.013519323556107521
2025-01-22 08:00:00,1.04152,1.04469,1.03993,1.04462,16655,11,0,2758.41,0.0003787036734930631,-1.104628160689185,0.002856770628710148,0.0073383094350150104,1.1100274179103502,-0.09554208178627427,-0.1433445422507797,0.01175931190052637
2025-01-22 12:00:00,1.04461,1.04569,1.04218,1.04312,14619,11,0,2757.69,0.0003782586150002357,-1.2677079388224037,-0.0011749089191142037,0.008356061401606309,1.1260662823681755,-0.10239089111699322,-0.14114885287176512,0.0063570378101427405
2025-01-22 16:00:00,1.04312,1.04316,1.04116,1.04166,17748,11,0,2756.61,0.0003778771752260929,-1.3276654885601298,-0.0010080150853207792,0.008992958541533104,1.1874552037270294,-0.10063040391525796,-0.13865457285484256,0.004397822585934241
2025-01-22 20:00:00,1.04166,1.04225,1.04075,1.0409,7033,11,0,2756.13,0.0003776672363059797,-1.2995697595288296,-0.0005554777527135846,0.009353425477721689,1.1865476252486031,-0.09824672194251095,-0.1358780521243569,0.0029548655208677665
2025-01-23 00:00:00,1.04083,1.04155,1.04014,1.04032,5786,11,0,2752.58,0.0003779436020024849,-1.1148341838941629,0.000730827830614067,0.009803771560812182,1.1800701244882394,-0.09728728792071056,-0.1330584884203694,-0.0019941408516068737
2025-01-23 04:00:00,1.04032,1.04122,1.03963,1.0405,6318,11,0,2752.05,0.00037808179357206445,-0.9779263977227137,0.0003655703140008626,0.010039094881507454,1.290330849185353,-0.08964001480227478,-0.1297016881708561,-0.002305676096011733
2025-01-23 08:00:00,1.0405,1.04144,1.03897,1.04111,14247,11,0,2745.85,0.0003791576378899066,-0.4247571364999905,0.002839122652712023,0.009745732872069757,1.332025590436823,-0.11741386541405542,-0.12831689082472855,-0.0042934485021884905
2025-01-23 12:00:00,1.04111,1.04199,1.03937,1.04103,15084,11,0,2741.63,0.00037971206909758056,-0.14705556614940438,0.001460023659262899,0.009315940448967082,1.4328372370511189,-0.11859558900188089,-0.12612594994670412,-0.005434210860440936
2025-01-23 16:00:00,1.04102,1.04376,1.03716,1.04349,25701,11,0,2757.69,0.00037839278526592907,-0.6980745661908239,-0.0034947848089939004,0.009226198293444317,1.2550366087251712,-0.11738331556414895,-0.12467940961357235,0.0005660110372152083
2025-01-23 20:00:00,1.04349,1.04365,1.04123,1.04149,9153,11,0,2754.32,0.00037812962909175406,-0.7603163322719014,-0.0006946078195803063,0.008596509158632318,0.9217098078033983,-0.09121659042415352,-0.12197670575683972,0.0006321342158992493
2025-01-24 00:00:00,1.04118,1.04227,1.04111,1.04153,4571,11,0,2762.26,0.00037705719229905947,-1.2557609488932526,-0.002844337684460241,0.00815083449339433,0.8959378979564202,-0.0880340090967433,-0.1192135996622055,0.003709961664940753
2025-01-24 04:00:00,1.04153,1.04535,1.04153,1.0451,12628,11,0,2775.19,0.0003765868282892342,-1.6842145887681812,-0.0012532999495231678,0.008009157364211879,0.8610401848514071,-0.09814878881975968,-0.11662276466766433,0.010685215871223841
2025-01-24 08:00:00,1.04509,1.05146,1.04468,1.0493999999999999,22462,11,0,2772.82,0.00037845947447003405,-0.21236270411337949,0.004968434391967591,0.007769707947243442,0.8174656975790316,-0.07674500695752105,-0.11307416081588106,0.011376443940283698
2025-01-24 12:00:00,1.0493999999999999,1.04974,1.04633,1.04681,13198,11,0,2782.41,0.0003762242085098889,-1.8465493904037096,-0.005926649857220578,0.007779670897438136,0.8555931620539658,-0.05889702527719305,-0.10751231071600845,0.00896402423767717
2025-01-24 16:00:00,1.04681,1.0521,1.04667,1.05106,21541,11,0,2773.25,0.00037899936897142344,0.5077813909582968,0.007352063650472029,0.00779084198384408,0.8310167233768925,-0.07133106489722206,-0.10289958703058528,0.006872839757181337
2025-01-24 20:00:00,1.05106,1.05114,1.04877,1.04888,6492,11,0,2770.89,0.0003785354164185515,0.2177547505517616,-0.0012231095172754447,0.007639736009809406,0.8452667784115748,-0.09826916105739944,-0.09999532141241843,0.003124253328795845
2025-01-27 00:00:00,1.04644,1.04849,1.04608,1.04623,7827,11,0,2762.96,0.00037866273851232013,0.47033339444636285,0.0003353918963074909,0.00741778234962461,0.8430493797380484,-0.09215464920551188,-0.09705026511564384,-0.004406905473138822
2025-01-27 04:00:00,1.04623,1.04771,1.04555,1.04625,7340,11,0,2753.18,0.00038001510980030366,1.886280518487789,0.003558798335596025,0.007275157238620141,0.8014239361296823,-0.07446894821633954,-0.09526372984585932,-0.00708304181302799
2025-01-27 08:00:00,1.04625,1.04933,1.04534,1.04882,18192,11,0,2763.38,0.0003795424443978027,1.2914651612327368,-0.001248414929474695,0.006781941520717586,0.7798708202141834,-0.05940822442184568,-0.09272245078926326,-0.00683939462552241
2025-01-27 12:00:00,1.04882,1.05328,1.04882,1.05194,22707,11,0,2757.22,0.00038152196777913993,2.5351897563257593,0.005203925799937559,0.006250043936720709,0.8272040655365013,-0.005288210129581439,-0.08755459249836887,-0.005780221761471305
2025-01-27 16:00:00,1.05194,1.0524,1.04845,1.04883,20481,11,0,2733.74,0.0003836612113807458,2.955343264029632,0.005559381526944462,0.004892931530219341,0.6912800041111169,-0.018174438226062156,-0.08368621032035828,-0.013407244603719448
2025-01-27 20:00:00,1.04883,1.04939,1.04788,1.04912,9739,11,0,2740.4,0.00038283462268282005,2.041982644192658,-0.002159724328819612,0.0032417629667492185,0.668755256135052,0.03065558926397523,-0.07703388630130985,-0.00816515620928282
2025-01-28 00:00:00,1.04859,1.04928,1.04275,1.04373,13854,11,0,2741.43,0.0003807246582987711,0.8474026902085978,-0.00551349670329726,0.0018150626711231552,0.7524954650612173,0.03106663665904379,-0.07044903427259477,-0.004267792153073935
2025-01-28 04:00:00,1.04373,1.04411,1.04241,1.04359,9084,11,0,2741.72,0.000380633325066017,0.7233478245645353,-0.00023991851427729305,0.00014721130815278737,0.7502580044840169,0.03531473194389779,-0.06377096157827433,-0.00783822709869808
2025-01-28 08:00:00,1.04359,1.04438,1.04188,1.04347,15528,11,0,2743.5,0.00038034262802988877,0.512399870517813,-0.0007642151789665208,-0.0012018218311844809,0.7496972789341954,0.035904228682232545,-0.057111385748127165,-0.00497602657749463
2025-01-28 12:00:00,1.04347,1.04369,1.04133,1.04242,15069,11,0,2748.79,0.0003792286788004904,-0.10197559221170162,-0.0029344518790939134,-0.0022752187012232855,0.7465152612714719,0.03825936441306543,-0.05071641678736016,0.005505278482957454
2025-01-28 16:00:00,1.04243,1.04406,1.04204,1.04274,17666,11,0,2759.68,0.00037784815630797776,-0.7855492188536106,-0.0036547651734781805,-0.002628516225635198,0.7305192305209475,0.036769247940167386,-0.04300726111964902,0.007035469274558448
2025-01-28 20:00:00,1.04274,1.04378,1.04221,1.04303,8637,11,0,2763.03,0.00037749499643507304,-0.8923306589061724,-0.0009357954270785562,-0.0024941676170619977,0.734851432553558,0.03755363394544836,-0.03519979997228256,0.007879099594007677
2025-01-29 00:00:00,1.04256,1.04339,1.04255,1.04268,4119,11,0,2763.76,0.0003772686485078299,-0.9588624969133778,-0.0005997635230027276,-0.0026703538605801127,0.7744236821357033,0.03556595337234154,-0.02755233652545803,0.00803874939818816
2025-01-29 04:00:00,1.04268,1.04421,1.04253,1.04399,5928,11,0,2760.61,0.00037817366451617574,-0.5082757794296392,0.002396129438369976,-0.0025778936190843384,0.7669585640733112,0.04310172608738132,-0.020836420699881293,0.006236559139785047
2025-01-29 08:00:00,1.04399,1.04432,1.04016,1.04033,13954,11,0,2762.71,0.00037656141976537527,-1.2819345681818957,-0.004266482145886319,-0.001578938204863884,0.8236901498048854,0.08054591824850138,-0.01240742433261906,0.005064046362217578
2025-01-29 12:00:00,1.04033,1.0408,1.03819,1.03872,16006,11,0,2758.65,0.00037653199934750697,-1.2927134975053014,-7.801431829568273e-05,-0.0009285630341957649,0.8361914205977441,0.10116091613950012,-0.0024419390846560684,-0.0003732316790351353
2025-01-29 16:00:00,1.03872,1.0428,1.03859,1.04208,20392,11,0,2752.83,0.00037854862087379165,-0.30437563387843547,0.0053444780462515995,-0.00046938104817805567,0.8034430560370126,0.10627130824896187,0.006708876675668078,-0.0036915994397456187
2025-01-29 20:00:00,1.04208,1.04284,1.03878,1.04193,22684,11,0,2759.22,0.00037761758757909845,-0.8306924798373775,-0.0024651904723085316,0.0001280412053282591,0.803763534768504,0.09145648469125041,0.01422655217409025,-0.001642689669146491
2025-01-30 00:00:00,1.04179,1.04285,1.04159,1.04196,5358,11,0,2760.08,0.0003775107967884989,-0.8312561926033945,-0.00028288956582311897,0.0006386972172604086,0.7458619270726625,0.08682848509605169,0.022134529673753938,-0.00019198655369656592
2025-01-30 04:00:00,1.04196,1.04272,1.04172,1.04215,5745,11,0,2760.58,0.00037751124763636624,-0.793295545220068,1.1944811755260076e-06,0.0009630846172646219,0.7351382719208354,0.095818793597452,0.03183892740649651,-0.0007709821153867313
2025-01-30 08:00:00,1.04215,1.04286,1.04016,1.04072,13751,11,0,2774.24,0.00037513697445066044,-1.723281311454883,-0.006320398831946017,0.0011475227779527062,0.6828090756703137,0.14294409584570933,0.043593864659057575,0.005651314954778552
2025-01-30 12:00:00,1.04073,1.04594,1.03898,1.04559,18555,11,0,2785.77,0.000375332493350133,-1.4466715131284593,0.0005233594863014446,0.0014377452328490897,0.7804303178641004,0.10935278410781793,0.052784951275265446,0.011965867852355538
2025-01-30 16:00:00,1.04557,1.04673,1.0409,1.04166,22161,11,0,2795.58,0.000372609619470736,-2.139263346770168,-0.007280111477505291,0.002132090368471056,0.8049963015878386,0.12698729634076916,0.06210472731339619,0.013177637158327427
2025-01-30 20:00:00,1.04168,1.04318,1.03857,1.03917,13931,11,0,2793.67,0.0003719730676851596,-2.014762284283992,-0.0017071939277797377,0.0028530212594971224,0.7890826741522883,0.10420219402986397,0.06757924752136846,0.01216993710327241
2025-01-31 00:00:00,1.03816,1.0402,1.03768,1.03881,6928,11,0,2796.3,0.00037149447484175515,-1.9711921064345088,-0.0012878443065252876,0.003656721899647438,1.1469454120342832,0.10878118312291503,0.0739270285888173,0.012939309855175551
2025-01-31 04:00:00,1.03884,1.03946,1.03823,1.03884,6428,11,0,2795.54,0.00037160620130636656,-1.7699393212182688,0.00030066691779995214,0.004744962915996562,1.1457204705112995,0.11525578101102146,0.07815703817616962,0.007677778418593961
2025-01-31 08:00:00,1.03884,1.04124,1.03648,1.03831,16492,11,0,2793.69,0.00037166256814464025,-1.5675251348595405,0.0001515839517315376,0.005969947007075643,0.9812721647487606,0.12189115578859085,0.08269826413264698,0.002843020062675672
2025-01-31 12:00:00,1.03832,1.03949,1.03716,1.03818,16413,11,0,2806.33,0.0003699422377268533,-1.8876581449611392,-0.004649685413169569,0.0073832691777166335,0.9145492410289053,0.12390672913152832,0.08712786399202851,0.003845355883215662
2025-01-31 16:00:00,1.03818,1.04335,1.03598,1.04196,25993,11,0,2808.62,0.00037098646310287616,-1.4069178953015589,0.00282497474003085,0.00870830677969993,1.0045998335472406,0.11783821608361866,0.09122456336209782,0.005351383663782627
2025-01-31 20:00:00,1.04196,1.04213,1.03494,1.03575,27499,11,0,2798.67,0.00037008650537576776,-1.5240715039761634,-0.002417256604981488,0.009746991300628163,1.061014238116333,0.11677820106207742,0.0951505051945484,0.0008475485462933197
2025-02-03 00:00:00,1.02369,1.02698,1.02101,1.02373,23987,11,0,2782.18,0.00036795965753473896,-1.8900395627382776,-0.005713032610527136,0.00980012064280202,1.319173353280549,0.1524067007962112,0.10093237783735061,-0.004779040900863563
2025-02-03 04:00:00,1.02373,1.02429,1.02119,1.024,17870,11,0,2783.12,0.0003679323924228923,-1.6585377902485356,-7.41231360639194e-05,0.00934055035659852,1.3223753350770064,0.24159389828021205,0.1111343910540888,-0.0037835264471004493
2025-02-03 08:00:00,1.024,1.02539,1.02124,1.023,21427,11,0,2796.4,0.00036582749249034467,-1.9161635009271414,-0.005748185714234633,0.008969169877160402,1.2401894664635773,0.24140364323317343,0.1214262755471304,-0.003538429194000603
2025-02-03 12:00:00,1.023,1.02873,1.02295,1.02633,22431,11,0,2811.05,0.00036510556553600963,-1.8291989546689613,-0.001983746593336777,0.008943045540987394,1.2094031890253285,0.22944827903057471,0.13074360319429007,0.0008651935826136103
2025-02-03 16:00:00,1.02633,1.03352,1.02426,1.02795,44843,11,0,2817.12,0.0003648939342307037,-1.6459604191647663,-0.0005808957964821282,0.008682813712573251,1.1983362260006536,0.24627105738507254,0.1390298601511186,0.006592417112414095
2025-02-03 20:00:00,1.02795,1.03496,1.02696,1.03421,18474,11,0,2814.53,0.0003674538910581873,-0.9542332477791601,0.007009169015669614,0.008469159744339917,1.302522220279373,0.24915876697042805,0.146429752692665,0.011627572622907367
2025-02-04 00:00:00,1.03316,1.035,1.0308,1.03215,10160,11,0,2823.41,0.00036556858550476195,-1.2811141322304758,-0.005146914603994079,0.008546915301005875,1.3047537596038854,0.23259349064658666,0.15274586181254624,0.0144765586823421
2025-02-04 04:00:00,1.03215,1.03236,1.02715,1.02927,13911,11,0,2815.78,0.00036553637002890847,-1.1867763753434502,-8.788615278665368e-05,0.007991812704107532,1.2653145096965228,0.22213129113987842,0.15927960213497766,0.0069303390072952276
2025-02-04 08:00:00,1.02927,1.03491,1.02917,1.03382,21073,11,0,2820.46,0.0003665430461697737,-0.8638164015469704,0.002758547114231291,0.007488535513580383,1.3182603171887946,0.24094768604876868,0.16698556218261348,0.0033475036018568716
2025-02-04 12:00:00,1.03382,1.0343,1.03198,1.03401,15217,11,0,2831.59,0.00036516939246147926,-1.1764732988434146,-0.0037623803987827387,0.0076719285745027845,1.2941509968334153,0.2557548026480665,0.17498236263514425,0.005136451411370535
2025-02-04 16:00:00,1.03401,1.0387,1.03398,1.03762,29947,11,0,2843.92,0.0003648555514923064,-1.1812870323022284,-0.0008631817961626265,0.008870237278548946,1.3357291361298032,0.2528060272353833,0.1804754592046279,0.01044224080041789
2025-02-04 20:00:00,1.03762,1.03872,1.03739,1.03786,11887,11,0,2841.72,0.00036522247089790694,-1.014389503004478,0.001004878677438037,0.010020626877130128,1.3050306856779912,0.2669303074733098,0.18835433537290253,0.0064850659309132475
2025-02-05 00:00:00,1.03737,1.03864,1.03691,1.03729,8552,11,0,2844.53,0.00036466129729691724,-1.1130916835707843,-0.0015380447682954435,0.010769362812004961,1.303594931782383,0.267097116190571,0.1953598263653926,0.010210314726292635
2025-02-05 04:00:00,1.03729,1.03857,1.03723,1.03772,9281,11,0,2859.26,0.00036293306659765113,-1.5724694178821792,-0.004763818131075848,0.011304175440288448,1.2401635911434512,0.2632054836186884,0.20330999084483384,0.013756621260361923
2025-02-05 08:00:00,1.03772,1.04173,1.03738,1.04035,22414,11,0,2870.32,0.00036245087655731767,-1.5761401575574892,-0.0013337313693191355,0.01190793857815397,1.2310326693177438,0.2805856556503098,0.21190021447120358,0.013677827651602081
2025-02-05 12:00:00,1.04035,1.043,1.04012,1.04073,19225,11,0,2861.85,0.0003636563761203417,-1.0577301935284054,0.0033161521838231955,0.012353684798611288,1.1839979604686786,0.29522947515594966,0.22089889917845001,0.006304678050015333
2025-02-05 16:00:00,1.04073,1.04422,1.04058,1.04193,25576,11,0,2873.01,0.0003626614595841991,-1.3602478504640756,-0.0027465386387468538,0.012675504106214274,1.176662219583274,0.29238454435065697,0.22942356860655327,0.01101093703813194
2025-02-05 20:00:00,1.04193,1.04213,1.03964,1.04021,9759,11,0,2866.82,0.0003628445455243092,-1.1848164423774985,0.0005037521089000796,0.013198518847361927,1.1810549658757843,0.2939567116013138,0.2379260677300426,0.00783609243003247
2025-02-06 00:00:00,1.03995,1.04049,1.03944,1.0402,6562,11,0,2871.6,0.00036223708037331104,-1.4093777509100756,-0.0016769661199241837,0.013676744778599578,1.1531634187043296,0.2982423857418245,0.24694627621295284,0.004315801990724788
2025-02-06 04:00:00,1.04019,1.04051,1.03848,1.0386,7590,11,0,2868.27,0.0003620998023198653,-1.4486762829021322,-0.00037853347659766445,0.013687107442996147,1.1276360080605559,0.3004746679126887,0.2561310995554834,-0.0007142060815519269
2025-02-06 08:00:00,1.0386,1.0392,1.03556,1.03588,15474,11,0,2859.27,0.0003622882763782364,-1.2475074924017961,0.0005188698448668205,0.013213324429797184,0.8252529445774162,0.30232000353370236,0.26362676469235796,-0.000901514754442001
2025-02-06 12:00:00,1.03588,1.03673,1.03519,1.03599,19743,11,0,2856.7,0.0003626527111702314,-0.9764607088560564,0.0010050207266210087,0.012895791350392859,0.8154984352361544,0.307761159204069,0.2669351277385508,-0.005676972930828805
2025-02-06 16:00:00,1.03597,1.03799,1.03593,1.03787,20651,11,0,2852.23,0.00036388019199012705,-0.1621899509502264,0.0033794318660711475,0.01249181573537722,0.8251915099414413,0.30325303278034904,0.2700275972159096,-0.005089262667345773
2025-02-06 20:00:00,1.03788,1.03964,1.03734,1.03824,11746,11,0,2855.44,0.0003636007060207884,-0.29422984881934416,-0.0007689358169022942,0.011620385509939993,0.8517608235332385,0.2948548362352901,0.27329792507614536,-0.00562752472489203
2025-02-07 00:00:00,1.03819,1.03905,1.03738,1.03835,5477,11,0,2866.22,0.0003622715632435752,-1.0370119190255245,-0.003669301520750512,0.010643413639190408,0.8275331094891961,0.29968859889748156,0.2759688021517658,-0.0007147165364488339
2025-02-07 04:00:00,1.03835,1.03857,1.03735,1.03747,7619,11,0,2862.13,0.00036248178803897793,-0.8592508137011173,0.0005794680923252304,0.009862063030296114,0.6776995981385381,0.29513221419967567,0.2782674745132282,0.0010002553099217604
2025-02-07 08:00:00,1.03747,1.03995,1.03721,1.03908,14146,11,0,2868.96,0.000362180023423122,-0.9793797776914251,-0.0008344825511157339,0.008826461553424984,0.6676926779624459,0.28944115085578304,0.281109857523688,0.004291665208107309
2025-02-07 12:00:00,1.03908,1.04109,1.03489,1.03631,20225,11,0,2862.44,0.00036203728287754507,-0.9922513459723239,-0.0003932192394052736,0.00800773633539708,0.6703491343123178,0.2911383906645751,0.28456021249992286,0.0035796552171458718
2025-02-07 16:00:00,1.03631,1.03884,1.03046,1.03213,40915,11,0,2859.97,0.0003608884009272825,-1.8272509672212913,-0.003170641903766702,0.006991168476108842,0.6604792972588277,0.298917058655582,0.2874586811302635,0.0015864455215306439
2025-02-07 20:00:00,1.03213,1.03381,1.03205,1.03274,11426,11,0,2860.44,0.00036104235711988364,-1.5611801373214487,0.00042667343412561287,0.0059865834692641355,0.6894113044785751,0.30313787367896655,0.2898278346818085,-0.0020165932831394118
2025-02-10 00:00:00,1.02959,1.0318,1.02789,1.03028,9184,11,0,2871.85,0.00035875132754148025,-2.7433827129058566,-0.006370909710806005,0.0053721489333520165,0.6450038058664479,0.3019045606398916,0.2922827613520339,0.003396072156051533
2025-02-10 04:00:00,1.03028,1.03212,1.02982,1.03158,6820,11,0,2879.13,0.0003582957351699992,-2.541950958076698,-0.0012731584273228957,0.005030155666829966,0.6530458337400228,0.28760789652289837,0.29331664080451336,0.003544838547766549
2025-02-10 08:00:00,1.03158,1.03345,1.03064,1.03266,15847,11,0,2903.01,0.00035572044188618017,-3.0027204518912,-0.007247234490645127,0.005558162855082844,0.5554270717940698,0.2938475221311905,0.2946541611015443,0.014173222844845679
2025-02-10 12:00:00,1.03266,1.03362,1.03081,1.03212,13929,11,0,2901.16,0.00035576114381833475,-2.3560277147087842,0.00011434820511058152,0.006101433724300953,0.5793742387185925,0.2907515806966873,0.2960314659554443,0.014402248974639598
2025-02-10 16:00:00,1.03212,1.03231,1.03037,1.03121,15909,11,0,2903.18,0.0003552001598247439,-2.12402338406513,-0.0015779536396086646,0.006384692873432364,0.554088351030346,0.29559981946198716,0.29678217414602814,0.014941757212177054
2025-02-10 20:00:00,1.03121,1.03156,1.03046,1.03062,6116,11,0,2907.84,0.00035442802905249256,-2.0202054108177188,-0.002177279840947288,0.0068881051811786114,0.5728529952327258,0.29572305627948386,0.2968068532022049,0.012531991573376144
2025-02-11 00:00:00,1.03014,1.0308,1.0298,1.03016,6263,11,0,2933.87,0.0003511266688708089,-2.4265432584256152,-0.009397994989653213,0.007859446986651648,0.4741097136947368,0.29284315958179946,0.29682978396376203,0.019012687860568978
2025-02-11 04:00:00,1.03016,1.03055,1.02916,1.03041,7229,11,0,2922.93,0.0003525264033007975,-1.7610288562341485,0.003971543990687554,0.008713045474378874,0.45670831388209077,0.2792509512087743,0.296094495944135,0.00686184339702578
2025-02-11 08:00:00,1.03041,1.03216,1.02993,1.03173,13059,11,0,2903.2,0.0003553768255717829,-0.9407771498038009,0.008031119590381275,0.009249576905873275,0.4196107261521141,0.2740413761200634,0.29488444546304693,0.0007031670090584807
2025-02-11 12:00:00,1.03174,1.03283,1.0314,1.03219,11814,11,0,2896.46,0.0003563625943392969,-0.624719127825979,0.002767429273505373,0.009743501307525916,0.41234556270503153,0.25676102349423974,0.2926987632421245,-0.0023147031875391244
2025-02-11 16:00:00,1.03219,1.03508,1.03213,1.0345,16492,11,0,2905.52,0.0003560464219829841,-0.6320946972345777,-0.0008899961293113989,0.010193264914677154,0.4184659829335684,0.2507495431736807,0.29012024022412347,-0.0007978430725212871
2025-02-11 20:00:00,1.0345,1.03812,1.03415,1.0360800000000001,10488,11,0,2897.15,0.00035762042006799786,-0.17295411579729045,0.004408031466406559,0.010170854606579238,0.4208870922456149,0.2683131493333632,0.2881478397305881,-0.012515891978853833
2025-02-12 00:00:00,1.03577,1.03671,1.03534,1.03602,5802,11,0,2893.2,0.00035808793031936954,0.02728190380892362,0.0013054982812799043,0.009261120897734797,0.40660845034601895,0.2562561417866749,0.28579799518090443,-0.010171300715378084
2025-02-12 04:00:00,1.03602,1.03675,1.03543,1.03581,7818,11,0,2886.28,0.00035887370594675494,0.33565521433267537,0.0021891165014283898,0.008429023454518006,0.3993865459111721,0.25648785850233163,0.2838796462942565,-0.005828051804904755
2025-02-12 08:00:00,1.03581,1.03794,1.03564,1.0373,13193,11,0,2886.76,0.00035933018331970793,0.5405719907720835,0.0012721837220588395,0.007667328151209658,0.41722347282274835,0.28482067808837835,0.28313625025380135,-0.003348915572802591
2025-02-12 12:00:00,1.0373,1.03851,1.03166,1.03326,19778,11,0,2884.76,0.0003581788433006559,0.26412622188714696,-0.0032019084482411975,0.006599483228043523,0.47469390839745285,0.2840954585200459,0.28258441246981986,-0.007145020512679179
2025-02-12 16:00:00,1.03326,1.0427,1.03248,1.04256,33587,11,0,2902.92,0.0003591418296060518,0.6805590969163547,0.0027054876852485865,0.005177841387142984,0.6798716555857488,0.29025882947494747,0.2826252964007781,0.0019916124467149743
2025-02-12 20:00:00,1.04256,1.04292,1.03803,1.03827,12953,11,0,2903.92,0.0003575408413454916,0.20544452636979993,-0.004459351816303969,0.004087750374710438,0.7141925865950977,0.3525537056701261,0.28569606215105564,0.003705239872805244
2025-02-13 00:00:00,1.038,1.04014,1.03783,1.03993,7168,11,0,2906.04,0.0003578512339816383,0.4112089961292809,0.0008687657510546565,0.0037866828401855513,0.6772798020015077,0.34856774537264407,0.2881785964869087,0.00684618262954384
2025-02-13 04:00:00,1.03993,1.04378,1.03961,1.04346,11043,11,0,2918.16,0.00035757463607204545,0.40181816494418443,-0.000776164699409998,0.003960114137742713,0.6869917425719433,0.3432813928571536,0.2901857724458181,0.010877246463162793
2025-02-13 08:00:00,1.04346,1.04396,1.04095,1.04225,17606,11,0,2915.17,0.0003575263192198053,0.41595623887403005,-0.00013498537379952324,0.003646599676186094,0.6800157055247817,0.3509360063117126,0.2926373447294091,0.010541604847543518
2025-02-13 12:00:00,1.04225,1.04284,1.03751,1.03922,21474,11,0,2908.32,0.00035732656654013315,0.3505236332560752,-0.000557394783731624,0.0034355927547772016,0.7001159831109486,0.33738519441183484,0.29512620962385594,0.00186019594063902
2025-02-13 16:00:00,1.03923,1.0445,1.03814,1.04247,25506,11,0,2918.83,0.00035715337995018555,0.2362657584325308,-0.00048642463995762775,0.003551524763536995,0.7871816307927546,0.3443669215439497,0.2976521795944939,0.005134438965260779
2025-02-13 20:00:00,1.04248,1.04663,1.03728,1.04652,19124,11,0,2928.19,0.0003573948411817539,0.312196140338383,0.0006782395307933786,0.004158511114864193,0.8001719831470385,0.35357683917062704,0.3007934425181909,0.007622056131367794
2025-02-14 00:00:00,1.04625,1.04686,1.04557,1.04587,8559,11,0,2929.96,0.00035695709156439,0.06506440535028676,-0.0012255751145622273,0.004913154647714665,0.7983809046439876,0.3607355293771552,0.3040502280139493,0.004043643940017105
2025-02-14 04:00:00,1.04587,1.04635,1.0447,1.04524,7577,11,0,2930.83,0.00035663617473548446,-0.14687152082489355,-0.0008993017006521109,0.005708327753218959,0.8006831545939854,0.3646311276772848,0.30749563158383936,0.005371899408953773
2025-02-14 08:00:00,1.04524,1.04874,1.04513,1.04808,16436,11,0,2935.18,0.0003570752049278068,-0.10417409659391219,0.0012328581377489822,0.006055021401576509,0.9579024084744971,0.3638791915186662,0.3110474331806827,0.00923557242669304
2025-02-14 12:00:00,1.04808,1.04976,1.04565,1.04877,18066,11,0,2920.49,0.00035910754702121907,1.4844926807114862,0.005663150485067492,0.005955250731449173,0.928787601923816,0.3636756706353886,0.31526866915201335,0.0005687210286313693
2025-02-14 16:00:00,1.04877,1.05139,1.04868,1.05069,19683,11,0,2887.06,0.00036393078079430285,3.5631058720242437,0.013277425266663867,0.004989109131426185,0.7765597793472578,0.35305559404230513,0.31921938004812545,-0.014046219678367944
2025-02-14 20:00:00,1.05069,1.05076,1.0488,1.04909,7876,11,0,2882.42,0.0003639615323235337,2.6760190191895776,8.436248835108628e-05,0.0035055841422223654,0.7928479037514735,0.30415242531644543,0.3215889501392358,-0.01622547748092118
2025-02-17 00:00:00,1.04848,1.0506,1.04843,1.05047,7719,11,0,2895.63,0.00036277770295237995,1.823522719138141,-0.0032675288507124645,0.002559539163667564,0.7722057684936889,0.3069121663199244,0.32439708129654793,-0.012010249656240646
2025-02-17 04:00:00,1.05047,1.05052,1.04843,1.04895,8946,11,0,2896.05,0.00036220023825555496,1.3911041540662985,-0.0015920175114376711,0.0019429045453965552,0.7918044552648782,0.31252353948407907,0.3266076008040838,-0.01333138001757972
2025-02-17 08:00:00,1.04895,1.0495,1.04705,1.04736,14562,11,0,2902.59,0.00036083635649540585,0.7432716198827481,-0.003774049819525671,0.001389040672069686,0.7970198156159627,0.31291819873469673,0.32944070365148487,-0.006129108471523481
2025-02-17 12:00:00,1.04736,1.04889,1.04665,1.04739,11742,11,0,2896.71,0.00036157917085244987,0.9724093108103039,0.0020544204248711395,0.00035711164796345076,0.7988465278111094,0.30019613213445456,0.331626117333091,0.0033425006754277398
2025-02-17 16:00:00,1.04737,1.04841,1.04709,1.04819,7926,11,0,2898.45,0.00036163811692456314,0.9265176624884454,0.00016312189606226823,-0.0006727458455420937,0.7969267288376864,0.29670726145256093,0.3322204465013001,0.005561299186100488
2025-02-17 20:00:00,1.04819,1.04846,1.04788,1.04829,2826,11,0,2897.71,0.00036176497993242935,0.8905818384726796,0.00035071142304743397,-0.0016962826989486816,0.7510586828537252,0.29753894929501584,0.33289262104004863,0.0007183238189962804
2025-02-18 00:00:00,1.04752,1.04858,1.04622,1.04658,6691,11,0,2895.72,0.00036142306576602716,0.7019985913134196,-0.0009444788082824118,-0.002617657760869808,0.6072108184628519,0.2858381989387595,0.3326715895132392,-0.00011394830890365526
2025-02-18 04:00:00,1.04658,1.04721,1.04517,1.04548,9309,11,0,2910.67,0.00035918877784152787,-0.19976522032967675,-0.0062138344256553735,-0.002815422390825116,0.5161859972584474,0.2971857706185171,0.3299031927606587,0.0027837207459544544
2025-02-18 08:00:00,1.04548,1.04687,1.04542,1.04636,14015,11,0,2912.71,0.0003592393338162742,-0.210048772260357,0.00014084907717348827,-0.0020412224108503417,0.5112925443255015,0.2993346958243661,0.32744154028324485,0.005523507703567132
2025-02-18 12:00:00,1.04636,1.04667,1.04412,1.04442,12918,11,0,2918.69,0.00035783861938061247,-0.7790506264947001,-0.003907117260045778,-0.0010474256674813797,0.5002313784492001,0.3234312365780051,0.3264490324692874,0.006983042660732464
2025-02-18 16:00:00,1.04444,1.04692,1.04386,1.04454,16831,11,0,2931.16,0.00035635721011476686,-1.314567749997795,-0.004157568395545708,-0.00011870391836482241,0.4795922281137053,0.3169341458909816,0.3247489394482509,0.011543598220663753
2025-02-18 20:00:00,1.04454,1.04493,1.04345,1.04449,7676,11,0,2934.83,0.00035589454925838974,-1.4181167055218746,-0.001299931990274561,0.0007831074404836776,0.44684121989099396,0.3085173350279898,0.3233055464790586,0.013506140096418262
2025-02-19 00:00:00,1.04434,1.04518,1.04406,1.0446,6642,11,0,2938.53,0.0003554838643811701,-1.481850884020854,-0.0011554058270122347,0.0014987154358751475,0.41581114400310143,0.3111472329178829,0.3216445620477553,0.009571679372790465
2025-02-19 04:00:00,1.0446,1.04558,1.04443,1.04557,6876,11,0,2932.88,0.0003564994135457298,-1.079508950679077,0.002851315176865654,0.002206906123978369,0.3455933226316624,0.30480469318408404,0.31920595474842817,0.006924822587899282
2025-02-19 08:00:00,1.04557,1.0461,1.04278,1.04287,13870,11,0,2945.49,0.0003540565406774425,-1.7697139857522206,-0.00688185162620536,0.003148315170724726,0.36626886797504726,0.31446550673907525,0.3168924536165242,0.009182201604144291
2025-02-19 12:00:00,1.04287,1.04348,1.04185,1.04334,16930,11,0,2936.21,0.0003553356197274718,-1.290006514593715,0.0036012587354957715,0.0038790358442814307,0.35926791736287067,0.28102201898728424,0.3127119981820241,0.001722867397208061
2025-02-19 16:00:00,1.04334,1.0441,1.04002,1.04093,18525,11,0,2923.83,0.00035601591063775937,-1.035450515615778,0.0019064302837292768,0.00460330261834931,0.32856249581972646,0.27606515058228187,0.3083212961352049,-0.0037480876234738947
2025-02-19 20:00:00,1.04093,1.04322,1.0408,1.04219,8812,11,0,2932.6,0.00035538089067721474,-1.1359708211253403,-0.001789034359940711,0.00502599932716917,0.3455259335633753,0.2894041161682359,0.3046077184118473,-0.00201801581062655
2025-02-20 00:00:00,1.04159,1.04324,1.04159,1.04207,8073,11,0,2936.99,0.0003548088348955904,-1.200878007638681,-0.0016121073029609079,0.0055028986861924215,0.46035998131603717,0.29185196332205515,0.3015475368758348,0.0014013529363627875
2025-02-20 04:00:00,1.04207,1.04372,1.04199,1.04273,11067,11,0,2946.76,0.0003538564389363232,-1.3826949851999668,-0.002693180224869973,0.006136348526501839,0.459395443820952,0.2916431888940111,0.3009220750547131,0.0004311676495254435
2025-02-20 08:00:00,1.04273,1.04416,1.04231,1.04366,13088,11,0,2951.5,0.00035360325258343217,-1.337270515475168,-0.0007166567764982368,0.0064157263226333125,0.47189525786854986,0.29466605590241834,0.30030976953383776,0.005207393204164523
2025-02-20 12:00:00,1.04366,1.04544,1.04305,1.04478,14997,11,0,2933.9,0.0003561062067555131,-0.43550818911528405,0.007036216052611399,0.006090003980476974,0.4044608853864292,0.29575212012130186,0.2994711985656989,0.003444112687810197
2025-02-20 16:00:00,1.04478,1.04942,1.04414,1.04887,20853,11,0,2940.59,0.0003566869233725205,-0.16542202108997137,0.0016344584283825014,0.005910687134497805,0.496720933049021,0.2804631741752473,0.2978484473377264,0.0027245447725567917
2025-02-20 20:00:00,1.04886,1.05031,1.04848,1.05008,8559,11,0,2939.12,0.00035727700808405234,0.1406167008914935,0.0016535221498923391,0.005998841105737671,0.5127863078602424,0.28456592519248775,0.2970669369906281,0.0007252322956496915
2025-02-21 00:00:00,1.0493,1.05051,1.0484,1.04863,7470,11,0,2928.8,0.0003580408358372029,0.5687682497881241,0.002130407895995945,0.005440804435716111,0.4966945222663829,0.2859474661602508,0.2965289472260126,-0.006094829575533867
2025-02-21 04:00:00,1.04863,1.05046,1.04858,1.04925,10435,11,0,2930.1,0.0003580935804238763,0.7728801149351224,0.00014737983217316675,0.0052400130224366055,0.49933539480687955,0.29400957804063943,0.29635247866329373,-0.007250550567508118
2025-02-21 08:00:00,1.04925,1.04993,1.04664,1.04689,16085,11,0,2929.23,0.000357394264021603,0.6319368735469162,-0.0019523074434416587,0.005493143584508161,0.5142846184113007,0.2909123578905674,0.2966061866108841,-0.001591737959712347
2025-02-21 12:00:00,1.04689,1.04775,1.04589,1.04746,12484,11,0,2930.92,0.000357382664828791,0.7329590898218307,-3.247361823732753e-05,0.0053159679293821325,0.5443289251685481,0.3061655077436824,0.29705517346714244,-0.003288455718070238
2025-02-21 16:00:00,1.04746,1.04921,1.04488,1.04628,19892,11,0,2939.78,0.0003559041833062338,-0.14548063096958394,-0.004149476266762653,0.0048070163074547,0.5370299905045515,0.3069303710741719,0.29743495722963276,0.0002245570102616945
2025-02-21 20:00:00,1.04628,1.04675,1.04504,1.04586,11558,11,0,2936.3,0.0003561829513333106,0.12792493109096856,0.0007823398687785144,0.003832379141928577,0.5174287353542708,0.30227195228800624,0.29637699301513276,0.002560775744332222
2025-02-24 00:00:00,1.04704,1.05202,1.04603,1.05174,15050,11,0,2927.95,0.0003592069536706569,2.068376744836347,0.008465882282172599,0.002657878616403698,0.6909409363373381,0.30285215128953696,0.2956728932850605,-0.0007337633527866316
2025-02-24 04:00:00,1.05174,1.05277,1.05097,1.05161,14037,11,0,2936.29,0.0003581424178129544,1.2171871703013477,-0.002972013989781863,0.002280082184533669,0.676614353252901,0.28184125137840293,0.2943390891025812,0.002410189708558219
2025-02-24 08:00:00,1.05161,1.05161,1.04683,1.04719,19051,11,0,2944.24,0.0003556741298263729,-0.397247750171283,-0.006910577325826894,0.001929576435606862,0.7504282502307854,0.2664696299776014,0.2921052089555671,0.004544648096843185
2025-02-24 12:00:00,1.04718,1.04809,1.04597,1.04663,13960,11,0,2954.29,0.00035427463112964536,-1.189628689727219,-0.003948209021051863,0.001791022909988024,0.7368878801111375,0.26889316190407136,0.2903096323915665,0.004935743491009559
2025-02-24 16:00:00,1.04663,1.04834,1.04522,1.04721,19792,11,0,2943.29,0.0003557957251918771,-0.30454574623605485,0.0042775583944910656,0.0017745348283581697,0.711392124376338,0.26338142153256255,0.28775542813124083,0.0023805469468378693
2025-02-24 20:00:00,1.04721,1.04854,1.04614,1.04676,11659,11,0,2952.29,0.0003545586646298297,-1.0694118950315903,-0.0034875159010389067,0.0019096601672929558,0.7172400460253304,0.2588511385289763,0.2866468841083255,0.008312983486739922
2025-02-25 00:00:00,1.04636,1.04693,1.04594,1.04648,6709,11,0,2949.5,0.00035479911849466015,-0.857768962326579,0.0006775370422230642,0.0019883174004511213,0.7350475401662067,0.2564781739399962,0.2856675352762112,0.004498874429977873
2025-02-25 04:00:00,1.04648,1.04777,1.04645,1.04766,9594,11,0,2938.04,0.0003565846618834325,0.23215033707838018,0.0050129939396346135,0.0019194792637781447,0.7106890640837479,0.256193742524198,0.2840070165940093,-0.002105806591853887
2025-02-25 08:00:00,1.04766,1.04797,1.04558,1.04728,18091,11,0,2938.93,0.00035634737812741373,0.033595264656531634,-0.0006656361310695136,0.0015924327613338774,0.7164329303906715,0.25109730818674847,0.28196928383724396,-0.00519921876322238
2025-02-25 12:00:00,1.04728,1.05093,1.04646,1.04998,16702,11,0,2937.51,0.000357438783187121,0.6656935266226727,0.0030612761409943845,0.00141975690321888,0.7682277959232874,0.25216088194874736,0.27999516848998074,-0.001963788821352841
2025-02-25 16:00:00,1.04999,1.05188,1.04834,1.05019,23377,11,0,2907.68,0.00036117798382215375,2.643296376338958,0.010354862856884917,0.000996500502676162,0.5993915168666324,0.2265857448831671,0.2765911529390182,-0.015110304204532743
2025-02-25 20:00:00,1.05019,1.05185,1.05016,1.05144,10988,11,0,2914.77,0.0003607282907399211,1.9815666867155899,-0.001248109299554656,0.0004916098844576066,0.6288423653154036,0.1453309399452758,0.26907009393021686,-0.011774877097813219
2025-02-26 00:00:00,1.05102,1.0524499999999999,1.05102,1.05148,8359,11,0,2917.92,0.00036035257991994294,1.56208679803713,-0.001042659700820625,-0.0001707583190751819,0.5820160591847028,0.14751428088382784,0.26242264926564596,-0.006848102816843893
2025-02-26 04:00:00,1.0515,1.05166,1.049,1.0491,9462,11,0,2915.47,0.00035983906539940386,1.187839089107425,-0.0014238370479667806,-0.0012955896465933752,0.5984905424516191,0.15638945787137026,0.25601382589959004,-0.007982497031232438
2025-02-26 08:00:00,1.0491,1.0511,1.04868,1.04967,15777,11,0,2912.98,0.00036034232984778476,1.3127896227676976,0.001397387544413875,-0.0019597222604046363,0.6065225231963267,0.14207094511999183,0.24881999984757708,-0.00835060987026437
2025-02-26 12:00:00,1.04968,1.0501800000000001,1.04745,1.04839,15414,11,0,2905.85,0.0003607860006538534,1.3799318919840424,0.0012282344087327646,-0.0031986165048931833,0.6054804248669683,0.13837075039340133,0.2410380584652152,-0.0006293677433555356
2025-02-26 16:00:00,1.04839,1.05282,1.04789,1.04918,27648,11,0,2913.81,0.0003600715214787512,0.9803085983662679,-0.001985765378537341,-0.004301979601624865,0.5723560100659887,0.16017230618223402,0.2345010558797985,-0.0003293570333164908
2025-02-26 20:00:00,1.04918,1.04999,1.04781,1.04843,13597,11,0,2916.12,0.00035952910031137263,0.6935416976172218,-0.0015076204413121408,-0.0048629706271118515,0.5735293677290453,0.17242633047499228,0.22781409701636401,-0.0006168777759500976
2025-02-27 00:00:00,1.04795,1.04922,1.04724,1.0478,6911,11,0,2912.51,0.0003597584214303127,0.7129299804647538,0.0006370478259148937,-0.005487203347855581,0.5844665658250849,0.16055584486585817,0.22049537070594832,-0.0010152736951501984
2025-02-27 04:00:00,1.0478,1.04801,1.04586,1.04647,10058,11,0,2890.81,0.00036199888612534203,1.4720862592319044,0.006181291988010984,-0.006448137904339847,0.5323265798138385,0.15726826048172168,0.2132451861156341,-0.0076107628613997225
2025-02-27 08:00:00,1.04647,1.04848,1.04634,1.04835,14527,11,0,2887.38,0.0003630800241048978,1.6869127658222702,0.002983034563255327,-0.006416182292402626,0.4107258818106985,0.16969406616734128,0.20658728185952432,-0.006356143641275236
2025-02-27 12:00:00,1.04835,1.04889,1.0419,1.04231,20084,11,0,2888.97,0.0003607894855259834,0.769468353757248,-0.006312106871108392,-0.006789362307111995,0.5535308600052096,0.1474945396178298,0.19986994627149565,-0.008524920979748218
2025-02-27 16:00:00,1.04231,1.04413,1.04,1.0407,26430,11,0,2883.29,0.00036094184074442735,0.7432785783044432,0.0004214526175393418,-0.007324893695167557,0.5123091904668956,0.13818026613823364,0.19345547807952726,-0.011258110091491358
2025-02-27 20:00:00,1.0407,1.0417399999999999,1.03965,1.03977,10940,11,0,2876.82,0.00036143032932195966,0.8524815053419698,0.0013503350721788543,-0.007942110272839184,0.5388756682455298,0.14325683882467108,0.18717366192555723,-0.012254035179278366
2025-02-28 00:00:00,1.03963,1.04037,1.0384,1.03844,8969,11,0,2874.73,0.00036123044598971037,0.6932416372903234,-0.0005526324203594113,-0.008639644634260032,0.5468412827156398,0.14475582840486342,0.1812423822691723,-0.005562454813702655
2025-02-28 04:00:00,1.03844,1.03912,1.03801,1.03886,10658,11,0,2864.04,0.0003627253809304339,1.2697851703067433,0.00412306292865261,-0.009324355213074944,0.5706379025782274,0.1334671051537227,0.17497318060040962,-0.008083452818818504
2025-02-28 08:00:00,1.03886,1.04074,1.03822,1.0395,15473,11,0,2862.34,0.0003631644039492164,1.4616098294134334,0.0012096270407772058,-0.010332001826354081,0.5743849157392781,0.13248687844889903,0.16877361582585476,-0.00921781811510669
2025-02-28 12:00:00,1.0395,1.04158,1.03919,1.04065,14455,11,0,2848.58,0.0003653223711463256,2.283910458935927,0.005913556708361023,-0.011718056290426784,0.5658952161568644,0.1260804534843753,0.16226795137386363,-0.012038331211914222
2025-02-28 16:00:00,1.04065,1.04196,1.03894,1.03959,25208,11,0,2845.16,0.0003653889412194745,2.1437761987110155,0.0001820040448954341,-0.012961371561685486,0.5733418741143087,0.11207335867248726,0.15531675389815056,-0.011005207138437667
2025-02-28 20:00:00,1.03959,1.03977,1.03595,1.03741,19252,11,0,2857.44,0.00036305574220281086,0.8601345915768657,-0.0064130822710639634,-0.013216730299590747,0.4965598201401702,0.1137756394700522,0.14839749177421582,-0.00601447788140097
2025-03-03 00:00:00,1.03979,1.04227,1.03967,1.04194,11999,11,0,2870.74,0.0003629517127987906,0.7372034815714875,-0.00028787207690017524,-0.013141767740198776,0.6844583972722282,0.09648234023517707,0.1418923215418163,0.002339352802334993
2025-03-03 04:00:00,1.04194,1.04229,1.04095,1.0414,10148,11,0,2863.77,0.00036364652189247045,1.0310290492990069,0.0019096814002798057,-0.01318807701568755,0.6884171542979299,0.111894312536596,0.14022049017138233,0.0004995912435279415
2025-03-03 08:00:00,1.0414,1.04285,1.03881,1.04267,16530,11,0,2867.49,0.00036361765864920196,0.918390771776097,-7.947480453251998e-05,-0.01286240187044351,0.6982531422284204,0.11371955192954829,0.13853075372366835,0.00663839527062593
2025-03-03 12:00:00,1.04269,1.0476,1.04267,1.04714,21680,11,0,2872.66,0.000364519295705026,1.2857506283277227,0.002484100151326496,-0.012079020472469662,0.7546860574618671,0.12027425969135555,0.13672499381466757,0.00966553726328212
2025-03-03 16:00:00,1.04715,1.05033,1.04683,1.04899,23831,11,0,2890.87,0.0003628630827397981,0.29870426014869245,-0.0045723555348744505,-0.010925606770008839,0.6743712709078238,0.1277469510205969,0.13600879410969785,0.011699283274539285
2025-03-03 20:00:00,1.04899,1.05033,1.04663,1.04877,19649,11,0,2892.91,0.00036253115375175864,0.05901016343691009,-0.0009153954649609997,-0.009251536729997914,0.6751394574834689,0.14056353752686396,0.13611843346637098,0.00772274744490975
2025-03-04 00:00:00,1.04853,1.0495700000000001,1.04759,1.0488,12403,11,0,2888.14,0.00036314029098312407,0.34484397960863533,0.0016774636988052816,-0.0076586835547678865,0.6859916706851327,0.13848980513913173,0.13503430841421588,0.008509761607950361
2025-03-04 04:00:00,1.0488,1.04896,1.04705,1.04831,14092,11,0,2889.73,0.0003627709163139809,0.01702531331669866,-0.0010177279392287186,-0.005682081600822532,0.685867278719109,0.1344448668703486,0.13313523523398368,0.007755911964819395
2025-03-04 08:00:00,1.04831,1.05268,1.04787,1.05118,22369,11,0,2918.0,0.0003602398903358465,-1.8154085206211754,-0.007045181105013176,-0.0029212644031519773,0.5803638033989772,0.12619095509272388,0.13141699074532698,0.01578328100088422
2025-03-04 12:00:00,1.05117,1.05592,1.05021,1.05385,24871,11,0,2922.58,0.0003605889316973359,-1.437374606400698,0.0009704344662777586,-0.0004948452561544758,0.6578752115220179,0.15168370709174087,0.13113776307582792,0.010969016247704078
2025-03-04 16:00:00,1.05385,1.05482,1.0496,1.05412,31902,11,0,2911.64,0.0003620365155032902,-0.4149678365244849,0.003999471379009245,0.0008750827204098845,0.6309934898856286,0.15503298307912822,0.13040470892141728,0.0064744496026492016
2025-03-04 20:00:00,1.05412,1.06269,1.05372,1.0626,25632,11,0,2917.31,0.00036423965913804155,0.9818432100949898,0.006097268771199094,0.0026987752431180964,0.671677914342414,0.16978348761430992,0.13151915632124128,0.01009992590386899
2025-03-05 00:00:00,1.0619,1.0636700000000001,1.0608,1.06122,15229,11,0,2907.06,0.0003650492249901963,1.389389318622928,0.0022148094355025627,0.0041941081722227,0.6555794180834335,0.17422199707566505,0.13332124286811287,0.0059971000750935755
2025-03-05 04:00:00,1.06122,1.0632,1.06016,1.0631,17090,11,0,2918.66,0.0003642424948435241,0.7527090557414077,-0.0022187397616766358,0.005749351090929947,0.6416271044367499,0.17712744191755797,0.1350147730227572,0.00022618231665516575
2025-03-05 08:00:00,1.0631,1.07219,1.06238,1.07114,30546,11,0,2918.86,0.0003669720370281548,2.215347076395913,0.007494263475713803,0.0066498789142883695,0.7311188641367976,0.1827273673238179,0.1369133499687049,-0.0012728479631010092
2025-03-05 12:00:00,1.07114,1.0722,1.06759,1.07152,28874,11,0,2899.88,0.00036950494503220824,2.754415914919222,0.00685730087831149,0.00696047064633122,0.6906295262854315,0.17485893888118034,0.1389829416550778,-0.004038960860545893
2025-03-05 16:00:00,1.07152,1.07875,1.0713300000000001,1.07847,41611,11,0,2916.0,0.0003698456790123457,2.317234632781372,0.000927262473944479,0.007899325395511478,0.7168188846144617,0.1742873881752243,0.14107296714139406,-0.0004490438109079342
2025-03-05 20:00:00,1.07847,1.07962,1.07636,1.07887,18150,11,0,2918.69,0.0003696418598754921,1.926330400015589,-0.0005516007645489651,0.008871782222424318,0.7628845347574662,0.2231680671105132,0.14592734782270095,0.004000605422660675
2025-03-06 00:00:00,1.07881,1.08198,1.07867,1.08146,10529,11,0,2924.69,0.00036976910373407096,1.7349188532353006,0.00034494317271516195,0.008961550476160476,0.7512682403285653,0.22328787321630428,0.15148807354989183,0.002066016596657505
2025-03-06 04:00:00,1.08146,1.0819,1.0783800000000001,1.08099,15105,11,0,2919.92,0.0003702121975944546,1.638391456046756,0.001196344409234995,0.008530835745837016,0.7263421167478016,0.23853937252979257,0.15772626020287883,0.0003631554785086255
2025-03-06 08:00:00,1.08099,1.08219,1.07799,1.07993,31025,11,0,2894.11,0.0003731475306743697,2.0989316464774284,0.007858700653949668,0.007846173217712726,0.6484232065565952,0.24053262346873402,0.1649287743645567,-0.001989737506379541
2025-03-06 12:00:00,1.07993,1.08451,1.07825,1.08257,26202,11,0,2904.57,0.0003727126562623727,1.7112466585238961,-0.0011696343011620147,0.007224291993099403,0.6363231565653604,0.24235511929241293,0.17145181470234752,-0.003919753086419675
2025-03-06 16:00:00,1.08257,1.0853,1.0791,1.07968,40113,11,0,2915.41,0.00037033556172202194,1.0109749589273935,-0.006401623168833526,0.00714014068924844,0.6712345141408914,0.25381975262616646,0.17845682473717844,-0.0011237918381191703
2025-03-06 20:00:00,1.07968,1.08109,1.07652,1.07834,16842,11,0,2910.66,0.0003704795475940165,0.9529632470340489,0.00038816493607340963,0.0064710487584821496,0.6690422595838579,0.23617858517623186,0.18425204101142226,-0.004797089606077942
2025-03-07 00:00:00,1.0778699999999999,1.0796000000000001,1.07776,1.07896,11020,11,0,2906.95,0.00037116565472402344,1.0107237782723262,0.0018495828046567464,0.0056861640053772824,0.7008576493913902,0.23757938101208673,0.18974366251099675,-0.004441902517877239
2025-03-07 04:00:00,1.07896,1.08173,1.07842,1.08128,12238,11,0,2909.48,0.00037164029311079644,1.0173412394723416,0.0012798907221289735,0.005491671107438171,0.6956424230738945,0.2372275358737433,0.1945768624283407,0.005310786390289257
2025-03-07 08:00:00,1.08128,1.0871,1.08074,1.08611,23687,11,0,2921.69,0.0003717403283715931,0.9423689878734307,0.00027030188398668997,0.00500163036633512,0.6970013509204214,0.23807242455091904,0.1995559933989301,0.005894159892858353
2025-03-07 12:00:00,1.08611,1.08884,1.08407,1.08445,28915,11,0,2913.63,0.00037219894084012035,0.9549387629496779,0.001230287030480448,0.004075799316620032,0.6982339270311971,0.20625647298664618,0.20314657370474495,-0.0006105487735857951
2025-03-07 16:00:00,1.08442,1.08853,1.08315,1.0843,37183,11,0,2908.05,0.0003728615395196094,1.0519680872525603,0.001776817824600485,0.0027772549002493515,0.8102910922979503,0.21791479762506918,0.20773276583136221,-0.0008967038403659977
2025-03-07 20:00:00,1.0843,1.08508,1.08252,1.08312,13729,11,0,2910.82,0.00037210133227063164,0.8014815397498591,-0.0020407880332651285,0.0018495271791774336,0.8253066269902704,0.2182098895558738,0.21105907495456883,0.001331292247888749
2025-03-10 00:00:00,1.08261,1.08668,1.08252,1.08638,10736,11,0,2913.95,0.0003728203984282503,0.9898180390770785,0.0019345251033984212,0.0020357199152259333,0.8472129208935985,0.20287268768568115,0.2134510601848965,0.001536357012249523
2025-03-10 04:00:00,1.08638,1.08707,1.08297,1.08304,12931,11,0,2910.95,0.00037205723217506316,0.6549265185057509,-0.0020449003154652257,0.0017131156713678525,0.7844543525222797,0.2035915650884704,0.21514146405860451,-0.003675954670071202
2025-03-10 08:00:00,1.08304,1.08445,1.08045,1.08097,20577,11,0,2897.77,0.0003730351270114605,1.0006656019650502,0.002616444748178459,0.0007588917910396027,0.7801648131325079,0.1982011280324897,0.2163404206064458,-0.005443381623610466
2025-03-10 12:00:00,1.08097,1.08742,1.08081,1.08435,26321,11,0,2906.53,0.00037307373397143666,1.1079554988647982,0.00010380703199852626,0.00022857598536012524,0.8011854425873313,0.19858161500448096,0.21741312926079187,-0.000522687023950752
2025-03-10 16:00:00,1.08435,1.08503,1.08203,1.08298,22898,11,0,2895.81,0.0003739817184138462,1.693358145116453,0.0024248171053385947,-0.00021091958533277057,0.6744288093910751,0.1957049570700086,0.21806200874810147,-0.00515662253248228
2025-03-10 20:00:00,1.08298,1.08452,1.08169,1.08352,13313,11,0,2889.15,0.00037503071837737743,2.0921255266984766,0.002798498813123329,-0.0008666292624406109,0.7235386129872385,0.20287312654996303,0.21946271813154059,-0.00851078433054775
2025-03-11 00:00:00,1.08314,1.08532,1.08261,1.0851,7306,11,0,2887.19,0.0003758325569152013,2.194537042399194,0.0021366104991321633,-0.0020415963658921674,0.6584813920397066,0.20279995139747137,0.22088834629265297,-0.00816228379051509
2025-03-11 04:00:00,1.0851,1.08613,1.08432,1.08539,13395,11,0,2897.7,0.0003745694861441834,1.3107882919821172,-0.0033729611770145773,-0.0026802169515041884,0.6348621781176961,0.19807097958391648,0.21963349191632311,-2.4156506555073065e-05
2025-03-11 08:00:00,1.08539,1.09188,1.08351,1.09168,23304,11,0,2909.82,0.00037517097277494824,1.5317216528563946,0.0016125243718223548,-0.0025259072774567273,0.6996798482847575,0.20051550378016092,0.21849487344451596,0.001131933955610176
2025-03-11 12:00:00,1.09168,1.09206,1.08807,1.09175,21489,11,0,2913.16,0.0003747648601518626,1.1744418190207215,-0.0010837159690277876,-0.0023377992762928326,0.6980723350781309,0.258520616086308,0.2194939356223417,0.005991415182625914
2025-03-11 16:00:00,1.09175,1.09302,1.08945,1.09246,28112,11,0,2917.1,0.0003745020739775805,0.9388851081984141,-0.0007021511783817935,-0.0022919357616339596,0.8602356818699894,0.2547391922878104,0.22020426406329557,0.009674125607877615
2025-03-11 20:00:00,1.09246,1.09469,1.09097,1.09188,15925,11,0,2915.62,0.00037449324671939415,0.860184282729684,-2.355869369419228e-05,-0.0021120866861881445,0.8816767371946825,0.25195465228165864,0.22068424071275783,0.009846944607039942
2025-03-12 00:00:00,1.09171,1.09185,1.0905,1.09083,6523,11,0,2914.07,0.00037433211968140775,0.6870189960770657,-0.00043002478988996007,-0.0016319723595851026,0.8920378908379695,0.2534748576565428,0.22066699596427664,0.005649308071919323
2025-03-12 04:00:00,1.09083,1.0915,1.08954,1.08985,12979,11,0,2914.98,0.00037387906606563335,0.3053352870953307,-0.0012106764838792916,-0.0012994228390205691,0.8969255860566383,0.261435012072055,0.2219298173090678,0.0017733055652926488
2025-03-12 08:00:00,1.08985,1.09211,1.08869,1.09209,19924,11,0,2921.99,0.000373748712350145,0.1253016350450319,-0.00034949052908195277,-0.00043537868894636214,0.8962819044277329,0.2600185047794995,0.22305177349743843,0.0030310727869391485
2025-03-12 12:00:00,1.09209,1.09303,1.08757,1.08777,25134,11,0,2917.49,0.00037284446561941943,-0.6836825989115836,-0.002415671597051916,0.00033689221797291845,0.9596615103835069,0.26373276067207246,0.2243770347373549,0.0001336944225429626
2025-03-12 16:00:00,1.08777,1.09275,1.08752,1.09052,27927,11,0,2936.29,0.00037139383371533464,-1.8477732749060258,-0.003915787302136486,0.001791378296218502,0.8306912732080719,0.2679908085083382,0.22587295393522583,0.007089401225125469
2025-03-12 20:00:00,1.09052,1.09138,1.08793,1.08866,12152,11,0,2933.25,0.0003711446347907611,-1.8773023974232503,-0.0006702882528567544,0.0028455517285601874,0.8557328475581437,0.27875078626733263,0.22949766959926016,0.006581859735696138
2025-03-13 00:00:00,1.08857,1.08906,1.08821,1.08905,3574,11,0,2938.77,0.0003705802087267803,-1.9838174831916064,-0.001523633075565245,0.0036782080825325074,0.8660659932502323,0.2943562254821891,0.23331974099211616,0.008161290986559155
2025-03-13 04:00:00,1.08927,1.08966,1.08812,1.08927,9212,11,0,2944.6,0.00036992121170957007,-2.10379434800509,-0.0017818122371584533,0.00447422479351416,0.8524519219342013,0.293550047311149,0.23708674887987993,0.0077378772685738895
2025-03-13 08:00:00,1.08927,1.08927,1.08585,1.08729,18075,11,0,2941.54,0.00036963291337190724,-1.946100951385283,-0.0007785407586444748,0.004767957168116348,0.8279949092651918,0.3004393076665452,0.24196507987892316,0.008243387295243654
2025-03-13 12:00:00,1.08729,1.08851,1.08259,1.08345,24644,11,0,2942.55,0.0003682010501095988,-2.248998986159632,-0.0038750740303926667,0.005255384447917591,0.8482595570701201,0.30636710218106095,0.24710385673355267,0.002131942008452903
2025-03-13 16:00:00,1.08345,1.08778,1.08219,1.0872,26930,11,0,2980.14,0.00036481507580180797,-2.7647739349412896,-0.009313468525192325,0.00677660511621673,0.6541876445374905,0.3013359002531117,0.2522605953445838,0.015985681411403663
2025-03-13 20:00:00,1.0872,1.0873,1.0846,1.08509,12052,11,0,2988.61,0.00036307514195562486,-2.560121514985007,-0.004782913624026053,0.008402316675922875,0.6412323580855601,0.32661221105600213,0.2586621251471598,0.01695947624346239
2025-03-14 00:00:00,1.08464,1.08583,1.08432,1.08487,5317,11,0,2986.54,0.0003632531290389548,-2.0739333889049627,0.0004898815248947086,0.009695567616690081,0.6663509204427822,0.3185263798058288,0.2648031962839508,0.014243021123412358
2025-03-14 04:00:00,1.08487,1.08489,1.08338,1.08405,10681,11,0,2985.36,0.000363122035533403,-1.8095685632172103,-0.00036074488900428303,0.011142711673119669,0.6853470096104919,0.33893945555053123,0.27160651273397923,0.014896958735900245
2025-03-14 08:00:00,1.08405,1.08564,1.08303,1.08536,16273,11,0,2992.87,0.0003626485614142947,-1.6822060300310733,-0.0013071781623132939,0.012255896012925371,0.6915263928016575,0.3410741238583202,0.27852022135702165,0.01710081391989937
2025-03-14 12:00:00,1.08535,1.09123,1.08463,1.08944,28777,11,0,2993.91,0.00036388535393515505,-1.2655459404261504,0.0034116288569037145,0.013401613394583175,0.739867861216372,0.33253331926597857,0.2852433383411248,0.00462058829450962
2025-03-14 16:00:00,1.08944,1.08977,1.0865,1.08827,23627,11,0,2989.67,0.0003640100746905177,-1.1217460462190363,0.0003422619884391187,0.014197017327323324,0.6229993194582215,0.32826073652468074,0.2916305999783507,0.0003546799348190799
2025-03-14 20:00:00,1.08827,1.08877,1.08727,1.08739,8467,11,0,2985.83,0.0003641834933670035,-0.9837722630014739,0.000475799835345625,0.014737709424855205,0.614514729739412,0.33148580059292365,0.2952788592036816,-0.00023773329672460708
2025-03-17 00:00:00,1.08733,1.08849,1.08733,1.08788,5237,11,0,2990.78,0.00036374457499381427,-0.9811455016540253,-0.0012072101933684465,0.01552915110998359,0.6131375077428023,0.3335962904009947,0.2992217141093408,0.0018155264356727319
2025-03-17 04:00:00,1.08788,1.08935,1.0873599999999999,1.08817,8925,11,0,2982.65,0.0003648332858364207,-0.6608055340529501,0.0029849279283560293,0.016067475825780202,0.5963568375087317,0.33283420206501635,0.30326569159850864,-0.0034147824663282034
2025-03-17 08:00:00,1.08817,1.08865,1.0868,1.08834,13685,11,0,2988.32,0.0003641979439952883,-0.7314821525085086,-0.001744768492691895,0.015303453625042021,0.5975230215644279,0.34285735749409607,0.30773481659038626,-0.0018671235942294695
2025-03-17 12:00:00,1.08834,1.09114,1.08765,1.0901399999999999,18339,11,0,2987.17,0.00036494072985467844,-0.4722175250982662,0.0020387265336149207,0.01432821926134381,0.6032089956899337,0.33693667673785815,0.31150989982367644,-0.0008362126923707747
2025-03-17 16:00:00,1.0901399999999999,1.0929,1.08966,1.09207,18444,11,0,2994.4,0.00036470411434678067,-0.45966123053053703,-0.0006499362254839269,0.013464506486778252,0.5991502394870837,0.3363992902549662,0.3153289390974498,0.0028702236898954236
2025-03-17 20:00:00,1.09207,1.09273,1.09111,1.0921,8708,11,0,3000.94,0.0003639193052843443,-0.6234276219602405,-0.002156606177102116,0.012713262434827278,0.5437971562726392,0.333593279923679,0.31882196506003013,0.0033971071091820626
2025-03-18 00:00:00,1.09193,1.09225,1.09134,1.09156,4428,11,0,3001.51,0.0003636702859560688,-0.6343614570246516,-0.0006844006995807561,0.011700346407631367,0.5543032887412465,0.3320079970666375,0.3220228244879451,0.006323236048480396
2025-03-18 04:00:00,1.09156,1.09187,1.09058,1.09106,7381,11,0,3014.25,0.0003619673218877001,-1.191680192539425,-0.004702590277291474,0.011059826277034055,0.5351040997017069,0.3321881294043859,0.3246946916447978,0.008677116239224736
2025-03-18 08:00:00,1.09106,1.09543,1.09032,1.0951,13805,11,0,3026.46,0.0003618418878822122,-1.2035806278107586,-0.00034793778550112897,0.010974825732436556,0.5809314381907841,0.32516151435518326,0.3262349560884475,0.013152917309694478
2025-03-18 12:00:00,1.09511,1.09528,1.08922,1.09109,18341,11,0,3034.14,0.000359604368948038,-2.0902558097499804,-0.00619938425617339,0.011228832114329635,0.6393018492690774,0.342708578013273,0.3286928826235537,0.013271440021373149
2025-03-18 16:00:00,1.09109,1.09395,1.08962,1.0937999999999999,20509,11,0,3035.91,0.000360287360297242,-1.7973741461331685,0.0019003934294712366,0.011399787465010585,0.6532156971593949,0.3243929425374817,0.3298905643671005,0.01165301538851149
2025-03-18 20:00:00,1.0937999999999999,1.09514,1.0937999999999999,1.09442,9300,11,0,3033.87,0.0003607339800321042,-1.5691555171461702,0.0012387879091301235,0.011781225426618082,0.5851721163661857,0.35459566781259816,0.3323019926486773,0.01078124010914494
2025-03-19 00:00:00,1.09412,1.09458,1.09311,1.09342,4816,11,0,3031.42,0.00036069564758430044,-1.4217621403695608,-0.00010617655828781825,0.011899408395860223,0.9280110406945822,0.3569385873642618,0.33508212700423484,0.005696276022227886
2025-03-19 04:00:00,1.09342,1.09445,1.09276,1.09296,6349,11,0,3036.33,0.00035996087381806325,-1.6453622055100587,-0.002040401336758979,0.012175113996852312,0.9150453323961966,0.3807680640165731,0.3377899196522634,0.003261235899367554
2025-03-19 08:00:00,1.09296,1.09358,1.08727,1.09069,16081,11,0,3025.21,0.00036053364890371246,-1.1888664443432613,0.0015853873123049533,0.012040725214573122,0.8554461095275567,0.3846842986628533,0.34109781559511465,-0.0029431733538992644
2025-03-19 12:00:00,1.09069,1.09173,1.0890900000000001,1.09009,15084,11,0,3036.96,0.0003589411780201254,-1.780165577671762,-0.004434138366189,0.011897582727320645,0.8131009427701905,0.3960237945606286,0.3439520325456195,0.0003458600551400348
2025-03-19 16:00:00,1.09009,1.09035,1.08749,1.08847,14456,11,0,3033.19,0.0003588532205367946,-1.6015785290536042,-0.00024474287339948386,0.01186405311096557,0.8212293729957176,0.39354815152710765,0.3465757339290588,-0.00022413616931504787
2025-03-19 20:00:00,1.08847,1.09129,1.08601,1.0902,20924,11,0,3047.33,0.0003577558059022161,-1.8121069630017557,-0.003072371804818008,0.011684068340512908,0.6926483842317216,0.3949146656011303,0.3496948012458164,0.005248365452494186
2025-03-20 00:00:00,1.08985,1.0916,1.08963,1.0912,5380,11,0,3053.09,0.00035740839608396736,-1.7036315151478871,-0.0009729163841467603,0.011287048810824854,0.7041184768253215,0.40507637043531564,0.3535355829413482,0.005519821626766674
2025-03-20 04:00:00,1.0912,1.0917,1.08998,1.09029,9429,11,0,3052.17,0.00035721797933928974,-1.5702860054406975,-0.0005326102232430241,0.010680637281424505,0.7172008344736819,0.40571826899048236,0.35724720636122614,0.008911778025327166
2025-03-20 08:00:00,1.09029,1.09029,1.08627,1.0865,12988,11,0,3041.99,0.0003571675120562527,-1.41496511057659,-0.0001408074643681756,0.009758280683774188,0.7336706616685655,0.4105944284958806,0.36109711326597044,0.0016562615246824564
2025-03-20 12:00:00,1.08649,1.0868,1.08304,1.08333,18009,11,0,3040.92,0.00035625073990765946,-1.5766287784533681,-0.0025658819715601577,0.008893381423166827,0.8165502223811761,0.44075889796752715,0.366493348061096,0.0025484720706583364
2025-03-20 16:00:00,1.08333,1.0852,1.08142,1.08484,16411,11,0,3038.25,0.0003570608080309389,-1.1633760735926935,0.002271874198585322,0.008471747666253662,0.8218258604175452,0.4386595210795542,0.3712834562403689,-0.002979657601900665
2025-03-20 20:00:00,1.08484,1.08586,1.08386,1.08528,6349,11,0,3044.24,0.0003565027724489528,-1.2755019342640266,-0.0015659398990681694,0.008114076376200857,0.8063912106210117,0.4363195749981787,0.3762526011533849,-0.0028987026258644466
2025-03-21 00:00:00,1.08451,1.08583,1.08446,1.08527,4009,11,0,3042.83,0.0003566646838633772,-1.1417688825940893,0.00045395557750349536,0.008071158346047519,0.7849173637184402,0.4346207400841449,0.3811636736448439,-0.0030601178833420395
2025-03-21 04:00:00,1.08527,1.08551,1.0827,1.08298,7485,11,0,3029.89,0.0003574321179976831,-0.7500499809216639,0.0021425461029901394,0.007341636637548177,0.7320636417368552,0.4355436611299931,0.3862611927051595,-0.003977659361141805
2025-03-21 08:00:00,1.08298,1.08451,1.08194,1.08357,11281,11,0,3032.81,0.00035728252017106247,-0.7683254924983272,-0.0004189382856132351,0.0068852124804900106,0.7362770006031408,0.4405071725721384,0.39168615148043456,-0.0026669560527735614
2025-03-21 12:00:00,1.08357,1.08608,1.08242,1.08317,12710,11,0,3033.96,0.0003570152539914831,-0.8386272206755222,-0.000748336423301299,0.005998247368488975,0.781340768050045,0.4404836915891188,0.3971009295896712,-0.0014119970377683977
2025-03-21 16:00:00,1.08317,1.08354,1.07968,1.08178,18475,11,0,3015.23,0.0003587719676442593,0.30337325823918404,0.004890179479915879,0.004462692663212927,0.621627777763902,0.44131933491688274,0.4029088206177562,-0.009529472052137722
2025-03-21 20:00:00,1.08178,1.0826500000000001,1.08048,1.08127,8248,11,0,3022.95,0.00035768702757240446,-0.34784296029664535,-0.003031780574805909,0.0030858684437554532,0.5616587527569298,0.4440760115245908,0.40797719229332213,-0.006533391612413508
2025-03-24 00:00:00,1.08112,1.08395,1.081,1.08368,5943,11,0,3018.48,0.0003590151334446476,0.6024959498154443,0.0037075485431470323,0.002002822965806162,0.550627349539261,0.43801346228957166,0.41365821828092664,-0.0037658132803500832
2025-03-24 04:00:00,1.08368,1.08371,1.08166,1.08224,8827,11,0,3019.3,0.0003584406981750737,0.31166158634131913,-0.0016004654597525647,0.0008842295728653839,0.5471898135009448,0.4355211776385827,0.41770449377222585,-0.004454614697260828
2025-03-24 08:00:00,1.08224,1.08579,1.08176,1.08424,13750,11,0,3028.83,0.0003579732107777591,0.0665367911387589,-0.0013083418221544463,0.0001269068636801524,0.5602220496656993,0.4512501856394381,0.42242007368598466,-0.0016908594707907287
2025-03-24 12:00:00,1.08426,1.08542,1.08212,1.08294,15140,11,0,3024.15,0.00035809731660135905,0.28154434010322316,0.00034615456581543746,-0.000943107574665538,0.5654894609581804,0.4505520732215324,0.4259092741462326,0.002958314954414787
2025-03-24 16:00:00,1.08294,1.08303,1.0781,1.07914,22085,11,0,3009.86,0.000358534948469364,0.983987402454242,0.0012163283785190382,-0.0022010534563709993,0.5868607590699769,0.4505012835217141,0.4292001233891757,-0.004330207247886908
2025-03-24 20:00:00,1.07914,1.08128,1.07834,1.08003,9680,11,0,3011.77,0.00035860308058052243,1.1149965414503153,0.00019014979374643026,-0.0029178165211682155,0.6308435123411071,0.46436692569580285,0.43261727994593435,-0.0022229731520500007
2025-03-25 00:00:00,1.07995,1.08032,1.07946,1.07997,4018,11,0,3014.0,0.00035831785003317853,0.8328159346012944,-0.0007959823983543224,-0.0036753631565628405,0.624279909159396,0.4684274876276398,0.43636124675096094,-0.0017553737621303078
2025-03-25 04:00:00,1.07997,1.08085,1.07937,1.08029,7772,11,0,3015.07,0.0003582968222959997,0.7598151243583133,-5.8705426572602804e-05,-0.004307570355021298,0.6663713413638022,0.46883940860680073,0.4400574839012445,-0.0045430083563618995
2025-03-25 08:00:00,1.08028,1.08066,1.07765,1.07901,12767,11,0,3021.19,0.0003571473492233193,-0.6506540387287096,-0.003214670646263129,-0.004053215528256559,0.6541717804692239,0.48114355875550185,0.44386084331725384,-0.0009787874278722741
2025-03-25 12:00:00,1.079,1.08299,1.0787,1.0824799999999999,17444,11,0,3021.56,0.00035825202875335916,0.6483875012759632,0.0030934425823552214,-0.003961270123137821,0.7353819738391923,0.47463243003968947,0.4473065513697142,0.0038872239904845785
2025-03-25 16:00:00,1.0824799999999999,1.08275,1.07968,1.0806,20551,11,0,3023.04,0.0003574547475389012,-0.35491606391327585,-0.002226565851151774,-0.003669751415540686,0.7115785357475889,0.4883155038998772,0.451192605139914,0.0037419856097908877
2025-03-25 20:00:00,1.0806,1.08165,1.07895,1.0790899999999999,9109,11,0,3019.61,0.0003573607187683177,-0.5951617303779938,-0.0002627523745527549,-0.003503194069293556,0.6709178677667783,0.4749248400128353,0.45290090224217944,0.0018613138686132125
2025-03-26 00:00:00,1.07873,1.07928,1.07831,1.0783800000000001,4398,11,0,3018.27,0.00035728413958989756,-0.7253721900203577,-0.00021419588435644954,-0.003707613129959748,0.6544488803338621,0.4757866550616656,0.454757258941285,0.0010613352260477882
2025-03-26 04:00:00,1.0783800000000001,1.07967,1.07774,1.07839,7732,11,0,3015.13,0.0003576595370680534,-0.31369481587849574,0.0010496042195813349,-0.0037729793130047034,0.6677124331715248,0.47601452137415357,0.45674200626008366,-0.0020058321389915257
2025-03-26 08:00:00,1.07839,1.07993,1.07774,1.07988,14184,11,0,3024.05,0.0003570972702170929,-1.2766552936441147,-0.0015767236998183165,-0.003291685250388344,0.6525967272095697,0.47646919673038285,0.45883442909239563,0.0008240776287746776
2025-03-26 12:00:00,1.07988,1.08024,1.07813,1.0784,16089,11,0,3027.09,0.0003562497315904053,-2.2124339109750837,-0.0023757970343556423,-0.002677447497117205,0.6842695674068461,0.4754204528262578,0.46082826867720883,0.001339711019371359
2025-03-26 16:00:00,1.0784,1.0795,1.0767,1.07871,20860,11,0,3015.73,0.00035769448856495773,-0.218123390226248,0.004040241979661574,-0.002428575470980633,0.6455373480028685,0.4730319902515073,0.46245450956117723,-0.0012849341471250497
2025-03-26 20:00:00,1.07871,1.07891,1.07435,1.07517,13569,11,0,3019.0,0.0003561344816164293,-2.13866453639537,-0.004366012160457955,-0.0019874560628481454,0.7000558184691643,0.46894102155238676,0.46387737605934065,0.00024186040347617954
2025-03-27 00:00:00,1.0751,1.07572,1.07326,1.0755,7882,11,0,3025.26,0.00035550663414053664,-2.3716809160044163,-0.0017666060761731828,-0.0015469341541046913,0.8284854958955781,0.46016183466157146,0.4648195010465751,0.0033597224663612923
2025-03-27 04:00:00,1.0755,1.07866,1.07547,1.078,8944,11,0,3033.97,0.0003553100393214172,-2.1277628005856184,-0.000554591151430861,-0.0009364349333645423,0.8666441618617146,0.4501468950579089,0.465123045223241,0.0032803690415170728
2025-03-27 08:00:00,1.078,1.07823,1.07537,1.07756,18243,11,0,3036.03,0.0003549240290774465,-2.120151463871724,-0.0010871416335827,-0.00044135893589864513,0.8379391746426685,0.4530467183369896,0.4658747080256119,0.0029533314173018077
2025-03-27 12:00:00,1.07756,1.07993,1.07606,1.07866,18102,11,0,3049.9,0.00035367061215121806,-2.5073176848937986,-0.0035476412295412096,0.000461039465485096,0.7610220099988243,0.4573214098894593,0.4669647196381558,0.011330589940080849
2025-03-27 16:00:00,1.07866,1.08207,1.07761,1.07984,23618,11,0,3048.28,0.00035424567296967466,-1.787881990491613,0.0016251148570309848,0.0013424197137376617,0.7707639755096183,0.4697654704786438,0.467890483880116,0.009698575687313804
2025-03-27 20:00:00,1.07985,1.0808,1.07878,1.08008,9040,11,0,3056.34,0.0003533900024211966,-1.9874317139626119,-0.0024218589088527143,0.0025709022382944453,0.7598084579000369,0.4635747976185166,0.46854162009996525,0.010273497153963529
2025-03-28 00:00:00,1.07951,1.0801,1.07877,1.07945,4318,11,0,3061.78,0.0003525563561065785,-2.0904472898418303,-0.0023631968124316893,0.0036083365008112915,0.8070586740735756,0.4579897236770218,0.46891604210773064,0.00916620797173362
2025-03-28 04:00:00,1.07945,1.07986,1.0783800000000001,1.07878,8636,11,0,3073.89,0.00035094944841877887,-2.3886117576445285,-0.004575902054241188,0.004667835726441756,0.7514432126191884,0.4924621514822711,0.4703208033970541,0.012470232507583834
2025-03-28 08:00:00,1.07879,1.07992,1.07747,1.07778,13092,11,0,3072.84,0.00035074393720467057,-2.0829150600136064,-0.0005853863430547168,0.006110596615893126,0.7491346895636769,0.5028985832755303,0.47204435817944856,0.007521558083871671
2025-03-28 12:00:00,1.07778,1.07914,1.07635,1.07886,15081,11,0,3077.47,0.00035056718668256717,-1.8619481566482035,-0.0005046896669611556,0.007558397172373543,0.7592649875550681,0.47945931223671445,0.4725753533609443,0.009575891978427009
2025-03-28 16:00:00,1.07886,1.08444,1.07843,1.08213,26518,11,0,3083.76,0.0003509125223752821,-1.5184611423680092,0.0009870904433999517,0.008728346188423717,0.8232873357972608,0.4802123966657593,0.4725287952564572,0.008971514949253079
2025-03-28 20:00:00,1.08213,1.08356,1.08114,1.08257,9713,11,0,3084.61,0.0003509584680073008,-1.3537052689083033,0.00013096795762157498,0.009713755897017552,0.7393624625293801,0.47964960997800865,0.47277965425337304,0.0074564469034352765
2025-03-31 00:00:00,1.08202,1.08413,1.0805,1.08411,10506,11,0,3079.0,0.0003520980837934394,-0.8335628364415945,0.0032412472223697364,0.010457928249543965,0.690191181217889,0.47905717518070284,0.47231673781741434,0.0016623886996607329
2025-03-31 04:00:00,1.08411,1.08453,1.08284,1.0834,11260,11,0,3113.32,0.000347988642349646,-2.040818678924249,-0.011801391220255253,0.011502355139203066,0.45944885826211107,0.48026989136709686,0.47258399038512744,0.013173481209565185
2025-03-31 08:00:00,1.0834,1.08488,1.08111,1.0827,21235,11,0,3122.14,0.000346781374313772,-2.0775034826333125,-0.0034791026633965716,0.012895557202662885,0.463018239811152,0.42505769340218985,0.4700475423021537,0.01451516992854529
2025-03-31 12:00:00,1.0827,1.08299,1.08005,1.08034,16407,11,0,3124.45,0.0003457696554593609,-2.0515157644546256,-0.002919612981125641,0.014019609312678434,0.50603566072053,0.44349425803484044,0.46842152913518803,0.013194930863621002
2025-03-31 16:00:00,1.08034,1.08209,1.07835,1.08112,25028,11,0,3117.6,0.0003467795740313062,-1.562770080361326,0.002914380787434112,0.014655736253792767,0.4793820446368589,0.4370854374691563,0.4664523411721267,0.010695031138458377
2025-03-31 20:00:00,1.08112,1.08195,1.0806499999999999,1.08135,8564,11,0,3123.87,0.00034615717043282853,-1.5487624395900128,-0.0017984200913647719,0.0150508222979592,0.4667096794025659,0.43393816157230347,0.46437822660942896,0.014572913283533495
2025-04-01 00:00:00,1.08146,1.08261,1.08134,1.0824799999999999,5608,11,0,3127.05,0.00034616651476631325,-1.422806909915527,2.7021961458872923e-05,0.015572765239345846,0.515916382758656,0.4361967586524974,0.46253646502947854,0.004410083126694442
2025-04-01 04:00:00,1.0824799999999999,1.08296,1.08165,1.08247,9992,11,0,3144.68,0.00034422262360558155,-1.7582224978910717,-0.0056471395825603565,0.016334804434225452,0.4088479702054998,0.42173051697554215,0.46017593980063626,0.007219407201470851
2025-04-01 08:00:00,1.08247,1.08249,1.07985,1.08171,15511,11,0,3130.82,0.000345503733846085,-1.272468625588461,0.0037053457030432613,0.016658377780537127,0.3732487641550805,0.40973239730182065,0.4576544679326487,0.0020387588215526886
2025-04-01 12:00:00,1.08171,1.08288,1.07778,1.07868,19206,11,0,3133.26,0.00034426763179563777,-1.472234548903088,-0.003580468989455965,0.017010120518354106,0.40032718359198033,0.4107837150070251,0.45568630893010453,0.005023094688221708
2025-04-01 16:00:00,1.07868,1.08121,1.07788,1.07993,23455,11,0,3106.56,0.00034762888854552947,-0.4388509777163618,0.009680299782088841,0.016985592046330284,0.33289303723114866,0.4068767130999463,0.45337780866825234,-0.005541203699257591
2025-04-01 20:00:00,1.07993,1.08043,1.07846,1.07913,8379,11,0,3113.96,0.00034654587727523794,-0.6904853911863342,-0.0031228447910857104,0.015966380269869716,0.33752850800872203,0.36891843028146853,0.44895765968785273,-0.004186053948609714
2025-04-02 00:00:00,1.07868,1.08077,1.07863,1.07901,6753,11,0,3123.04,0.0003454998975357344,-0.9478460794712729,-0.0030271019855430126,0.014843195812087654,0.3310266429745119,0.3620490448867633,0.44357183840825876,-0.0068814632967424405
2025-04-02 04:00:00,1.07901,1.08016,1.07866,1.07923,8236,11,0,3116.19,0.0003463299734611817,-0.5906809107784744,0.0023972662886531104,0.013466039495191751,0.3262177664504847,0.34935071770817444,0.4378606344127417,-0.004672897196261738
2025-04-02 08:00:00,1.07923,1.08014,1.07799,1.0796999999999999,12810,11,0,3131.17,0.000344823181111214,-1.0655395367605196,-0.004371656646357636,0.012733078068284439,0.3183572502435439,0.33891944898435616,0.4319071206781084,-0.0006670368880974387
2025-04-02 12:00:00,1.0796999999999999,1.08191,1.07857,1.08188,15674,11,0,3122.33,0.000346497647590101,-0.3362719094318094,0.0048423051968353725,0.011642384720557125,0.3317376136112802,0.33334348579700374,0.4239511873938451,0.005076354552945972
2025-04-02 16:00:00,1.08188,1.08727,1.0814300000000001,1.08518,24367,11,0,3131.43,0.0003465445499340557,-0.24379607527999,0.00013575572792756674,0.010522503879979264,0.3600145097227398,0.3192639536975541,0.41476945591494624,0.005610219784454529
2025-04-02 20:00:00,1.08518,1.0924,1.08101,1.08589,22218,11,0,3130.86,0.0003468344161029238,-0.037954103680977,0.0008362948022101468,0.0088593829692735,0.35803629754871247,0.3317043020171656,0.40738170540396884,0.002503970490291607
2025-04-03 00:00:00,1.0843,1.09106,1.08046,1.089,30126,11,0,3151.34,0.0003455672824893537,-0.558504249009062,-0.0036773235242868463,0.008153775335152061,0.3386694968984286,0.3301849776387539,0.3998803344526185,0.011279800012194308
2025-04-03 04:00:00,1.089,1.09241,1.08861,1.09065,21170,11,0,3140.43,0.0003472932050706432,0.4989881155835121,0.004977170846610535,0.0072322728619839596,0.33520333908920336,0.3343009844436031,0.3926129031758982,0.0029573609864681494
2025-04-03 08:00:00,1.09065,1.10205,1.09059,1.10087,35406,11,0,3129.18,0.0003518078218574835,3.3308444191170157,0.012952870817443563,0.006953756937102972,0.5572296078104072,0.3168124671373959,0.3845006677737329,0.0021938744463270154
2025-04-03 12:00:00,1.10087,1.11461,1.10033,1.10812,44498,11,0,3076.17,0.0003602271655987803,3.791251415719387,0.023526240733842463,0.005454283006294424,0.5176114022363077,0.2051799127217053,0.37074616884146333,-0.01764688975963047
2025-04-03 16:00:00,1.10811,1.11347,1.10324,1.10385,44442,11,0,3107.69,0.00035519952118776325,1.9693541699796713,-0.014099881113664114,0.0043205655124474605,0.5080554610316109,0.008388367652297252,0.34991270255396867,-0.007400522540132792
2025-04-03 20:00:00,1.10383,1.10521,1.10154,1.10506,16342,11,0,3113.69,0.0003549036673528835,1.6470455303072329,-0.0008345310749888757,0.0036233226776149715,0.49066423723594477,-0.04482392305113706,0.3254967934996698,-0.011947298609480406
2025-04-04 00:00:00,1.10443,1.1071,1.10361,1.10602,12126,11,0,3110.46,0.0003555808465628878,1.5836873597520622,0.001906085502642374,0.002435200313103452,0.4917977567528731,-0.043646928376669954,0.30146017520737844,-0.009543279105090674
2025-04-04 04:00:00,1.10602,1.10979,1.10567,1.1087,19741,11,0,3100.04,0.0003576405465735926,1.7520350454409481,0.005773089475041404,0.0014390073738693248,0.4908605475522951,-0.049957406071835755,0.2772653968251715,-0.009312343808921097
2025-04-04 08:00:00,1.1087,1.11073,1.09752,1.0996,33820,11,0,3084.31,0.00035651409877736026,1.3579095630705231,-0.0031336828739942924,-0.00019657385783851836,0.6004381222559488,-0.07454925277914358,0.25172809625358944,0.002646147644635999
2025-04-04 12:00:00,1.0996,1.10884,1.09641,1.10196,60001,11,0,3071.18,0.0003588067127293093,1.5851706556520364,0.006403264929926267,-0.0020452762433867434,0.6163274628426091,-0.02813868065341045,0.2292346363721418,-0.011748276050700057
2025-04-04 16:00:00,1.10196,1.10477,1.09595,1.09705,65167,11,0,3030.83,0.0003619635545378659,1.8522772398982306,0.008682575464288744,-0.005350798989973831,0.5910179015911657,-0.04335064611085113,0.20658048420150826,-0.02661151238562609
2025-04-04 20:00:00,1.09705,1.09763,1.09236,1.09643,31817,11,0,3037.69,0.0003609420316095454,1.4949903927505452,-0.0028285583921697777,-0.008152789326961332,0.5754933659027469,0.03016729995679264,0.18754966344899665,-0.023395253435183228
2025-04-07 00:00:00,1.08868,1.10007,1.08775,1.09665,34785,11,0,2978.87,0.0003681429535360724,2.1836289275931136,0.019564049049436205,-0.01192369188953659,0.49795764439803714,0.028481504207448723,0.16862990300437175,-0.03908659243106538
2025-04-07 04:00:00,1.09666,1.0987,1.09192,1.09843,28363,11,0,3035.69,0.0003618386594151577,1.154579008121417,-0.01745122201241922,-0.012403858105092659,0.42001250843219706,0.020657226596153162,0.151216842820106,-0.015763655404288146
2025-04-07 08:00:00,1.09843,1.10494,1.0967500000000001,1.09912,51718,11,0,3031.08,0.0003626166250973251,1.1439615851005842,0.0021467696802746072,-0.01390692673249962,0.4218547773849659,0.04671764498662738,0.1354502728250992,-0.013056870649066465
2025-04-07 12:00:00,1.09914,1.09961,1.09347,1.09733,50588,11,0,3031.14,0.00036201891037695386,0.9605154596540284,-0.0016483705123243597,-0.015580762897492413,0.4264367704044456,0.006311470064089639,0.11829831044289493,0.00010228221312313934
2025-04-07 16:00:00,1.09733,1.09825,1.09005,1.09317,63295,11,0,2970.7,0.0003679839768404753,1.6250099541759169,0.016148672635563743,-0.018539417644352598,0.40543159570025883,0.012092249371846244,0.10195695046226945,-0.022052941544397298
2025-04-07 20:00:00,1.09318,1.09522,1.09009,1.09029,27837,11,0,2981.86,0.0003656409086945732,1.1805579069582215,-0.006391230258367631,-0.02086064101443785,0.40639600360948136,0.08104575568756882,0.0893420639567977,0.0010037363161199409
2025-04-08 00:00:00,1.08998,1.09496,1.0899,1.09392,11632,11,0,2985.42,0.0003664208051128484,1.1866114276358788,0.002135503732995314,-0.022567728631029158,0.40923274856562053,0.0708454065427348,0.07692113659905674,-0.016559661889059774
2025-04-08 04:00:00,1.09391,1.09796,1.09376,1.09756,21523,11,0,3002.38,0.00036556331976631874,0.9793263450864462,-0.0023534599008279145,-0.023296129835622265,0.40814142880015974,0.0711759971259199,0.06389472135449445,-0.00946857225807296
2025-04-08 08:00:00,1.09756,1.09915,1.0921,1.09363,35618,11,0,3007.46,0.00036363908414409503,0.6149059320593578,-0.005272660869941492,-0.022750261929139964,0.42178173095940086,0.08615934729153768,0.051693439837133634,-0.007812242258688151
2025-04-08 12:00:00,1.09363,1.0968,1.09107,1.0948,35057,11,0,3002.49,0.00036463068986074894,0.7516453546284708,0.0027223889690262126,-0.022509419933495155,0.42126009760115235,0.07844953390333126,0.038900867310120046,0.010701181539704452
2025-04-08 16:00:00,1.0948,1.09552,1.08882,1.09292,43023,11,0,2986.09,0.00036600370384013873,0.9821616150747493,0.003744924473617184,-0.02099458283175874,0.3563515884090552,0.07586127233356951,0.02685330756992873,0.0014185776662887228
2025-04-08 20:00:00,1.09292,1.09774,1.0926,1.09569,29918,11,0,2981.92,0.00036744446531094063,1.1903970931122816,0.003930969737047096,-0.021343233902914933,0.34511448919751375,0.08315404082093464,0.020752013974890196,-0.0011723643574438336
2025-04-09 00:00:00,1.09507,1.10162,1.09457,1.10145,18890,11,0,2980.4,0.00036956448798818953,1.5159583410441557,0.005766700058659424,-0.02147885217265067,0.3809885293606209,0.08024722953467023,0.024344957069008848,-0.007320858785363593
2025-04-09 04:00:00,1.10145,1.10686,1.10092,1.10684,37530,11,0,3012.23,0.00036744870079641995,0.9617083563882034,-0.005786225114770671,-0.020987920882450883,0.38282830219519287,0.07601438618075712,0.03038687253060356,0.0015860560073950314
2025-04-09 08:00:00,1.10681,1.10896,1.09977,1.10269,55297,11,0,3043.95,0.0003622562788482071,-0.43752816253162713,-0.014279817127373917,-0.017655587882009792,0.37683119070604965,0.1145398719695988,0.038296212547917,0.013808538912702506
2025-04-09 12:00:00,1.10269,1.10947,1.10088,1.10751,49632,11,0,3047.34,0.0003634349957667999,-0.21155134023661684,0.0032574442633057643,-0.014703426398491261,0.387754424091415,0.07658355956587137,0.04462326082980235,0.02051177292044115
2025-04-09 16:00:00,1.10751,1.10813,1.1013,1.10198,42847,11,0,3092.46,0.00035634414026373826,-2.3113632019320915,-0.019799538612742196,-0.010772360501599985,0.3329597760726887,0.07870365324290549,0.0522859061309048,0.037070075655953216
2025-04-09 20:00:00,1.1019700000000001,1.10637,1.09128,1.09462,55762,11,0,3082.51,0.00035510671498227087,-2.353301217950766,-0.0034613838766365257,-0.007619219534608994,0.3631485765021073,0.019797767578346413,0.054682728542492655,0.03426050194604757
2025-04-10 00:00:00,1.09429,1.09862,1.09426,1.0986,18909,11,0,3097.14,0.00035471434936748097,-2.076230210002472,-0.001110167218021152,-0.004085370125491392,0.37790151214451434,0.03724904827492348,0.05871271326178138,0.02818841854705645
2025-04-10 04:00:00,1.0986,1.09887,1.0961,1.09825,21308,11,0,3125.4,0.000351395021437256,-2.3208320872054795,-0.009443134455784818,0.00011550533804369713,0.3711005676316654,0.038814585067183195,0.0591450775173009,0.026757995367860943
2025-04-10 08:00:00,1.09825,1.10476,1.09623,1.1037,36053,11,0,3105.02,0.0003554566476222375,-1.3557182481929657,0.011483205587881962,0.004287422214497986,0.43872776070084557,0.04235107164288643,0.05983855588907279,0.018927983093451894
2025-04-10 12:00:00,1.1037,1.11313,1.10331,1.10968,39059,11,0,3123.0,0.0003553250080051233,-1.2595100744422258,-0.0003724839397007962,0.008405279133944694,0.5144239018878841,0.018061491703871214,0.0597087691444587,0.009875632991210859
2025-04-10 16:00:00,1.10968,1.12286,1.1090200000000001,1.11964,51221,11,0,3158.54,0.0003544802345387426,-1.2784640239076583,-0.00240452273132985,0.013690650246813174,0.5519010185043088,0.03758474805863003,0.05925212429805883,0.02466496459054457
2025-04-10 20:00:00,1.11964,1.1241,1.11583,1.1201,34069,11,0,3175.08,0.0003527785126673974,-1.4117198751843463,-0.004825750311949095,0.018351271658379416,0.5458159141517909,0.09492908236424237,0.06368300491306647,0.02516515236637673
2025-04-11 00:00:00,1.11908,1.13846,1.1185100000000001,1.13098,30326,11,0,3205.65,0.00035280832280504737,-1.266758542616802,8.531458598137753e-05,0.022590347465764913,0.7582260213219495,0.09562923206972081,0.06785985404796019,0.02567671338068722
2025-04-11 04:00:00,1.13099,1.13541,1.12754,1.13218,38484,11,0,3208.43,0.0003528766405999196,-1.131537497453427,0.0001938079034127238,0.026652810662215146,0.7348998856901787,0.1345151172431931,0.0705333221257414,0.03330413330670967
2025-04-11 08:00:00,1.13218,1.14731,1.12458,1.14268,51529,11,0,3215.89,0.00035532309873783,-0.6597587394132598,0.006949018937911555,0.029214716303095727,0.7859092481299206,0.13668108350826375,0.07382510597401784,0.029743836055075246
2025-04-11 12:00:00,1.14266,1.14266,1.13196,1.13948,50787,11,0,3233.49,0.0003523994198219262,-1.0324359747180476,-0.008273258075564116,0.03232320486592651,0.806381716432382,0.13784035123587363,0.07715832367951554,0.02372931797602673
2025-04-11 16:00:00,1.13948,1.14117,1.12762,1.13053,56130,11,0,3223.33,0.00035073355815259374,-1.175543184940095,-0.00471234413470123,0.034274622094742135,0.8373122235993653,0.12549419251458557,0.07912506594066793,0.015196467490582899
2025-04-11 20:00:00,1.13053,1.13579,1.12819,1.1353,23028,11,0,3237.55,0.0003506663989745332,-1.0732344344862719,-0.0001923267820667096,0.03567930321512465,0.858345319802359,0.13730311686604307,0.08206774508880352,0.009951179947904398
2025-04-14 00:00:00,1.1311,1.13705,1.1311,1.1365,19745,11,0,3220.84,0.0003528582605779859,-0.6429351159304826,0.006218299592058996,0.036725221069218265,0.8512948539234202,0.14344622017513325,0.0854469924808817,0.0038679354076605055
2025-04-14 04:00:00,1.1365,1.14087,1.13575,1.13672,23706,11,0,3227.36,0.0003522135739427891,-0.6805496351452746,-0.0018307398671082442,0.03795771699580196,0.8689956472448637,0.13387876016782346,0.08798322844822615,0.0035666642826714945
2025-04-14 08:00:00,1.13672,1.14242,1.13525,1.13872,34297,11,0,3226.95,0.0003528781047118796,-0.4984243715213757,0.001886487055138164,0.03797842008378782,0.8605412623055434,0.1326539455489183,0.09060356424893855,-0.0020225824109553203
2025-04-14 12:00:00,1.13872,1.14073,1.13341,1.13382,30125,11,0,3206.86,0.0003535608040263685,-0.24736845950095396,0.001922615852590348,0.037044045503304125,0.8501782823803912,0.13285566495413514,0.09344562818760746,-0.005109622657313961
2025-04-14 16:00:00,1.13381,1.13815,1.1295600000000001,1.13304,37494,11,0,3207.61,0.0003532349631033698,-0.252398709932173,-0.0009218135180362186,0.03447665614078092,0.8639191994603939,0.1478767308192552,0.09511247113009028,-0.0092477336257355
2025-04-14 20:00:00,1.13305,1.13694,1.13279,1.13487,16555,11,0,3210.18,0.0003535222323981833,0.05521246506907869,0.0008139043147854519,0.032010198971580105,0.8550024227675882,0.1477634108814894,0.09867146369587118,-0.003309695607357166
2025-04-15 00:00:00,1.1344,1.13608,1.13164,1.13282,11093,11,0,3211.8,0.0003527056479232829,-0.3758059033875342,-0.0023110188977463197,0.029390359085163287,0.9459190907204105,0.14215345637157153,0.10184395385230446,-0.0048212780724802284
2025-04-15 04:00:00,1.13282,1.1362700000000001,1.13152,1.13563,14991,11,0,3231.77,0.0003513956748159677,-1.1593234790580824,-0.0037371619401387335,0.02682584547311398,0.8823305837514408,0.14188884336188487,0.10794850764148141,0.0014936704938099954
2025-04-15 08:00:00,1.13563,1.13784,1.1320000000000001,1.13465,26451,11,0,3227.61,0.0003515449512177741,-0.9567873913958388,0.00042426319068211704,0.024565022449103163,0.8805935577411274,0.14690877223243848,0.11343149383935716,0.006470503857355814
2025-04-15 12:00:00,1.13464,1.13557,1.13083,1.13124,23336,11,0,3221.37,0.0003511673604708556,-1.2024179822868042,-0.0010720129594156136,0.021679131963019904,0.938164317138199,0.14287161570183524,0.11863434537108977,0.004289798323362071
2025-04-15 16:00:00,1.13124,1.1329,1.12636,1.1274,34372,11,0,3221.35,0.00034997749390783365,-1.8285527989100672,-0.0033882966061937747,0.0191588428525344,1.0223133004636469,0.14779955606396314,0.1239067695921436,0.0034795556635454084
2025-04-15 20:00:00,1.1274,1.12892,1.1266,1.12804,13133,11,0,3229.18,0.00034932707374627615,-2.0265614085934507,-0.0018629801111393895,0.016563995331453096,1.0179967204688696,0.15047225165832231,0.13052730758986614,0.005411295846565745
2025-04-16 00:00:00,1.12775,1.13209,1.12769,1.13166,12282,11,0,3264.59,0.00034664689899803654,-2.835047464410788,-0.0077565260818370785,0.014717326753868451,0.9435412788579167,0.15039535296328796,0.13616783783509906,0.010155425664573947
2025-04-16 04:00:00,1.13166,1.13474,1.13158,1.13456,16222,11,0,3283.78,0.0003455042664246691,-2.592193918420137,-0.003315619525097846,0.014248682298511239,0.9426961887761244,0.16090758800975433,0.13946676311737463,0.017402969999473328
2025-04-16 08:00:00,1.13456,1.13919,1.13379,1.13687,30255,11,0,3306.92,0.000343785153556784,-2.535044184830569,-0.005010725501574775,0.014574398146698754,0.85742510557676,0.16386057846933538,0.14287833043735537,0.026557023874935304
2025-04-16 12:00:00,1.13687,1.13775,1.13403,1.13513,30712,11,0,3307.32,0.00034321746912908334,-2.2121375145018254,-0.0016514764761342837,0.0148621621334727,0.8593025949905007,0.15795445506382683,0.14405029732838706,0.02668756887640278
2025-04-16 16:00:00,1.13513,1.13865,1.13491,1.13745,32061,11,0,3327.3,0.0003418537552970877,-2.193251073553918,-0.003997326326675266,0.015985142615813977,0.6868048101460404,0.15857399881568598,0.14514494309375817,0.030385422924705363
2025-04-16 20:00:00,1.13745,1.1412499999999999,1.13587,1.13974,22020,11,0,3342.71,0.00034096287144263186,-2.02779513431129,-0.0026181074940685445,0.01669396241738527,0.6865722245364678,0.16179934073007385,0.14634289256846816,0.023929498038038455
2025-04-17 00:00:00,1.13912,1.14091,1.13646,1.13675,12271,11,0,3345.23,0.00033981221022171866,-1.939326285416908,-0.003377284675483372,0.017733167231406968,0.5787570824673226,0.16402889890586925,0.14826962788803236,0.018713190286803627
2025-04-17 04:00:00,1.13675,1.13814,1.1354899999999999,1.13618,15670,11,0,3341.48,0.0003400229838275255,-1.6475171213753168,0.0006195696400540518,0.01918005889651313,0.5348056873619635,0.16484756828654343,0.14964685045905737,0.01045081223615929
2025-04-17 08:00:00,1.13618,1.13882,1.13429,1.13781,23190,11,0,3324.27,0.00034227364203268687,-1.083459083962271,0.006585044228618497,0.020057071513344984,0.5374438647847887,0.1676524313441364,0.1508571610175075,0.005124995464605764
2025-04-17 12:00:00,1.13781,1.13803,1.13349,1.13562,25976,11,0,3328.21,0.00034121044044696703,-1.1638844516073485,-0.003109972798278071,0.020957468582212483,0.5476944034377046,0.1635827228526868,0.1523423591517507,0.00027349502599705033
2025-04-17 16:00:00,1.13562,1.13853,1.13381,1.13501,34134,11,0,3316.21,0.0003422611957626327,-0.8691431738851045,0.0030683902056705126,0.020894840865009905,0.5208962789691329,0.16115685067289703,0.15376750440794965,-0.007927699381639397
2025-04-17 20:00:00,1.13501,1.13761,1.13405,1.13612,12856,11,0,3326.94,0.0003414909796990628,-0.9276533286583233,-0.0022576564352148054,0.02063351420473551,0.5166595103518477,0.16237986462579565,0.15524371439153267,-0.005467486540536859
2025-04-21 00:00:00,1.13912,1.1486399999999999,1.13903,1.14662,17947,8,0,3368.67,0.000340377656463827,-1.0526926348091876,-0.0033010761036174063,0.020826135430832796,0.6256923218516648,0.16235741744894952,0.15596774872301739,0.0081371128960821
2025-04-21 04:00:00,1.14662,1.1531,1.14648,1.15168,18902,8,0,3376.48,0.0003410889446998057,-0.8283054735765961,0.0020945478912086646,0.021192346599465433,0.6535346996044535,0.20202805894538547,0.15868098112621218,0.015705703808655658
2025-04-21 08:00:00,1.15168,1.15676,1.15045,1.15578,22841,8,0,3392.72,0.00034066471739489264,-0.8476927835242833,-0.001249726019314945,0.02135190041558609,0.6535173236353156,0.2031969642851237,0.1617331565218898,0.019382791350305295
2025-04-21 12:00:00,1.15578,1.15729,1.15127,1.15423,22671,8,0,3414.99,0.0003379892766889508,-1.3688582755345837,-0.007905140473432937,0.021671430477707518,0.6564516078806304,0.20692538119738438,0.16498498341366477,0.029787015900681668
2025-04-21 16:00:00,1.15423,1.15426,1.14815,1.15093,26580,8,0,3414.44,0.00033707723667717105,-1.4938180791855988,-0.0026979942453594363,0.021796892016627524,0.6827919449921976,0.2016402810627435,0.16772155885518003,0.02630044425207556
2025-04-21 20:00:00,1.15093,1.15268,1.14932,1.15117,13125,8,0,3423.92,0.00033621404705717423,-1.6338418594528623,-0.0025679165576528717,0.022372392817898306,0.6767728972192102,0.2030588485468646,0.1707309204974315,0.01640113160386747
2025-04-22 00:00:00,1.15116,1.1525,1.14816,1.14902,10049,8,0,3425.42,0.00033543915782590164,-1.7524173136141443,-0.0023057594191872033,0.023324332149732258,0.6570782885842993,0.2016292608059053,0.17342240573452858,0.014494384684641926
2025-04-22 04:00:00,1.14901,1.154,1.1485400000000001,1.15299,17473,8,0,3484.56,0.00033088539155589226,-2.6537489710592723,-0.01380991783765606,0.0253971268393259,0.5432638465560461,0.20183577170093184,0.17599058173665907,0.02706972576575728
2025-04-22 08:00:00,1.15299,1.15472,1.14832,1.14996,32798,8,0,3444.0,0.00033390243902439026,-1.6519276718128622,0.00901197016583588,0.02701283027300183,0.48908684028887617,0.21518310131629345,0.17922996915430936,0.008494900424305785
2025-04-22 12:00:00,1.14996,1.15073,1.14616,1.14697,26777,8,0,3431.64,0.0003342337774358616,-1.424669209281703,0.0009887597362877587,0.027847374912370708,0.4907763467483372,0.22960767257052747,0.182664973382348,0.0050374292709785
2025-04-22 16:00:00,1.14699,1.14918,1.14328,1.14338,30930,8,0,3393.0,0.00033698202180960804,-0.5675470414875853,0.008129936406463645,0.026671020029806473,0.4621938983170421,0.23526152268046135,0.1862350205929043,-0.009030584826748345
2025-04-22 20:00:00,1.14338,1.14536,1.1417,1.14204,16229,8,0,3380.67,0.0003378146935370799,-0.25215896899344553,0.002461988428092421,0.02504811027629505,0.45506192361975306,0.2505361529013673,0.19086410548478133,-0.013064091410688317
2025-04-23 00:00:00,1.14186,1.14246,1.13075,1.1397,26983,8,0,3367.75,0.000338415856283869,-0.0128008759600939,0.0017727626357212367,0.022706640934727546,0.45829442303527057,0.2551226224923784,0.19569153666861594,-0.033522166356728
2025-04-23 04:00:00,1.1397,1.14151,1.13705,1.13896,20331,8,0,3346.85,0.00034030805085378786,0.6060544048437502,0.005556630162615539,0.019497690665770877,0.44803913366779924,0.2586410559525193,0.2005336224297382,-0.028208478513356616
2025-04-23 08:00:00,1.13895,1.1414900000000001,1.13708,1.14128,28643,8,0,3321.64,0.0003435893113040547,1.5049686145219614,0.009569401877172146,0.015772698920641873,0.4313776898180838,0.26065335246530424,0.20536484510770997,-0.03205464442657158
2025-04-23 12:00:00,1.14128,1.14395,1.13859,1.14052,24246,8,0,3310.74,0.0003444909597250162,1.5932973760781364,0.0026155925743149844,0.011493593368056434,0.4299676159680034,0.2523939132932311,0.20974216235804435,-0.02424403183023882
2025-04-23 16:00:00,1.14051,1.14119,1.13278,1.13396,47722,8,0,3295.13,0.0003441320979748902,1.419183478126159,-0.0010368043687901674,0.006868066897225178,0.46609908726319627,0.2538551209948804,0.21405229684058158,-0.025302676688348735
2025-04-23 20:00:00,1.13396,1.13437,1.131,1.13141,16243,8,0,3288.01,0.00034410175151535426,1.3180313553761567,-8.79920477079299e-05,0.00042405034818302634,0.46746281853616184,0.26460163136431747,0.2191032422661631,-0.02367752950783153
2025-04-24 00:00:00,1.13101,1.13471,1.13101,1.13432,11958,8,0,3331.72,0.0003404607830189812,0.3933549242507038,-0.010721743274971995,-0.003585353789576005,0.4388473322493234,0.2751546523547239,0.2248031323502544,-0.004520668688468343
2025-04-24 04:00:00,1.13432,1.13571,1.1332,1.1339,14059,8,0,3326.17,0.00034090259968672673,0.5213396513226148,0.0012955403640553254,-0.007143189467279988,0.43908599849085844,0.2823817077157587,0.23080322450475257,0.0013637841548150842
2025-04-24 08:00:00,1.1339,1.13926,1.13303,1.13804,22456,7,0,3336.19,0.00034111966045099345,0.5666699817850307,0.0006386418124517679,-0.00912159126678807,0.383947813014907,0.2838674098326565,0.23687872412393793,0.007687103185390676
2025-04-24 12:00:00,1.13804,1.13945,1.13578,1.13763,21813,7,0,3335.97,0.00034101925377026773,0.5411632408548954,-0.0002943250454295887,-0.010732574660904085,0.35257369781982995,0.2861607557776309,0.24108535896555022,0.012394048186262774
2025-04-24 16:00:00,1.13763,1.13872,1.13473,1.138,26789,7,0,3331.6,0.00034157762036258853,0.6728814112570001,0.0016352013738879512,-0.011849922070902626,0.332392916334341,0.2865647539116201,0.245253748446875,0.01325725894994223
2025-04-24 20:00:00,1.13798,1.13978,1.13633,1.13887,11991,7,0,3348.39,0.00034012465692467126,0.26052913442560677,-0.004275121481448041,-0.011859763082315108,0.3388672289668494,0.28655092351351646,0.24923502556268162,0.005003421656081475
2025-04-25 00:00:00,1.13842,1.13913,1.13464,1.13468,9689,8,0,3357.69,0.00033793471106623895,-0.33172853798833773,-0.006456539648423187,-0.010909797020324165,0.34310647519974247,0.2883012005637405,0.2535680715377314,0.009476364707756924
2025-04-25 04:00:00,1.13469,1.1359,1.13155,1.13347,17210,8,0,3324.73,0.000340920916886484,0.404858281102243,0.008749892548333804,-0.010329465864145045,0.3315648400575601,0.2809264504516218,0.2574614516329693,-0.0034350561568735616
2025-04-25 08:00:00,1.13347,1.13679,1.13214,1.13501,22529,7,0,3303.84,0.0003435426655043828,1.0059147633758123,0.007641876674070458,-0.009869874838730539,0.33284988041677405,0.28547044256169785,0.261653510720759,-0.00963138157717236
2025-04-25 12:00:00,1.13501,1.13664,1.1334,1.13521,19417,7,0,3292.74,0.0003447615056153842,1.326047779960946,0.0035359367645207973,-0.009380751376660291,0.38807763500176096,0.2865713659066835,0.26589029043104656,-0.011664065313963246
2025-04-25 16:00:00,1.13521,1.13884,1.13327,1.13682,23250,7,0,3285.34,0.00034602811276762826,1.6210455775421735,0.0036656082500626797,-0.010457924261239279,0.4164103989010081,0.28781637233495144,0.2695219539819794,-0.018829945137812443
2025-04-25 20:00:00,1.13682,1.13825,1.13563,1.13607,11456,7,0,3318.92,0.0003423011099996384,0.3024755732267968,-0.01088089937433978,-0.010595002100245478,0.362901871035372,0.28727348962814786,0.2724052448348605,-0.011546628783479118
2025-04-28 00:00:00,1.13624,1.13652,1.13396,1.13636,7127,8,0,3314.14,0.0003428823163777028,0.45327663274943386,0.0016954935046242792,-0.010716108316769007,0.37543687272052256,0.2794989530338749,0.27461711635253117,-0.0031852210555444183
2025-04-28 04:00:00,1.13636,1.13724,1.13429,1.1372,10475,8,0,3298.92,0.00034471887769330566,1.147225021292512,0.005331645653902428,-0.011058124533494283,0.3740787236513421,0.280248866069414,0.2761027520109335,-0.00148917623129452
2025-04-28 08:00:00,1.1372,1.13805,1.13291,1.13435,19581,7,0,3282.66,0.0003455581753821596,1.4026574117356518,0.002422730347602098,-0.011435886244131017,0.37600260390941453,0.2816782777465169,0.27743053477364044,-0.003061280271141942
2025-04-28 12:00:00,1.13435,1.13725,1.13406,1.13508,18111,7,0,3296.12,0.0003443685302719562,0.76904223586879,-0.003456792912807982,-0.011827264044035904,0.3773766327006992,0.28487824055201516,0.2787423940036152,0.0032812433416327114
2025-04-28 16:00:00,1.13508,1.14221,1.1339299999999999,1.14114,28094,7,0,3336.64,0.00034200273328857775,-0.3026090308495244,-0.006954411007699779,-0.011690424219398267,0.395159790283832,0.28485498735763887,0.27995247574823195,0.0053390862087665525
2025-04-28 20:00:00,1.14114,1.14246,1.1400000000000001,1.14214,12869,7,0,3344.2,0.00034152861670952694,-0.46260909729542976,-0.0013894357078549913,-0.010321938800497336,0.3982280363786844,0.2970844797657156,0.28218700407185615,0.00907022636340038
2025-04-29 00:00:00,1.1414900000000001,1.14218,1.13989,1.13993,7632,8,0,3329.88,0.0003423336576693455,-0.03672192914002346,0.002347076357784861,-0.008597956167066963,0.34186110302226874,0.2996061876308185,0.28447455740365307,0.00938488960023287
2025-04-29 04:00:00,1.13993,1.14197,1.13738,1.13778,12671,8,0,3309.28,0.0003438149688149688,0.6921182037077328,0.004300328395593023,-0.006363681916119879,0.32994861144520393,0.3292300642596994,0.28770597904842216,0.008109277232488443
2025-04-29 08:00:00,1.13778,1.14121,1.13758,1.13851,21042,7,0,3311.92,0.00034376132273726415,0.5945918469435809,-0.00015615630233578592,-0.00425077031128624,0.3642367605196573,0.3979898895899342,0.2938477409101827,0.0047935147992186344
2025-04-29 12:00:00,1.1385,1.14144,1.13699,1.14104,20315,7,0,3312.97,0.0003444160375735368,0.8312842969009414,0.001905166060136576,-0.0032449373743029023,0.372995981641805,0.4224111605937048,0.30084921355408,-0.007093962788913388
2025-04-29 16:00:00,1.14105,1.14187,1.13786,1.1403,29675,7,0,3328.85,0.0003425507307328357,-0.12919618291473106,-0.005441813325271605,-0.002160637232971524,0.3420053802410888,0.42120610340926795,0.30771614823291055,-0.004590036481071702
2025-04-29 20:00:00,1.1402700000000001,1.14043,1.13758,1.13828,11655,7,0,3316.9,0.00034317585697488616,0.13424657193543474,0.001818364669172401,-0.0009802632173396843,0.3464274636233314,0.41910038640277847,0.3143631297641679,-0.003898038367749046
2025-04-30 00:00:00,1.13819,1.13956,1.13765,1.13822,8252,8,0,3313.22,0.00034353891380590486,0.27376180635406355,0.0010567585775623778,0.0004878888155933024,0.34632746681884,0.4267431968016621,0.32137205190867,0.001190591306870159
2025-04-30 04:00:00,1.13822,1.13863,1.13547,1.13731,11715,8,0,3307.97,0.0003438090430082498,0.33947308623040556,0.0007850672958488181,0.0012360257491296914,0.3547449871092702,0.42029292218721237,0.32805915184235485,-0.0011926616584942984
2025-04-30 08:00:00,1.13731,1.13994,1.13622,1.13713,18143,7,0,3284.55,0.00034620572072277783,1.797210656004716,0.006921602542185545,3.8401454027836216e-05,0.31254291036851345,0.42695671083010345,0.33499192735567296,-0.008578405479071516
2025-04-30 12:00:00,1.13716,1.13886,1.13558,1.13736,22142,7,0,3298.75,0.00034478514588859413,0.7443316337623412,-0.004121007478708361,-0.0012119029500396263,0.32441183186224415,0.408585362533249,0.3413748729597543,-0.00904216170749661
2025-04-30 16:00:00,1.13731,1.1379,1.13229,1.13551,33774,7,0,3310.88,0.00034296320011598124,-0.6104333666966884,-0.005303724255845577,-0.001943020025500882,0.33560958571396116,0.4086311457130979,0.34753290811732435,-0.001814947692122204
2025-04-30 20:00:00,1.13551,1.13646,1.13169,1.13288,14453,7,0,3287.97,0.0003445530220774521,0.5958206242747093,0.004603470612022154,-0.0025852661342399687,0.3382568623801351,0.42391743065058257,0.35440021135451927,-0.00762098502363262
2025-05-01 00:00:00,1.1323699999999999,1.13305,1.13184,1.13214,7004,8,0,3246.41,0.0003487359883686903,2.9098261317899365,0.011986815547576746,-0.003706468239823043,0.2953724135344368,0.43650561759115214,0.3618346736173293,-0.01860960044982274
2025-05-01 04:00:00,1.13214,1.13218,1.1299299999999999,1.13024,10825,8,0,3226.66,0.0003502817154580898,2.7884332371248877,0.004405405488969172,-0.005315712986545797,0.32365345605053114,0.4331548206494042,0.36912874016839214,-0.01762494101170642
2025-05-01 08:00:00,1.13024,1.13306,1.12873,1.13195,18570,7,0,3235.15,0.0003498910406008995,2.137327882402466,-0.0011182507823463972,-0.007136371967208393,0.326570967529029,0.4365735042368084,0.37698246772853883,-0.019280030314513086
2025-05-01 12:00:00,1.13195,1.13408,1.13079,1.13151,19178,7,0,3226.9,0.00035064922991106016,2.039999140797922,0.002161403847305454,-0.008768401901453735,0.3269863628300786,0.4221696878190517,0.3840785088160207,-0.025364857681341557
2025-05-01 16:00:00,1.1314899999999999,1.13275,1.12655,1.12906,27403,7,0,3219.69,0.00035067351204619073,1.7795873667809081,6.909434972623973e-05,-0.010482632106686868,0.3271074701527452,0.4296774693430987,0.39147846839584977,-0.020766612834058673
2025-05-01 20:00:00,1.12906,1.12937,1.12748,1.12896,11447,7,0,3237.61,0.00034870166573490935,1.0375733142873012,-0.0056543224769877165,-0.011508929158469171,0.32063180992877227,0.4330379778765094,0.3988864552620745,-0.002710686573784482
2025-05-02 00:00:00,1.12832,1.12992,1.1273900000000001,1.12818,8393,8,0,3231.22,0.0003491498567104685,1.0671224703839008,0.001282776753867454,-0.01186316548442845,0.26386336474410266,0.42616454553387306,0.4059519331708862,0.0014132260603842983
2025-05-02 04:00:00,1.12818,1.13154,1.1278299999999999,1.13037,13337,8,0,3251.79,0.0003476146983661307,0.507901093710863,-0.004424836952023892,-0.012560548838971503,0.26717456001556605,0.43213268276294653,0.41270434332074774,0.005143501846900378
2025-05-02 08:00:00,1.13037,1.13376,1.1302,1.13324,19120,7,0,3258.09,0.00034782341801484917,0.5046682743553187,0.0006015971764052885,-0.013708377333816945,0.29060776736962707,0.43590957745030207,0.4195195128117219,0.00966562335368315
2025-05-02 12:00:00,1.13327,1.1354899999999999,1.13042,1.13187,26374,7,0,3250.33,0.0003482323333323078,0.5763142540867574,0.0011728404607984633,-0.014429575852357702,0.2921184519922826,0.43251256362216156,0.424683637779845,0.009516444129714419
2025-05-02 16:00:00,1.13187,1.13808,1.13143,1.13198,36508,7,0,3225.03,0.0003509982852872686,1.3737096556828854,0.007881009332615263,-0.014477287506032032,0.27723524460265075,0.43805420889616825,0.42668685374515675,-0.0038855822659307204
2025-05-02 20:00:00,1.13198,1.13202,1.1292200000000001,1.13004,14210,7,0,3240.94,0.0003486766185119132,0.5229839328931812,-0.006647098640365168,-0.013261355338371321,0.2495530271197613,0.44352591645578027,0.42774259153826055,0.003008151719783969
2025-05-05 00:00:00,1.12995,1.13275,1.12923,1.13221,9295,8,0,3246.65,0.0003487317696702755,0.4666439462270358,0.00015845147808657423,-0.012233634565659825,0.2763119327517872,0.42320079305886316,0.42784232602074024,-0.0015806678783070183
2025-05-05 04:00:00,1.13222,1.13466,1.13222,1.13371,13042,8,0,3256.64,0.0003481226048933871,0.16399662996235168,-0.0017521752846254568,-0.010901505371882435,0.27457703907568237,0.4548616401267566,0.4296303887069392,-0.0004450460238974996
2025-05-05 08:00:00,1.13371,1.13472,1.13111,1.13256,20573,7,0,3282.63,0.0003450160389687537,-1.1394899648454098,-0.008994986814246264,-0.008980853863033343,0.25854901707102673,0.4587557962653366,0.431231018680123,0.009937452504822586
2025-05-05 12:00:00,1.1326,1.13631,1.1326,1.13595,21094,7,0,3319.71,0.0003421835039807694,-2.131244135569439,-0.008302601826800649,-0.00671422294974156,0.26097110085108055,0.5134529095339413,0.43588901804745933,0.02935786643845173
2025-05-05 16:00:00,1.13595,1.13647,1.1299,1.13022,23763,7,0,3309.73,0.00034148404854776674,-2.04421897087675,-0.0020379494082238825,-0.004046885698210197,0.3279499800672534,0.5186812003215135,0.44047524252202985,0.02122532351725126
2025-05-05 20:00:00,1.13022,1.13208,1.1297,1.13144,9896,7,0,3333.66,0.0003393987389235855,-2.2962397701769612,-0.006150761163090435,-0.001441838522629666,0.32425566372297154,0.5174468291731459,0.4459183158540247,0.02679993223784516
2025-05-06 00:00:00,1.13102,1.13197,1.12805,1.12859,6663,8,0,3329.58,0.00033895866745955945,-2.1390974015455946,-0.0012950338906100312,0.0007427398250137308,0.3330361147320999,0.5256098370793624,0.45176725042233795,0.022397317480593593
2025-05-06 04:00:00,1.12859,1.1327099999999999,1.12795,1.13243,13369,8,0,3363.15,0.00033671706584600746,-2.256311093200933,-0.006679877073709095,0.0036355207692124352,0.342841791227045,0.5570463416816598,0.45842369597389176,0.024529112327615454
2025-05-06 08:00:00,1.13243,1.13493,1.13131,1.1327099999999999,21482,7,0,3377.1,0.00033540907879541616,-2.1019540215911303,-0.0039006411597641844,0.007605754828802036,0.4000057299517261,0.5594033269035009,0.4645685814395092,0.01728765464453219
2025-05-06 12:00:00,1.1327099999999999,1.13436,1.13051,1.13403,21586,7,0,3390.98,0.00033442544633114913,-1.9438939109692355,-0.002944688414227903,0.011377163082179521,0.42225069848582053,0.5368335849309751,0.4697525196535878,0.024548830267121513
2025-05-06 16:00:00,1.13403,1.13694,1.1326,1.13484,25208,7,0,3408.96,0.0003328991833286398,-1.890088642079911,-0.004588035171057214,0.01549434849884136,0.41499440665562115,0.5386629650682446,0.47485699269515963,0.022587786396933263
2025-05-06 20:00:00,1.13484,1.1381000000000001,1.13484,1.13677,12194,7,0,3430.25,0.00033139567086947017,-1.8417242595083538,-0.004544626214326941,0.019604932818113444,0.4280736204077084,0.5225487496531962,0.47987594578686676,0.03023504466028748
2025-05-07 00:00:00,1.13653,1.13742,1.13249,1.13406,16560,8,0,3379.8,0.0003355405645304456,-1.088549129231871,0.012323435343442157,0.021869056193667493,0.33905412175321276,0.5254736238791433,0.48466575351366903,0.004950715846750775
2025-05-07 04:00:00,1.13406,1.13514,1.1326,1.13433,16337,8,0,3382.01,0.00033540113719356243,-1.0040084822422697,-0.00041580220412695823,0.022994487611745468,0.34063826460052904,0.5544923470787416,0.4907384719737807,0.001453910159604499
2025-05-07 08:00:00,1.13433,1.13779,1.13427,1.13581,19787,7,0,3382.7,0.0003357702427055311,-0.8566666186306378,0.001100714267749714,0.024192202684085326,0.34402824496401807,0.5695997637184828,0.4979102328830112,-0.002441771995116526
2025-05-07 12:00:00,1.13581,1.13727,1.13468,1.13589,17757,7,0,3390.8,0.0003349917423616846,-0.8852272151868993,-0.0023241025927882575,0.02497116618275409,0.3427108383690514,0.5805019681588933,0.5053286971528085,-0.005327137895428491
2025-05-07 16:00:00,1.13589,1.13707,1.13367,1.13485,20164,7,0,3386.97,0.0003350634933288455,-0.7886991761250389,0.00021394534087382233,0.02592143144056074,0.3307772126755691,0.5789444466690847,0.5124804406137475,-0.01261715618395165
2025-05-07 20:00:00,1.13485,1.13648,1.12914,1.13001,26798,7,0,3364.15,0.0003358976264435295,-0.5793482051583946,0.0024727046902799366,0.025163711272105056,0.3511435683796755,0.587314074805123,0.5202205161728957,-0.004630451506006272
2025-05-08 00:00:00,1.1296,1.1322,1.12955,1.13099,7872,8,0,3380.54,0.00033455897578493375,-0.7383384377827786,-0.004004709779036775,0.023883143900759622,0.375249252401704,0.5955540021802813,0.5280955058371013,-0.00043465276566312383
2025-05-08 04:00:00,1.13099,1.13361,1.1308,1.1317599999999999,14420,8,0,3382.12,0.0003346303501945525,-0.6555086015493757,0.00021343850808563936,0.022015809418418037,0.3712276761815682,0.5990775525320838,0.5358730876409166,-0.0001714606675140562
2025-05-08 08:00:00,1.1317599999999999,1.13181,1.127,1.12877,23782,7,0,3339.28,0.00033802795812270907,0.17647837147251905,0.0100247085975248,0.01884784755341521,0.3292749783116771,0.5915362899555288,0.5442898624857497,-0.01519405450041289
2025-05-08 12:00:00,1.12877,1.13201,1.12752,1.12995,22608,7,0,3356.17,0.00033667841617081377,-0.013400180981217556,-0.0040125908844959035,0.01529802740554752,0.326080714497086,0.5985803688651292,0.5514757989226685,-0.009093673696548787
2025-05-08 16:00:00,1.12995,1.13162,1.12202,1.12259,34321,7,0,3310.28,0.0003391223703130853,0.9929953439366511,0.0071597615098708545,0.012286612062842145,0.3545237887040854,0.6009342410667974,0.5585847211627415,-0.01601296018310716
2025-05-08 20:00:00,1.12259,1.12305,1.12117,1.12274,14147,7,0,3305.7,0.0003396375956680885,1.3461655083659723,0.0015171883377137485,0.009304078145564942,0.3598145074566144,0.627045648638495,0.5642643581179692,-0.022138474918208417
2025-05-09 00:00:00,1.12201,1.12329,1.12128,1.12266,7086,8,0,3322.29,0.0003379175207462323,0.8164827851116069,-0.005089858482047238,0.006571458040939954,0.3244636185020049,0.6225859022018284,0.5694595932119849,-0.017690087873877935
2025-05-09 04:00:00,1.12266,1.12294,1.11965,1.12275,15279,8,0,3324.69,0.00033770065780569015,0.7935695335557071,-0.0006422265421330842,0.003855207584294163,0.3304245472293903,0.6205446388683459,0.574614483696745,-0.004369205337677595
2025-05-09 08:00:00,1.12275,1.12589,1.12182,1.12561,18248,7,0,3328.52,0.00033817131938519224,1.0627288435298832,0.0013953297533773057,0.0013971838144859886,0.33499741451607035,0.6212286735371088,0.5793954255196322,-0.008238557641597422
2025-05-09 12:00:00,1.12561,1.12607,1.12422,1.12536,17295,7,0,3333.61,0.00033757998086158847,0.743439472732293,-0.0017513099703011514,-0.00034975421381963943,0.33201606774226927,0.6244543358928789,0.5827658252301932,0.007047742184951078
2025-05-09 16:00:00,1.12536,1.12927,1.1253,1.12584,21090,7,0,3336.83,0.000337398069425173,0.6029338783550046,-0.0005393896516441288,-0.002771484212201489,0.3365968783331966,0.6238427679551873,0.5859877972827775,0.009417067489487785
2025-05-09 20:00:00,1.12584,1.12662,1.1245,1.12452,8168,7,0,3326.39,0.00033806017935359355,0.8328084762470476,0.001956260076741656,-0.005285913624459521,0.33735073533225307,0.6148823842745469,0.5898902372499562,0.001234088535317479
2025-05-12 00:00:00,1.11927,1.12391,1.11873,1.12384,12129,8,0,3279.2,0.00034271773603317883,2.4867944874018657,0.013581848134044838,-0.00740331769016494,0.31145336713082605,0.6118335272216203,0.5935487653576248,-0.013682478667184084
2025-05-12 04:00:00,1.12384,1.12424,1.12219,1.12273,13331,8,0,3278.69,0.0003424324959053768,2.173787350066156,-0.000832159341741745,-0.009935532394650566,0.31436570975403233,0.5961971630398922,0.5972311860269597,-0.014970617571773648
2025-05-12 08:00:00,1.12273,1.12356,1.10821,1.11372,37443,7,0,3231.33,0.00034466303348775894,2.4429913729504986,0.006419711779393711,-0.011788989989459696,0.40258631190267347,0.5971669701275785,0.6008158533393815,-0.03068145343936457
2025-05-12 12:00:00,1.11372,1.11415,1.10717,1.11133,30857,7,0,3233.58,0.0003436840900797259,1.7999567670163918,-0.002842268995211894,-0.013097530525211367,0.4024737649657425,0.6203049286910997,0.6041064824199993,-0.030942541274203372
2025-05-12 16:00:00,1.11133,1.11341,1.10833,1.10845,29313,7,0,3224.29,0.0003437811115005164,1.6036832430204888,0.00028148722417342675,-0.015189851439355381,0.3981863525424793,0.6142320943534919,0.6063380989517497,-0.030693935467578926
2025-05-12 20:00:00,1.10844,1.10964,1.1065,1.10866,13125,7,0,3234.64,0.00034274602428709225,1.1584290497598226,-0.003020555283531179,-0.016914216308110974,0.396602614128709,0.6195976663291707,0.6082928838602636,-0.013588680165894096
2025-05-13 00:00:00,1.10854,1.11065,1.10835,1.11045,8287,8,0,3239.81,0.000342751581111238,1.053330355042183,1.6238571280302594e-05,-0.01869255863769028,0.40486029336577073,0.6194853919051978,0.6103199311220693,-0.011858394663722405
2025-05-13 04:00:00,1.11045,1.11169,1.10988,1.11162,12686,8,0,3252.54,0.00034176981682008527,0.6664690950875457,-0.002875615856225755,-0.02004039064709712,0.39152650060920324,0.6285323291809871,0.6123808438408626,0.0065638607013212
2025-05-13 08:00:00,1.11162,1.11243,1.11013,1.11116,19798,7,0,3255.62,0.00034130518918055547,0.44077159444401576,-0.0013607627029073033,-0.021288823214995457,0.3961110343034771,0.6331444672518038,0.6142603670944387,0.0068159748637732775
2025-05-13 12:00:00,1.11116,1.1131,1.10969,1.11303,18690,7,0,3241.88,0.00034332856243907855,1.072464719484996,0.005903320223316744,-0.02236871314616767,0.40279449608424917,0.633118277635646,0.6159624033496167,0.005455464613915106
2025-05-13 16:00:00,1.11303,1.11826,1.11273,1.11755,28183,7,0,3250.97,0.00034375893963955377,1.113466957762548,0.0012570580913622287,-0.021667446511129902,0.4605801040517116,0.6237915617016139,0.6175751669369209,0.005048475255360785
2025-05-13 20:00:00,1.11755,1.11944,1.11674,1.11845,9554,7,0,3249.76,0.00034416387671704985,1.1584535446431439,0.0011775297006518803,-0.020763271515800392,0.47382932525460575,0.601472239813729,0.617719760484351,0.003071167753664561
2025-05-14 00:00:00,1.11807,1.1197,1.11796,1.1192,7011,8,0,3243.91,0.00034501573718136446,1.3250308314119794,0.002470703812235575,-0.019040878288203483,0.4675976974306419,0.6056020611185369,0.6179531514869379,-0.0026533109508261044
2025-05-14 04:00:00,1.1192,1.12003,1.11825,1.11885,14550,8,0,3224.0,0.00034703784119106696,1.7792195167267315,0.005824931493281671,-0.01776565614860367,0.4561216845395553,0.6003941114635047,0.6166205746281884,-0.009712435726528246
2025-05-14 08:00:00,1.11885,1.12522,1.1179999999999999,1.12384,23978,7,0,3232.5,0.0003476689868522815,1.751824305835638,0.0018234601151860819,-0.016024206092874173,0.5089744404386877,0.6080266459735248,0.6158926118167732,-0.002893382851925419
2025-05-14 12:00:00,1.12384,1.12656,1.12093,1.12249,25585,7,0,3184.78,0.0003524544866521392,2.5954568372477547,0.013561329061602123,-0.01548557478665055,0.4443745197654505,0.6091992250555172,0.6153253411261318,-0.02036007714620547
2025-05-14 16:00:00,1.12249,1.12348,1.11753,1.11889,28818,7,0,3188.6,0.00035090321771310293,1.882407421990455,-0.004406610427719726,-0.015062361950693638,0.4477266969281919,0.6026554296091406,0.6143966789297335,-0.018819851312096958
2025-05-14 20:00:00,1.11888,1.11967,1.11644,1.11728,12561,7,0,3177.24,0.00035165111858090673,1.839278934638901,0.0021237660120485558,-0.015487775690100562,0.45412602769429933,0.5959689647432523,0.612972410372252,-0.020552358111045055
2025-05-15 00:00:00,1.11695,1.11942,1.1167799999999999,1.11913,7514,8,0,3187.67,0.000351080883529349,1.5563771830157616,-0.0016269164102096223,-0.015630185663513485,0.45266396767613126,0.58078541684359,0.6108195428166722,-0.011268610421836245
2025-05-15 04:00:00,1.11913,1.1201,1.11885,1.11927,11208,8,0,3138.45,0.00035663145820389046,2.4700824083036594,0.015565842294742116,-0.016350070047781464,0.404510272873869,0.5766585049938117,0.6089083488526355,-0.029095127610208826
2025-05-15 08:00:00,1.11927,1.1227800000000001,1.1185100000000001,1.12098,19466,7,0,3162.48,0.0003544623207103286,1.7044135183024909,-0.00612886429604953,-0.017287649905659074,0.4187929301439396,0.5544039482641031,0.6060368699047596,-0.00700205351704053
2025-05-15 12:00:00,1.12098,1.12137,1.11792,1.1209500000000001,19351,7,0,3188.94,0.00035151178761594766,0.965817189632502,-0.008393613629141816,-0.017473527064898256,0.3943147336558542,0.5484673026537641,0.6036503768854533,0.00010662986890808135
2025-05-15 16:00:00,1.1209500000000001,1.12235,1.11724,1.11805,26008,7,0,3222.41,0.0003469608150421579,-0.037359721942422756,-0.013082741898840955,-0.017249355552881714,0.31111632609745715,0.5425912067736189,0.6009215887177553,0.0142167415744483
2025-05-15 20:00:00,1.11805,1.11888,1.11701,1.11833,9779,7,0,3239.44,0.0003452232484626973,-0.4346791538686513,-0.005034428406750946,-0.01610447458500571,0.2949240708001648,0.5091107703831776,0.5953618808023592,0.016240702456653322
2025-05-16 00:00:00,1.11845,1.1208,1.11768,1.12046,7899,8,0,3243.06,0.00034549468711648877,-0.39856831902395995,0.0007871485523636146,-0.014977199824421864,0.28232509045159493,0.509082125570112,0.5901043823631901,0.03333174019022134
2025-05-16 04:00:00,1.12046,1.12083,1.11959,1.12029,10675,8,0,3219.65,0.00034795397015203517,0.09051945940915797,0.007066767778766692,-0.01283540772030756,0.2761770321212229,0.5271257192375889,0.585480785008611,0.018077584680377345
2025-05-16 08:00:00,1.12029,1.12194,1.11969,1.11987,17326,7,0,3207.36,0.00034915631547440885,0.30078556073436424,0.0034422821708383067,-0.011022715432389007,0.2737314809250134,0.5232858414383722,0.5806708074852698,0.005776214039775018
2025-05-16 12:00:00,1.11987,1.12086,1.1188,1.11969,16848,7,0,3177.42,0.00035238967464169043,0.9682908994822439,0.009174047063769786,-0.00942260334721263,0.2661668086285537,0.523623665631836,0.5754253743078122,-0.013961600168817645
2025-05-16 16:00:00,1.11969,1.12054,1.11309,1.11449,23560,7,0,3189.42,0.0003494334393087144,0.16472100193083972,-0.008420791554537788,-0.007858691192019415,0.3061211731869779,0.5183395289561332,0.5696851273930287,-0.01544094040945343
2025-05-16 20:00:00,1.11449,1.11664,1.11391,1.11618,10058,7,0,3202.39,0.00034854592975871145,-0.1497040080093644,-0.0025501814353057206,-0.004599489265391098,0.303451925392243,0.4786975123982752,0.5619640891311601,-0.012540625211991174
2025-05-19 00:00:00,1.11741,1.11982,1.11681,1.11968,11116,8,0,3246.55,0.00034488302967765783,-1.2303757345261066,-0.010654005857607896,-0.001651248045705623,0.2678196251410112,0.48163499167635,0.554856260629897,0.00835494541332138
2025-05-19 04:00:00,1.11968,1.11986,1.11722,1.11836,13401,8,0,3215.79,0.0003477714651765196,-0.4711272652982516,0.00829576485503436,-0.00016589559581906964,0.2600555324492265,0.49763744795621623,0.5496645210370212,0.0026283298413647405
2025-05-19 08:00:00,1.11836,1.1259000000000001,1.11762,1.12571,22602,7,0,3244.3,0.00034698085873686156,-0.7684750359155136,-0.0022935051970587317,0.00038013063688198276,0.3070123256586126,0.4988768764889916,0.5443282618055441,0.021048523644969785
2025-05-19 12:00:00,1.1257,1.1288,1.12547,1.1256599999999999,23489,7,0,3229.31,0.0003485760115938079,-0.2920346058582414,0.004575994769936864,0.00010951645119449489,0.3086164015394043,0.5143388996167986,0.5400255012132087,0.012506976190028274
2025-05-19 16:00:00,1.12567,1.1265,1.12289,1.12349,24714,7,0,3231.87,0.00034762846277851527,-0.5950048859288384,-0.002720496943730555,-0.00031681646898612704,0.2912132513146294,0.5118411531720298,0.535216226573134,0.009205624549164959
2025-05-19 20:00:00,1.12349,1.12446,1.12239,1.12399,9519,7,0,3229.99,0.00034798559747863,-0.4175373573710854,0.001026748355591578,5.2736217068346063e-05,0.31843500640573147,0.5239613315682535,0.5309543318987708,-0.00510079931003693
2025-05-20 00:00:00,1.12343,1.12436,1.12178,1.12277,5987,8,0,3222.84,0.00034837906939221306,-0.2490101710023512,0.0011282102349415846,0.0007098361739562117,0.3030994661950358,0.5233692798868744,0.5269900244126575,0.0021923073335012866
2025-05-20 04:00:00,1.12277,1.12511,1.12257,1.12419,13263,8,0,3217.17,0.00034943444082842994,0.1377194985160459,0.003024047065252722,0.002312944788602205,0.30202541534602584,0.533952424872519,0.5238891974191209,-0.008362358598156816
2025-05-20 08:00:00,1.12419,1.12777,1.12414,1.12582,21568,7,0,3235.97,0.0003479080461190926,-0.32478726170648436,-0.004393712350736267,0.003965115444768371,0.29853277351788754,0.5325533737654878,0.5214775952652158,0.0020623600707272427
2025-05-20 12:00:00,1.12582,1.12669,1.12233,1.12341,17338,7,0,3242.91,0.00034642034469041695,-0.8206852450708578,-0.004285304791233457,0.005214773064833772,0.35479997773240357,0.5393935541569578,0.519614347723373,0.003415978984303125
2025-05-20 16:00:00,1.12342,1.12697,1.12244,1.1256599999999999,23627,7,0,3278.75,0.00034331986275257335,-2.0875317840618393,-0.009048971572003905,0.005926617412419913,0.34664232401199074,0.5450557691663787,0.5191469387684868,0.015096021969108309
2025-05-20 20:00:00,1.1256599999999999,1.12854,1.12544,1.12842,10859,7,0,3289.36,0.00034305153586107934,-1.9585043066226648,-0.0007840944368677771,0.007800690735374108,0.3630417673611795,0.5514361136999479,0.519295379320796,0.020640180710181033
2025-05-21 00:00:00,1.1280000000000001,1.13012,1.12771,1.12951,7817,8,0,3303.53,0.000341910017466165,-2.065425799124344,-0.003341876484953765,0.00901845887331122,0.3648295338380141,0.5574820813937579,0.5200399230518029,0.026843468016921834
2025-05-21 04:00:00,1.12951,1.13397,1.12865,1.13288,15780,8,0,3302.18,0.0003430703353542206,-1.4875632825360974,0.003392248429477829,0.0104641036589598,0.37864838754422436,0.5551744550348883,0.5223431072843885,0.020460634678318934
2025-05-21 08:00:00,1.13288,1.13529,1.13119,1.13222,22508,7,0,3308.5,0.0003422155055160949,-1.6293517093366015,-0.002496473165241486,0.012046832608399125,0.37778720867213833,0.5484638979929812,0.5243121959055319,0.020225661520054672
2025-05-21 12:00:00,1.13222,1.13618,1.13143,1.13342,22137,7,0,3302.7,0.00034317982256941296,-1.1650800668632666,0.0028129249898372066,0.013066897272738983,0.39397339618584715,0.525502974546393,0.5242310586709722,0.007304613038505492
2025-05-21 16:00:00,1.13343,1.13543,1.13232,1.13401,23827,7,0,3303.23,0.00034330337275939,-1.015333991148817,0.00036007366557666565,0.014356511615818739,0.3997391218290272,0.5223792179330008,0.5241857274957036,0.004216625726584988
2025-05-21 20:00:00,1.13401,1.13626,1.13153,1.13305,16297,7,0,3314.84,0.00034181136947786315,-1.4377787777671442,-0.004361295013039168,0.01593670673320534,0.4457416207925483,0.5195546490404822,0.5239822766661358,0.003423610501493757
2025-05-22 00:00:00,1.1325,1.13432,1.13108,1.1327099999999999,11586,8,0,3323.69,0.0003407989313082748,-1.6045494140470757,-0.0029698871363832424,0.017221973682180695,0.3847802644087296,0.5121004302750874,0.5236703217320835,0.006513878710427745
2025-05-22 04:00:00,1.1327,1.13445,1.1317,1.13328,14486,8,0,3338.39,0.0003394690254883342,-1.7970381608811397,-0.003919577200017121,0.01807440982880381,0.38313695446904256,0.5109982539211676,0.5252853588082282,0.009034305576545165
2025-05-22 08:00:00,1.13328,1.13416,1.12949,1.1301700000000001,24047,7,0,3311.19,0.00034131837798495406,-1.0890882680931275,0.00540339324199024,0.017520237868935255,0.4172743814449797,0.5139034449474985,0.5268987814717856,0.0025706240348806197
2025-05-22 12:00:00,1.1301700000000001,1.13147,1.12845,1.12946,21941,7,0,3304.22,0.0003418234863296027,-0.8385567714415195,0.001476759332272981,0.01677590929557435,0.4662495358030487,0.5255880459576772,0.5282963113718587,0.00029970665076306524
2025-05-22 16:00:00,1.12946,1.1308799999999999,1.12656,1.12692,26890,7,0,3301.43,0.00034134299379359853,-0.8989845362626516,-0.0014044875189386241,0.01588975781225607,0.389787758293888,0.5239461842199954,0.5295497767584088,-0.004045444124000097
2025-05-22 20:00:00,1.12694,1.12855,1.12555,1.12784,11028,7,0,3294.59,0.0003423309121924124,-0.5079283806212137,0.0028882139615483693,0.015084337940522854,0.40592364010866805,0.522693798518564,0.5299675217034971,-0.008755329167280945
2025-05-23 00:00:00,1.12763,1.12995,1.12761,1.1296599999999999,6770,8,0,3300.93,0.0003422247669596144,-0.4716878882435731,-0.00031066284517300424,0.014252255607721484,0.39533910552171625,0.5201691477101045,0.5303839214304009,-0.011220977776712715
2025-05-23 04:00:00,1.1296599999999999,1.13207,1.12948,1.1317599999999999,10513,8,0,3313.55,0.0003415551296947382,-0.6314890487796437,-0.001964198572163678,0.013612477173655383,0.40259893671693714,0.5237185701362664,0.5303717833588015,0.0007127346965893899
2025-05-23 08:00:00,1.1317599999999999,1.13445,1.1307800000000001,1.13418,17111,7,0,3326.29,0.00034097447907428395,-0.782616576996941,-0.0017065564716114423,0.013088856338166035,0.41031430261294066,0.5265478414198816,0.5305307114354518,0.006679337332260005
2025-05-23 12:00:00,1.13418,1.13754,1.12974,1.13333,33064,7,0,3356.85,0.00033761711127992014,-2.1504294057351214,-0.009936853127819223,0.01252163019891692,0.3879850776148115,0.5357008124409234,0.530618130813872,0.016786665172364712
2025-05-23 16:00:00,1.13334,1.13595,1.13106,1.13579,26188,7,0,3358.88,0.00033814545324632023,-1.8993114483702545,0.001565861014975134,0.011851133022028223,0.4032233922836187,0.5189168415022662,0.529936304200711,0.01951380900203059
2025-05-23 20:00:00,1.13579,1.13692,1.13514,1.13561,10625,7,0,3356.09,0.0003383729280204047,-1.7401271087603647,0.0006721540201597431,0.010812437269213765,0.37371308451454804,0.5221447616079518,0.5290738645732607,0.016710442208710985
2025-05-26 00:00:00,1.13628,1.13974,1.13578,1.13967,11876,8,0,3342.05,0.0003410092607830523,-0.15933318772133492,0.007758610710901115,0.010772391351327595,0.44574462182996655,0.5183206680736645,0.5277371095186251,0.008601047215222257
2025-05-26 04:00:00,1.1396600000000001,1.14185,1.13879,1.14092,13871,8,0,3349.76,0.0003405975353458158,-0.3415396995904527,-0.0012101585552286576,0.010784601786243226,0.4348387876927271,0.49699109526251695,0.5250148585967536,0.007055909136004512
2025-05-26 08:00:00,1.14092,1.14184,1.13827,1.1384400000000001,16988,7,0,3334.67,0.0003413951005646736,0.16506527858800835,0.002331115948855822,0.01086926525586418,0.45149167943228513,0.49735577892622745,0.522008543473377,-0.006607384899533719
2025-05-26 12:00:00,1.13845,1.13867,1.13685,1.1375,11083,7,0,3334.26,0.00034115515886583525,0.07924102680286614,-0.0007027406000919001,0.010999722510236365,0.427610315220339,0.5000698256666946,0.5192533120049673,-0.0073298242271232494
2025-05-26 16:00:00,1.1375,1.13851,1.13728,1.13829,9256,7,0,3341.99,0.0003406024554232658,-0.2279374116968409,-0.0016238500026661828,0.011119236479834609,0.42467245772112516,0.5025120933180406,0.5169557217712202,-0.004201317604712762
2025-05-26 20:00:00,1.13829,1.13879,1.13782,1.13867,2595,7,0,3341.73,0.0003407426692162443,-0.060389023666403085,0.000411632043161303,0.01083266987424213,0.4256944541870106,0.5022889159956567,0.5157950188436834,-9.574961475744548e-05
2025-05-27 00:00:00,1.13807,1.14028,1.13778,1.13997,6193,8,0,3345.17,0.00034078088707001434,0.05891204427285004,0.00011227591654838776,0.01015830259702463,0.4288078350135307,0.4979543449519031,0.5145737751946285,-0.0013702474207107906
2025-05-27 04:00:00,1.13997,1.14069,1.13774,1.13782,10388,8,0,3330.82,0.00034160356909109467,0.6967550828110285,0.002403752493008393,0.00821944079578221,0.43264281137377214,0.49819067641990994,0.5135055765635999,-0.0011545370306507152
2025-05-27 08:00:00,1.13782,1.13926,1.1337,1.13484,22987,7,0,3298.45,0.0003440525095120436,2.1202007808561096,0.00709928418508976,0.005765587487820215,0.40524853065944494,0.5003126362777296,0.512916186863732,-0.010740014276031329
2025-05-27 12:00:00,1.13483,1.13676,1.13403,1.13664,18247,7,0,3293.6,0.00034510565946077246,2.2761579406615327,0.0030565142849506843,0.003371529137708511,0.42539731969171707,0.5146479583271526,0.5130986720840313,-0.014479397005975447
2025-05-27 16:00:00,1.13664,1.13753,1.13229,1.13316,22588,7,0,3297.82,0.0003436088082430211,1.2885667719768086,-0.00434292817684101,0.0018475064835884263,0.471660489749783,0.5207509182322592,0.5134410457482692,-0.0131399005904127
2025-05-27 20:00:00,1.13316,1.13386,1.13264,1.13276,8454,7,0,3300.45,0.00034321380417821814,1.0077895872019649,-0.0011504916919755637,0.0002512248844119327,0.47289546589452475,0.5127572905970862,0.5127995079802397,-0.013368528355808595
2025-05-28 00:00:00,1.1324,1.13449,1.13223,1.13342,5538,8,0,3308.62,0.0003425657827130345,0.6232826583441706,-0.0018927723261203955,-0.0005842210730277713,0.4467168955601723,0.5111038990618604,0.512157393722333,-0.006665025429173688
2025-05-28 04:00:00,1.13342,1.13386,1.13003,1.13058,15445,8,0,3296.51,0.0003429627090468404,0.8065136025010035,0.001154445508862234,-0.0016640357992025081,0.4651159311488994,0.5226459063599738,0.5121549991144034,-0.0005881550425198556
2025-05-28 08:00:00,1.13058,1.13341,1.12951,1.1332200000000001,17924,7,0,3321.58,0.00034116896175916285,-0.10075559770792605,-0.0052699279270851385,-0.002409569634404828,0.43837365959595026,0.5135114782062634,0.5118221156392114,0.008495263541413722
2025-05-28 12:00:00,1.13321,1.13405,1.13072,1.13108,17983,7,0,3312.17,0.00034149213355594673,0.07002069180069961,0.0009445649831044678,-0.0033942502153956836,0.4431107411395572,0.5228981394543598,0.5117810941051161,0.0043513593828650166
2025-05-28 16:00:00,1.13108,1.13246,1.12835,1.12939,24501,7,0,3293.54,0.00034291066754920237,0.7506443650496005,0.004130564105233159,-0.004851765979591508,0.4254621423112127,0.5230073709618255,0.5116040705822134,-0.002093653895680836
2025-05-28 20:00:00,1.12939,1.13006,1.1284,1.12912,10817,7,0,3288.32,0.0003433729077462047,0.9271224361801266,0.001345853677300779,-0.005866733803390853,0.4965477999291556,0.5273971927889937,0.5111888895996168,-0.006135488511826548
2025-05-29 00:00:00,1.12885,1.1297,1.12102,1.12345,19361,8,0,3265.0,0.00034408882082695257,1.2689950156666066,0.0020701574754159457,-0.006288637924155814,0.5215357901210242,0.5140909702021462,0.5109475960346108,-0.009558593785549019
2025-05-29 04:00:00,1.12345,1.12567,1.12234,1.12474,16105,8,0,3269.26,0.00034403504156904006,1.2033379818276349,-0.00015649862185496133,-0.006332107043345815,0.5239852014653522,0.5242681755711817,0.5110537667327723,-0.01575153992979239
2025-05-29 08:00:00,1.12474,1.12824,1.12306,1.12716,20901,7,0,3281.61,0.0003434777441560697,0.7314913040774756,-0.001626004910804113,-0.00652552412668345,0.48171819612247924,0.5228259513554646,0.5112790308968622,-0.009226579553585745
2025-05-29 12:00:00,1.12716,1.13497,1.12676,1.1349,21797,7,0,3316.39,0.0003422094506375909,-0.23666469493734038,-0.003731640531732916,-0.006166334815754859,0.5337703462085427,0.5253474064903122,0.5126968464582522,0.006937823739805671
2025-05-29 16:00:00,1.1349,1.13797,1.13391,1.13711,27216,7,0,3322.22,0.0003422741419893927,-0.22539112057045574,0.00018937254628847988,-0.00596392697106746,0.5427136255959519,0.5446106415012656,0.5150595895870039,0.010309215648111936
2025-05-29 20:00:00,1.13711,1.13843,1.13606,1.13648,10899,7,0,3317.56,0.00034256501766358405,-0.06012215294341406,0.0008486404144457671,-0.005558796794168121,0.5410526921218105,0.5389763247758731,0.5170049145424629,0.01609800918836135
2025-05-30 00:00:00,1.13636,1.13847,1.13636,1.1372200000000001,9649,8,0,3312.44,0.00034331791670188746,0.4548239130434109,0.0021944362333149448,-0.005949301525756821,0.5445076459724693,0.5391726642085511,0.5188379430869884,0.013207881905997088
2025-05-30 04:00:00,1.1372200000000001,1.13896,1.13452,1.13456,14797,8,0,3296.19,0.00034420345914525557,1.1120000121143483,0.0025667119347229095,-0.006257644309950392,0.5428744703373292,0.5386330490478575,0.5206551497395985,0.004442941117317467
2025-05-30 08:00:00,1.13456,1.13543,1.13232,1.13236,19574,7,0,3295.66,0.00034359126851677665,0.49467424039685337,-0.0017782860021972047,-0.005887736246786474,0.5464252770661548,0.5428301228130311,0.5228989386326549,-0.0062507726775198336
2025-05-30 12:00:00,1.13236,1.13583,1.13229,1.13458,20832,7,0,3304.03,0.00034339276580418453,0.22344918275394193,-0.0005791964723989018,-0.004885602318247268,0.553513940893117,0.5406519260224213,0.5250220011127804,-0.005475254498497839
2025-05-30 16:00:00,1.13458,1.13581,1.13124,1.135,29824,7,0,3293.43,0.0003446255120042023,1.4369320464237851,0.0035783843514998193,-0.0033717322191245467,0.599334186176228,0.5336478424064521,0.5266887614192165,-0.007273417813091543
2025-05-30 20:00:00,1.135,1.1367,1.13446,1.13473,11166,7,0,3289.47,0.00034495830635330316,1.8085926902127214,0.0009645083943053967,-0.0020924566319051436,0.5937248361369399,0.5312873687597337,0.5275207319408456,-0.0069344652280495245
2025-06-02 00:00:00,1.13447,1.13747,1.13433,1.13682,9581,8,0,3311.27,0.0003433184246527767,0.13566266819218564,-0.00478535958201709,-0.0008866256534722964,0.5467065725505464,0.5312716363941692,0.5280467678489411,0.00457497899089554
2025-06-02 04:00:00,1.13682,1.13819,1.13541,1.13651,12169,8,0,3313.88,0.00034295448235904737,-0.22697936487716985,-0.001060907697211344,-0.0006012409185259998,0.5465343261071106,0.5256307944348991,0.5286904430408318,0.0055284829138928515
2025-06-02 08:00:00,1.13651,1.14365,1.13636,1.14198,19615,7,0,3352.1,0.0003406759941529191,-2.1610287869520204,-0.006720328299586242,0.0001264540451893923,0.5189201298090812,0.523988032138855,0.5293346496946816,0.014548899374400293
2025-06-02 12:00:00,1.14198,1.14367,1.1408800000000001,1.1418300000000001,19673,7,0,3355.51,0.00034028508334053544,-2.0848991412683073,-0.0011486235661407607,0.001059266648997007,0.512904769776182,0.5101736130141548,0.5287110350273905,0.018849649149974557
2025-06-02 16:00:00,1.1418300000000001,1.14496,1.14039,1.14182,25601,7,0,3371.75,0.0003386431378364351,-2.6846225562161097,-0.004848558676379344,0.002551146036795828,0.5222399438042759,0.5099956360656468,0.5285352429203598,0.02501314801472576
2025-06-02 20:00:00,1.14182,1.1446,1.14158,1.14432,10076,7,0,3381.49,0.00033840703358578616,-2.3345294218986488,-0.0006992206849825156,0.004725965762166734,0.5222880307735083,0.510432484936615,0.5279119601944725,0.021206364929468036
2025-06-03 00:00:00,1.14369,1.14545,1.14325,1.14431,6911,8,0,3375.82,0.0003389724570622841,-1.7477808542241295,0.001668036808262774,0.006836175726820938,0.5365814960758284,0.512271491820131,0.5273751662373878,0.01869108114958906
2025-06-03 04:00:00,1.14431,1.14431,1.14158,1.14253,12626,8,0,3362.71,0.00033976465410338685,-1.2156916198730574,0.002327978355591287,0.008284200471132309,0.5340273380478946,0.5133703638874797,0.5266738247923121,0.00316518003639521
2025-06-03 08:00:00,1.14253,1.1432,1.14053,1.14116,18060,7,0,3361.28,0.00033950161843107385,-1.2066131321507936,-0.0007738409885362785,0.009693783575744968,0.5080983355486068,0.5168133685867103,0.5268099447115403,0.0017195597688577369
2025-06-03 12:00:00,1.14115,1.1418,1.13768,1.13816,18238,7,0,3359.3,0.000338808680379841,-1.3684964569048934,-0.0020398426123473534,0.011132112590525257,0.5336156224084712,0.5163117467518697,0.5264121232705746,-0.0036924445762586133
2025-06-03 16:00:00,1.13816,1.13949,1.13638,1.1373199999999999,23585,7,0,3348.38,0.0003396627622910183,-0.885179549358662,0.002512643907488954,0.011736736068249638,0.521722178467378,0.5121631210774562,0.5258789817566742,-0.009791541598526021
2025-06-03 20:00:00,1.1373199999999999,1.13816,1.13675,1.13706,7866,7,0,3353.24,0.0003390929369803533,-1.0430247060762214,-0.001680055766832722,0.012385837180958106,0.46048106513100817,0.5230404641803289,0.5257636346411751,-0.006688745253005335
2025-06-04 00:00:00,1.13692,1.13886,1.13677,1.13825,7000,8,0,3350.26,0.0003397497507656122,-0.689932301744008,0.0019352513958817985,0.011907512583477057,0.45035955304637304,0.5227760478638723,0.5246719049593054,-0.003702371004338678
2025-06-04 04:00:00,1.13825,1.13932,1.13644,1.13663,13420,8,0,3354.77,0.00033881011216864345,-0.9989675205485982,-0.002769401604175603,0.011294122979068642,0.45952756170971865,0.4691584949711514,0.5211810134690694,-0.0019367621858340511
2025-06-04 08:00:00,1.13663,1.1403699999999999,1.13565,1.13992,18278,7,0,3362.7,0.00033898950248312373,-0.8334166891893217,0.0005307231117450684,0.01060520638357063,0.4898922778865071,0.46989051329459985,0.5177169059233717,0.0010121156193252379
2025-06-04 12:00:00,1.13992,1.14107,1.13747,1.1409,19281,7,0,3358.82,0.0003396728613024812,-0.46465252816714636,0.002013544169445547,0.009451564040297277,0.493863006293857,0.467165162533223,0.5141435115976399,0.003117925683464806
2025-06-04 16:00:00,1.14092,1.1434199999999999,1.13925,1.14327,24049,7,0,3375.15,0.0003387316119283587,-0.8080494829250824,-0.002784519085870407,0.008606805945264528,0.47177840177235936,0.46686931117784713,0.5103454710158809,0.006533979076952523
2025-06-04 20:00:00,1.14327,1.1433200000000001,1.1409799999999999,1.14181,8689,7,0,3372.45,0.00033856988242968763,-0.8004993327993654,-0.00047707422375586894,0.008050376789758855,0.4718288729562688,0.4704934527463995,0.5068375473520798,0.006623366544685982
2025-06-05 00:00:00,1.14111,1.14292,1.1411,1.14289,7314,8,0,3380.31,0.00033810212672802197,-0.9818329803435567,-0.0013847831739932648,0.007459481545603113,0.4900415136066375,0.4696574922015045,0.5036380298418324,0.0076130405363110665
2025-06-05 04:00:00,1.14289,1.14347,1.14075,1.14103,12610,8,0,3368.47,0.00033873835895822143,-0.6045874225481219,0.001875184121358786,0.006736517234861068,0.48803456714131893,0.4709688635676777,0.5006221045822296,0.0017158830701520245
2025-06-05 08:00:00,1.14103,1.14249,1.14041,1.14126,15070,7,0,3375.17,0.00033813407917230833,-1.074937037213596,-0.0017874613331989586,0.006598717228514953,0.5075841862903255,0.4838464012547876,0.4982508428252605,0.004867780946880229
2025-06-05 12:00:00,1.14126,1.1448800000000001,1.14093,1.14292,21680,7,0,3383.13,0.00033782917002893765,-1.6518516403062675,-0.0009038670155894213,0.006822808845368705,0.5107044601649132,0.48371478255139005,0.49615504223108503,0.0023643393626950893
2025-06-05 16:00:00,1.14292,1.1494900000000001,1.14182,1.14475,34663,7,0,3354.11,0.00034129769148894933,2.6836702663767147,0.010179017354005393,0.006618033416392107,0.46180125825482365,0.48549835200765057,0.4942305582245249,-0.0054381829233939305
2025-06-05 20:00:00,1.14475,1.14481,1.14308,1.14438,11540,7,0,3352.68,0.0003413329038261928,2.357535476542199,0.00010312793084010785,0.006203574633135161,0.4635233701625275,0.466833769198229,0.49206356603372853,-0.008173806544370277
2025-06-06 00:00:00,1.14421,1.14572,1.14378,1.14497,5850,8,0,3359.34,0.0003408318300618574,1.590053192454004,-0.0014709075127863347,0.005633560582075481,0.48982908104389256,0.46757130833149024,0.48994234964702066,-0.0027104293640731747
2025-06-06 04:00:00,1.14497,1.1452,1.14327,1.14396,9507,8,0,3373.57,0.00033909478682819685,-0.1942919724034983,-0.005118070291606047,0.005299738190606301,0.45580946984327086,0.4694470929959955,0.48789308004998977,-0.00047405019599011666
2025-06-06 08:00:00,1.14396,1.14422,1.14111,1.14144,15538,7,0,3365.42,0.0003391671767565415,-0.1303965441606834,0.00021296418812699613,0.004312661070099436,0.47808105373643006,0.46494564439124836,0.4855267876785456,-0.005234797362206001
2025-06-06 12:00:00,1.14145,1.14311,1.1385399999999999,1.13963,20598,7,0,3353.39,0.0003398441577031004,0.559636461990183,0.0019888746989602524,0.0032522305444049405,0.4813711193683931,0.47714589534155677,0.4837155642512494,-0.00021466201168129917
2025-06-06 16:00:00,1.13963,1.14162,1.13713,1.1387,29598,7,0,3322.81,0.0003426918782596658,2.6153516774835803,0.00830307586020107,0.0012464901500764001,0.4024001186746408,0.47747178354548087,0.481748484999188,-0.008909290478065324
2025-06-06 20:00:00,1.1387,1.14016,1.13842,1.1394,9168,7,0,3311.49,0.00034407472165097887,2.723184275532753,0.0040214912285055915,-0.0006695739121136725,0.3660990500311992,0.47564984054607456,0.47971538968889826,-0.014243869331475922
2025-06-09 00:00:00,1.13936,1.1411,1.13891,1.13936,5688,8,0,3305.37,0.00034469968566302713,2.4268306169358547,0.0018130044729716133,-0.002690168790368299,0.36639968333399825,0.4972193156185142,0.4789681994159511,-0.0202159729900373
2025-06-09 04:00:00,1.13936,1.1425,1.13936,1.1418,9563,8,0,3311.67,0.00034478072996403625,2.046759412442989,0.000235563808035133,-0.004796914310474894,0.3839196302916568,0.49354773434536003,0.47749356292420264,-0.01597126064503096
2025-06-09 08:00:00,1.1418,1.1436,1.14118,1.1428,13033,7,0,3319.91,0.00034422619890298235,1.5759825615199916,-0.0016123604964999316,-0.005497789193872443,0.37643724972348697,0.5029274056701073,0.47650113081451445,-0.009983926712968105
2025-06-09 12:00:00,1.1428,1.14389,1.13943,1.14001,15107,7,0,3320.12,0.0003433640952736648,1.0947574573380225,-0.0025046267953882095,-0.006118629941970351,0.3985570209586087,0.5530622069846707,0.4806963164151904,-0.0008095557675581455
2025-06-09 16:00:00,1.14002,1.14255,1.13862,1.14242,16474,7,0,3337.65,0.0003422827438467185,0.5837300864714835,-0.0031659130973828997,-0.006428523010112621,0.365185086302286,0.5518468522755611,0.48479413336423843,0.007899767174293304
2025-06-09 20:00:00,1.14242,1.14307,1.14182,1.14201,7220,7,0,3325.42,0.00034341827498481396,0.957906455316509,0.003305367515664348,-0.00731103036142149,0.35741932691806966,0.5571247032695678,0.4892921104010557,0.006065886723725322
2025-06-10 00:00:00,1.1419,1.14354,1.14146,1.14241,5906,8,0,3316.55,0.00034445734272059816,1.2398866244561064,0.003017591876704473,-0.008184434668011288,0.35369180331846706,0.56214474848171,0.49405588226624886,0.0014735767754636697
2025-06-10 04:00:00,1.14241,1.14278,1.13857,1.13992,13800,8,0,3307.34,0.00034466368743461514,1.193555390166054,0.0005973793353146739,-0.009013117945620795,0.366192893962752,0.5603185875910306,0.4985471390084804,-0.003786247217544947
2025-06-10 08:00:00,1.13992,1.14144,1.13726,1.14081,21028,7,0,3329.27,0.00034266070339744153,0.32707392801518803,-0.00584994970299757,-0.008504180831338037,0.33860326094514664,0.5731130933242561,0.503719919064618,0.002755924484657113
2025-06-10 12:00:00,1.1408,1.14402,1.14031,1.14318,16199,7,0,3337.1,0.00034256689940367386,0.21809037084506533,-0.00027439565536946375,-0.007519569948257699,0.34565610334268493,0.6096144546812098,0.5106521986202945,-0.00016478660135132994
2025-06-10 16:00:00,1.14318,1.14475,1.14153,1.14234,18042,7,0,3321.4,0.00034393328114650445,0.7453903908681463,0.003969891286269456,-0.006773577438135216,0.3433888584772832,0.608382669279725,0.5168790120215414,-0.0012088698570406065
2025-06-10 20:00:00,1.14234,1.14364,1.14162,1.14249,7779,7,0,3322.42,0.0003438728396771028,0.6567395272961455,-0.00017578999839740206,-0.006147021786284301,0.3389823261144274,0.5984483243977685,0.5226156891138604,0.001769911504424737
2025-06-11 00:00:00,1.14208,1.14391,1.1419,1.14206,9808,8,0,3332.4,0.00034271395990877445,-0.010990586714453788,-0.003380205463485386,-0.005596528375921199,0.354811516114091,0.5994663774918655,0.5283140903880711,0.007577086117544596
2025-06-11 04:00:00,1.14206,1.14266,1.14059,1.14154,10059,8,0,3341.78,0.0003415963947357396,-0.6378319837828919,-0.0032701057246944387,-0.004819865238793179,0.3494952952794042,0.57126453833968,0.5335356288451437,0.003757580490618029
2025-06-11 08:00:00,1.14154,1.14382,1.14051,1.14304,14978,7,0,3344.58,0.0003417589054530016,-0.5865614934557496,0.00047613758146036744,-0.004432719856712055,0.35960928170713463,0.5708320549649454,0.5386986661768164,0.002241467142129361
2025-06-11 12:00:00,1.14304,1.14892,1.14265,1.14602,21325,7,0,3336.8,0.0003434488132342364,0.28470869672582416,0.004933234431362177,-0.0038735345576435994,0.399617935216252,0.5755313449153693,0.5440028787727851,0.004636599024507859
2025-06-11 16:00:00,1.14602,1.14958,1.14528,1.14894,23403,7,0,3330.3,0.0003449959463111431,1.2973881075271338,0.004495922659310203,-0.0030160932147930823,0.3991207992928521,0.5608165771017458,0.54879642540831,0.0023717651591310673
2025-06-11 20:00:00,1.14894,1.14992,1.14789,1.14882,11386,7,0,3355.12,0.0003424080211736093,-0.9756158137370851,-0.007557226127946293,-0.001413043293838087,0.3520637248079262,0.546096218375501,0.5522439415600072,0.0068179090145239485
2025-06-12 00:00:00,1.14833,1.1526399999999999,1.14815,1.15211,10018,8,0,3365.93,0.00034228578728612893,-1.0539197627484849,-0.00035813330973222257,-0.00017188937870376515,0.4276216838884629,0.5392283661369411,0.5553317706895802,0.007226687573688162
2025-06-12 04:00:00,1.15211,1.1529,1.15062,1.15151,14234,8,0,3370.48,0.00034164570031568203,-1.4616970573718442,-0.0018725645399760849,0.0008076243088628806,0.4498480614511191,0.5393796042343971,0.5585182588739963,0.007743872175280719
2025-06-12 08:00:00,1.15151,1.1547,1.15053,1.15438,20860,7,0,3356.75,0.00034389811573694795,0.5983881677098293,0.006565983330873659,0.002050431141634296,0.4488875142040079,0.5484956054419129,0.5610820733651662,0.00597878206665059
2025-06-12 12:00:00,1.15438,1.16312,1.15399,1.16094,31093,7,0,3388.1,0.00034265222396033176,-0.4761193624260032,-0.0036566866442186985,0.003967783732476208,0.4787352561292892,0.5237706607265731,0.5625932196842269,0.01735579377233276
2025-06-12 16:00:00,1.16094,1.1617,1.15666,1.15757,26034,7,0,3383.84,0.00034208768736110454,-0.9272280097626783,-0.0016454782554905512,0.005210032036247839,0.5191841385526096,0.549877397601091,0.564940719280776,0.008560051503374133
2025-06-12 20:00:00,1.15757,1.1587399999999999,1.15634,1.15846,9622,7,0,3386.56,0.0003420757346688085,-0.860227896363498,-3.4968519935896225e-05,0.006210536901663406,0.4876273694870137,0.5477118531842442,0.5646732015907547,0.006129063884275698
2025-06-13 00:00:00,1.15805,1.16144,1.1539,1.15584,13094,8,0,3416.92,0.00033826955269658054,-3.048709961972936,-0.011226472475998395,0.007796753549639711,0.47635117979462543,0.5559897840126289,0.5648803481776081,0.013778452920652162
2025-06-13 04:00:00,1.15584,1.15601,1.15138,1.15251,23696,8,0,3425.41,0.0003364589932300075,-2.9356616324332903,-0.0053657154125086315,0.009925325610435555,0.5254161789655454,0.5139560774373093,0.5627219168859953,0.020454308482907635
2025-06-13 08:00:00,1.15251,1.15604,1.15115,1.15283,25059,7,0,3424.44,0.0003366477438646903,-2.295170750612899,0.0005608326378366835,0.01214456144600471,0.5373790612393364,0.5020353678277013,0.5597164478532948,0.01072577550839715
2025-06-13 12:00:00,1.15283,1.15355,1.14885,1.1516,24205,7,0,3436.7,0.00033508889341519484,-2.370789768429263,-0.0046470870291206445,0.013741006957979454,0.5384093118226276,0.5020559432622157,0.5568033156368541,0.015621305971913468
2025-06-13 16:00:00,1.15158,1.15692,1.15009,1.15541,23023,7,0,3430.09,0.00033684538889650127,-1.5197389592989938,0.00523179713917532,0.014573338949424416,0.5717363494687288,0.5006883180197327,0.5531820768716279,0.01285375129925348
2025-06-13 20:00:00,1.15541,1.15552,1.15332,1.1549800000000001,13217,7,0,3433.07,0.00033642774542901835,-1.4698440377572488,-0.001240944131443933,0.015212957072582708,0.5680355912896652,0.4870566529668586,0.5470541867859103,0.004726478817180357
2025-06-16 00:00:00,1.15245,1.1547399999999999,1.15245,1.15345,15360,8,0,3436.39,0.0003356574777600913,-1.520430124373352,-0.0022917627273408847,0.01626315602108611,0.6171436575189677,0.4873673761273509,0.5410034221282917,0.003205455697274262
2025-06-16 04:00:00,1.1534,1.15439,1.15233,1.15356,13349,8,0,3427.6,0.00033655035593418135,-1.122367393715995,0.002653282959392378,0.01626993701691485,0.5983617243987848,0.4689660335950484,0.5345293075881556,0.0009227786148975348
2025-06-16 08:00:00,1.15357,1.1586400000000001,1.15354,1.15783,20110,7,0,3413.9,0.00033915170333050174,-0.26594521600346027,0.007698550466640808,0.016217102011262627,0.5963753967229171,0.4667813652041926,0.527895056973772,-0.006634271248581403
2025-06-16 12:00:00,1.15786,1.15856,1.15695,1.15839,15927,7,0,3415.64,0.00033914288391048236,-0.23143175015374848,-2.6017605170736147e-05,0.016119928877868707,0.5949590747312697,0.4377588229688708,0.5212197712052314,-0.00421271745056262
2025-06-16 16:00:00,1.15839,1.16145,1.15781,1.15838,23616,7,0,3399.37,0.0003407631414056134,0.2987929646368777,0.004754749886673237,0.014980090734596163,0.5640385431422281,0.4404351978010927,0.5146999283470389,-0.009816286880255931
2025-06-16 20:00:00,1.15838,1.1584699999999999,1.15542,1.15601,10558,7,0,3384.85,0.0003415247352172179,0.5886484141934005,0.002225418958553771,0.013182931754469046,0.5573883242716045,0.4372616760262092,0.5077864449025808,-0.014998297632108137
2025-06-17 00:00:00,1.15586,1.15641,1.15424,1.15497,10295,8,0,3394.11,0.0003402865552383394,0.28389199237504736,-0.0036353656526425526,0.011509772304833594,0.5520423035320156,0.44048932124091766,0.5017700821095394,-0.009770685027424397
2025-06-17 04:00:00,1.15497,1.1567,1.15453,1.15607,12044,8,0,3393.94,0.0003406277070307666,0.44916317081655566,0.001002492458150872,0.009381550360298757,0.5935957851342669,0.4304458640976256,0.49598756439564573,-0.005846685608834501
2025-06-17 08:00:00,1.15608,1.15723,1.15452,1.15518,16994,7,0,3378.95,0.00034187543467645277,0.922069788368912,0.003646846063293352,0.007375675642119891,0.5612966169112986,0.4526731494090819,0.49165980355925276,-0.010741764354557315
2025-06-17 12:00:00,1.15512,1.15798,1.15475,1.15501,18196,7,0,3386.71,0.00034104189611747096,0.6302079331453622,-0.002443734632775252,0.005513689675090775,0.5574646713650162,0.4558256821343026,0.48748210745424797,-0.0037242194877286083
2025-06-17 16:00:00,1.15501,1.15694,1.14984,1.15026,25996,7,0,3382.79,0.00034003293139686473,0.354017739492171,-0.002955053001462815,0.0033233611500617173,0.6048150771980462,0.4539339723377047,0.4827540257990376,-0.000608594176994548
2025-06-17 20:00:00,1.15026,1.15085,1.14745,1.148,17323,7,0,3388.4,0.00033880297485538893,-0.07100557426523577,-0.003623167583969522,0.0015154150147863486,0.5874715408644609,0.4788370657723158,0.4805073460513247,-0.0016823261473553064
2025-06-18 00:00:00,1.14761,1.14965,1.14744,1.1492,9007,8,0,3385.84,0.00033941355764005387,0.26224758306551965,0.001800814996193112,0.00016162750640604559,0.573483526865221,0.4703671206169473,0.4765318322021176,-0.002386606716677342
2025-06-18 04:00:00,1.1492,1.15078,1.1489,1.15055,11544,8,0,3395.05,0.00033889044343971366,0.10389513473350412,-0.0015454219159980465,-0.0009688643740216624,0.5691881726484992,0.4613102085127028,0.4722117499685405,0.004764793796889766
2025-06-18 08:00:00,1.15053,1.15232,1.14982,1.1502,16491,7,0,3383.48,0.00033994585456394004,0.5679131046313968,0.0031037003438333377,-0.0018188242068144583,0.6828382673403314,0.46336560952005956,0.46758054124391196,-0.0009537279542682908
2025-06-18 12:00:00,1.1502,1.15165,1.1491500000000001,1.15057,16282,7,0,3386.67,0.00033973490183572655,0.40055762258052885,-0.0006211330864709375,-0.002253935403809559,0.6607402232618305,0.4625409297942732,0.4650097838617602,0.0011469822247316408
2025-06-18 16:00:00,1.15057,1.153,1.14841,1.15029,23435,7,0,3391.0,0.0003392185196107343,0.0855508805498907,-0.0015218996888054503,-0.002939713358078449,0.652239678179084,0.4627427506754676,0.4630451530041485,0.0007673238106480351
2025-06-18 20:00:00,1.15029,1.15293,1.14608,1.14831,26495,7,0,3369.05,0.0003408408898650955,0.8555874994699314,0.0047517117469989545,-0.003808518284193791,0.6293586107577792,0.4615444980332575,0.4610195807427006,-0.00495888760248564
2025-06-19 00:00:00,1.14751,1.14886,1.1470799999999999,1.14806,8629,8,0,3379.41,0.00033972202248321455,0.14461813389638764,-0.0032927620755738296,-0.003926705550837756,0.5340067261593242,0.4625316957017313,0.4591117496268005,-0.004606706823169104
2025-06-19 04:00:00,1.14806,1.14817,1.14503,1.14688,13356,8,0,3374.47,0.000339869668422004,0.14407168293856015,0.0004339727810975802,-0.004325867218574022,0.5405943438037507,0.44351047293138596,0.4569344406250269,-0.0026629387494533363
2025-06-19 08:00:00,1.14688,1.14791,1.14459,1.14765,19646,7,0,3368.61,0.0003406894831993018,0.6677949562192826,0.0024079557206970748,-0.004858899488982788,0.5449314737415396,0.4500853573582716,0.455070339686573,-0.0053326719166615355
2025-06-19 12:00:00,1.14765,1.14873,1.14672,1.14774,16961,7,0,3368.06,0.00034077183898149086,0.7433072100247945,0.00024169321287814682,-0.005261850641133579,0.5484186591402522,0.45863656759029847,0.4545538663863355,-0.006764966086700075
2025-06-19 16:00:00,1.14774,1.14842,1.14544,1.14565,15027,7,0,3371.01,0.00033985363437070786,-0.3500857358901178,-0.002696845038942186,-0.00557312288252284,0.4670660338709785,0.45922340762341396,0.4541759685072965,0.0005817663733100886
2025-06-19 20:00:00,1.14565,1.14998,1.14553,1.14969,6903,7,0,3373.5,0.00034080035571365053,0.6803199102980028,0.0027877313755659827,-0.006080041069345229,0.5632304069476608,0.4545299922623582,0.4550145269719709,-0.0017488259784991245
2025-06-20 00:00:00,1.14938,1.15237,1.14883,1.15225,8774,8,0,3368.04,0.000342112920274106,1.9565848161699027,0.003845184303765792,-0.0060578276185853245,0.6364626714858843,0.44257084419329973,0.4551213092915812,-0.0019054844168120422
2025-06-20 04:00:00,1.15225,1.15321,1.15106,1.15266,12404,8,0,3354.19,0.00034364779574204207,2.7830910977962358,0.0044680094994977715,-0.006319641578842802,0.6207790134381491,0.42357423248953036,0.4544369371147473,-0.004280697379631437
2025-06-20 08:00:00,1.15266,1.15295,1.15099,1.15223,16139,7,0,3351.13,0.0003438332741493168,2.332645341315922,0.00053924162803487,-0.00677935809768598,0.6439916065961454,0.4150746888683274,0.45316620549611775,-0.005026632542175613
2025-06-20 12:00:00,1.15223,1.15348,1.15055,1.15127,16796,7,0,3344.53,0.000344224749067881,2.1448499196345114,0.0011363179307823934,-0.0066023909314046735,0.6356037467644995,0.40845606283241287,0.4520667154328571,-0.007855212532742462
2025-06-20 16:00:00,1.15127,1.15369,1.1494900000000001,1.15359,21572,7,0,3371.57,0.0003421521724300548,0.8451047778050141,-0.0060696771520110104,-0.006261609452194907,0.548099846588393,0.40977369379409323,0.4499217426521077,-0.0005721061212390355
2025-06-20 20:00:00,1.15359,1.1543700000000001,1.15137,1.15213,9149,7,0,3368.13,0.0003420681505761357,0.7503214160021713,-0.00024531811721706376,-0.005813230083347578,0.5637409174385589,0.3873927482948315,0.44650009596013424,2.6721772900639706e-05
2025-06-23 00:00:00,1.14537,1.15072,1.14516,1.14889,14139,8,0,3365.55,0.0003413676813596589,0.28611997510667425,-0.002046178965493195,-0.0052094162253766155,0.5177231365329279,0.3880863249155661,0.4432077135890273,0.0033868087377280087
2025-06-23 04:00:00,1.14889,1.15065,1.14719,1.14902,15670,8,0,3358.44,0.0003421290837412608,0.6715431668291577,0.0022257345911854687,-0.004815402817442644,0.4971809361304913,0.3814353032113675,0.4383376254609798,0.0021813537523163173
2025-06-23 08:00:00,1.14902,1.15209,1.14799,1.14816,21145,7,0,3361.74,0.0003415374181227579,0.23829590814040674,-0.0017310629722250281,-0.004577540588326128,0.49153849026919455,0.3131489057956169,0.4304767147199133,0.00514571554149601
2025-06-23 12:00:00,1.14816,1.14828,1.14533,1.14672,21171,7,0,3360.44,0.0003412410279606242,-0.032600462972776,-0.0008674760977918083,-0.0044218278606855295,0.5043089937359315,0.30874919456958594,0.42284866402275745,-0.003301132706721277
2025-06-23 16:00:00,1.14672,1.1557,1.14645,1.15444,31925,7,0,3389.78,0.00034056487441662875,-0.5313938600849885,-0.001998754500108779,-0.0036833783969570915,0.6097275025024291,0.30780732645736575,0.4150707498696227,0.006427899160661887
2025-06-23 20:00:00,1.15444,1.15814,1.15402,1.1578,16531,7,0,3368.88,0.0003436750492745363,1.4781839105897103,0.00907609392892439,-0.0030908749843307267,0.5901737962999546,0.3643229105915807,0.4101598489094881,0.0009894370905201288
2025-06-24 00:00:00,1.15747,1.16087,1.15736,1.1598600000000001,13395,8,0,3351.02,0.0003461214794301437,2.5251674378572226,0.00708070165835506,-0.002669621361239948,0.5733955017985208,0.3175703681312575,0.4029012297822776,-0.002209359107204545
2025-06-24 04:00:00,1.1598600000000001,1.16137,1.15862,1.16062,13137,8,0,3348.5,0.0003466089293713603,2.2608455686364697,0.00140726133168112,-0.0021038126079267576,0.597377933336177,0.3016662786816541,0.3949073188146975,-0.003938436642928922
2025-06-24 08:00:00,1.16062,1.1622,1.15798,1.15926,23974,7,0,3327.36,0.00034840233698788225,2.4948212560293106,0.005141487107675702,-0.0029065215466693357,0.5820210065899657,0.2969069204339217,0.38662608005130694,-0.009843949006677621
2025-06-24 12:00:00,1.1592500000000001,1.1618,1.15916,1.16006,18464,7,0,3314.71,0.000349973300831747,2.4878770761379747,0.004491908254314669,-0.0037822697875252304,0.5657968480126457,0.3064435668244132,0.37977273474595835,-0.022145979975101704
2025-06-24 16:00:00,1.16006,1.16416,1.15817,1.16239,27706,7,0,3318.42,0.0003502841713827665,2.1411738330023176,0.0008892635328465737,-0.004547580563523067,0.5689893681453998,0.3015205954089451,0.372344496648492,-0.014978271710479496
2025-06-24 20:00:00,1.16239,1.16324,1.1608,1.16083,10200,7,0,3322.81,0.0003493519039608043,1.6149769325445356,-0.002664981213164608,-0.004959888053876657,0.5758607132782708,0.2931709049605417,0.3640712135170042,-0.008418332328664069
2025-06-25 00:00:00,1.16065,1.16265,1.16039,1.16245,6828,8,0,3327.03,0.0003493957072824711,1.4586149027820026,0.00012554376203688378,-0.0054122387823461555,0.5576487653567778,0.28975920607208633,0.3555980034394378,-0.006411826190831693
2025-06-25 04:00:00,1.16245,1.16314,1.1610800000000001,1.16134,11031,8,0,3327.37,0.0003490264082443492,1.216504925549183,-0.0010570730272061457,-0.005728780557515484,0.5401740258280151,0.2329527468646342,0.34451914116955157,3.005385651011494e-06
2025-06-25 08:00:00,1.16134,1.16226,1.15895,1.16095,16208,7,0,3327.17,0.00034893017188782055,1.0727355280400437,-0.0002757114353688639,-0.007037929932292962,0.5324280449209776,0.2328511525650574,0.3340331565881395,0.0037590015416129052
2025-06-25 12:00:00,1.16095,1.16132,1.15896,1.15923,16124,7,0,3320.68,0.00034909416143681415,1.0169919182925815,0.0004690613855481418,-0.007823625383287045,0.5534001787818482,0.23641611796713916,0.3246752508620199,0.0006810470042970529
2025-06-25 16:00:00,1.15923,1.16356,1.15899,1.16308,19544,7,0,3334.84,0.00034876635760636187,0.8427076349683806,-0.0009430167662547451,-0.007752237776781782,0.5582715074836062,0.23237993133592288,0.3155405129853997,0.0036204296965520744
2025-06-25 20:00:00,1.16308,1.16649,1.16266,1.16595,11275,7,0,3331.85,0.00034994072362201184,1.061334852319442,0.0033641808037652154,-0.007881909400806866,0.5659464301152405,0.2485543970879095,0.30754542969817455,0.0014487395665201408
2025-06-26 00:00:00,1.16531,1.16887,1.16517,1.16817,8379,8,0,3333.95,0.00035038617855696696,1.0694144344312395,0.0012737462844836234,-0.00723644424120152,0.6471641859722926,0.23612461220685352,0.29886297561881253,0.001977537815151198
2025-06-26 04:00:00,1.16817,1.17173,1.1667,1.16794,13087,8,0,3334.01,0.0003503108868899613,0.9512751629720003,-0.00021488582202366935,-0.006260294802122672,0.63685914055989,0.23689727377583802,0.29133820189286286,0.0020558011763751605
2025-06-26 08:00:00,1.16794,1.17445,1.16714,1.17271,22489,7,0,3348.28,0.00035024251257361985,0.8494497670005242,-0.0001960172234189983,-0.005167309336370905,0.598368021622931,0.23739993634824424,0.2838038824644968,0.008311550646253218
2025-06-26 12:00:00,1.17271,1.1730800000000001,1.16899,1.17062,22515,7,0,3321.98,0.0003523862274908338,1.3381562379335705,0.006072582378155111,-0.004735504309844037,0.5640398712995973,0.2519971302031804,0.2773319738140874,-0.0038562569718487705
2025-06-26 16:00:00,1.17062,1.17402,1.169,1.17289,26297,7,0,3331.39,0.0003520722581264877,1.1646845704787692,-0.0008935046391558288,-0.0042122500517902,0.5495029624985059,0.27012782295910065,0.2751809196722616,-0.0001380614373396316
2025-06-26 20:00:00,1.1729,1.1732,1.1693500000000001,1.17015,11133,7,0,3327.74,0.00035163504360316615,0.9871197391117428,-0.0012404711932391121,-0.0037469271977011165,0.5669130998669479,0.2764466861042687,0.27356579424899574,-0.001862655408749414
2025-06-27 00:00:00,1.1694,1.17025,1.16802,1.1692,8358,8,0,3318.98,0.00035227690435013167,1.3286574473067743,0.0018205554689258996,-0.0035045017342980054,0.5494606745600928,0.2825474892183832,0.27230280238704657,-0.004508084858773742
2025-06-27 04:00:00,1.16917,1.1709100000000001,1.16845,1.16846,11547,8,0,3293.89,0.0003547355861914029,2.385386089924788,0.006926640036045928,-0.0037069057486479365,0.5138739276224118,0.27931430244237804,0.2680523719795865,-0.01624416118126326
2025-06-27 08:00:00,1.16846,1.17268,1.1683,1.17094,16111,7,0,3289.22,0.00035599321419667887,2.5138111998189823,0.0035402283240452137,-0.004457647703331456,0.5388663588641215,0.2839095580064283,0.266369331473345,-0.009861588570671764
2025-06-27 12:00:00,1.17095,1.17492,1.17009,1.17468,17717,7,0,3270.17,0.0003592106832366513,2.937909420039085,0.008985661716609195,-0.005567031326355919,0.5408723889800882,0.2694752584369538,0.26475978046111004,-0.018376713624042806
2025-06-27 16:00:00,1.17469,1.17538,1.1705,1.17218,24303,7,0,3277.57,0.00035763690783110656,1.9956618669695716,-0.004391118479884826,-0.0063238770094397895,0.5789575403289091,0.23981554456570486,0.26190521166769914,-0.015076298028091073
2025-06-27 20:00:00,1.17218,1.17238,1.1687400000000001,1.17156,15205,7,0,3274.04,0.0003578331358199655,1.7692587714583927,0.000548088420416426,-0.007189084342157625,0.5959398064533997,0.22679863161413774,0.25792296490718536,-0.013540304551398319
2025-06-30 00:00:00,1.17278,1.17385,1.17156,1.17178,8137,8,0,3264.51,0.0003589451403120223,1.8011861643741465,0.0030985607091094103,-0.008702426426511851,0.584673288893119,0.22073162091956164,0.2538835161827162,-0.008919544975697358
2025-06-30 04:00:00,1.17179,1.17343,1.17113,1.17298,11286,8,0,3285.58,0.0003570085038258085,1.141952349183176,-0.005430178110544803,-0.009073265030428771,0.5195037710777878,0.2211070305792472,0.2502803224636515,-0.001106645344488899
2025-06-30 08:00:00,1.17298,1.17507,1.17135,1.1729,19142,7,0,3289.25,0.000356585847837653,0.9296453912513423,-0.0011852045295236424,-0.009621161677711798,0.5181297569560999,0.22106616134127885,0.24684567022711112,0.005834559059620714
2025-06-30 12:00:00,1.1729,1.17327,1.17075,1.17131,14970,7,0,3282.12,0.0003568760435328386,0.912965386372035,0.0008120531120150432,-0.010216758694606037,0.5209462376317479,0.24290278521790745,0.2473431721447748,0.001388223592478477
2025-06-30 16:00:00,1.17131,1.17717,1.17103,1.1762299999999999,25491,7,0,3297.21,0.0003567349365069255,0.7897800407678538,-0.00039721294696604126,-0.009952189074399768,0.5385938227279072,0.24616196220140218,0.24800871262659202,0.007076883605575901
2025-06-30 20:00:00,1.1762299999999999,1.1788,1.17603,1.17877,12559,7,0,3302.73,0.0003569077702385603,0.7567995403726812,0.00048529892153914567,-0.009026466083897147,0.5276310660983571,0.26518883182940545,0.24944734831970533,0.011707729490796348
2025-07-01 00:00:00,1.17799,1.17978,1.17719,1.17974,7973,8,0,3314.69,0.000355912619279631,0.3887851569801821,-0.0027983550073833463,-0.00789508248199306,0.5110156138834806,0.27827466984428484,0.2517420852451234,0.008859927318768612
2025-07-01 04:00:00,1.17974,1.18072,1.17778,1.17861,10205,8,0,3322.84,0.00035469959432292853,-0.07419837466992059,-0.0034165899665428157,-0.0060480775706694785,0.5022597274012628,0.2742886019487008,0.25302879548816304,0.010212054419700634
2025-07-01 08:00:00,1.17861,1.1817199999999999,1.17672,1.18044,17224,7,0,3339.58,0.0003534695979733978,-0.5747997196669168,-0.003485182722839486,-0.004297767136032837,0.4793635451010878,0.2613718164375748,0.25429115569969907,0.01750697719766503
2025-07-01 12:00:00,1.18044,1.1829399999999999,1.17964,1.18032,19131,7,0,3354.56,0.00035185538490890015,-1.2339404813464427,-0.00458725100610069,-0.00226645091194334,0.46579284980654356,0.2605193366131711,0.25547225884156577,0.01739349328674855
2025-07-01 16:00:00,1.18032,1.18119,1.1761,1.17651,26701,7,0,3341.74,0.0003520650918383836,-1.260016662701485,0.0005937254596483088,-0.00016980562285957273,0.4632711134070747,0.2581302690555754,0.2565087754769323,0.01181144083833674
2025-07-01 20:00:00,1.17651,1.18063,1.17651,1.18049,10720,7,0,3338.64,0.00035358409412215755,-0.6973110630020118,0.0043105471136659634,0.0012720318644636665,0.5313495662125319,0.2716591660837619,0.25749187727096134,0.0072254117277934515
2025-07-02 00:00:00,1.18025,1.18079,1.17983,1.18071,6127,8,0,3338.84,0.0003536288052137868,-0.7359236622584417,0.0001264586579940996,0.002649257176165041,0.5298321640091738,0.26070100792432827,0.25702053651922274,0.004815158117754681
2025-07-02 04:00:00,1.18071,1.18098,1.17878,1.17962,9162,8,0,3340.04,0.00035317541107292126,-1.0031198842126525,-0.0012825796057087668,0.004268759711725187,0.5109300193944042,0.2595260841306936,0.25617450642054396,0.000137741871732322
2025-07-02 08:00:00,1.17962,1.17981,1.17696,1.17752,15608,7,0,3333.49,0.00035323939774830585,-1.0238207402284383,0.0001808200458857101,0.00529931251917356,0.5261074194785108,0.2610631077513611,0.2551002873471929,-0.006281002575598604
2025-07-02 12:00:00,1.17752,1.17883,1.17468,1.17565,21548,7,0,3346.72,0.00035128424248219155,-1.6850221055567232,-0.005556896895347774,0.006362757707670249,0.6004282277462872,0.25557248422525125,0.25391319643633653,0.0014902416106579164
2025-07-02 16:00:00,1.17564,1.17936,1.17506,1.17884,24236,7,0,3348.7,0.00035202914563860606,-1.238881246196793,0.0021217685534686836,0.007248052677585147,0.6177786709845463,0.2402416753501128,0.25172980230352077,0.0030132029808545013
2025-07-02 20:00:00,1.17884,1.18031,1.17879,1.17982,9226,7,0,3356.98,0.0003514527938802138,-1.3488565993632105,-0.0016412755979502425,0.008022854630210971,0.6635426626627261,0.24105772787127394,0.2503089257752368,0.005433024643289208
2025-07-03 00:00:00,1.17947,1.18085,1.1786699999999999,1.18064,5984,8,0,3344.67,0.00035299147599015743,-0.6418117599826634,0.004362007672920498,0.008067705306612475,0.5954677406939431,0.23442997863612072,0.2500396474787575,0.0013862109435816006
2025-07-03 04:00:00,1.18064,1.18099,1.17873,1.1789,7497,8,0,3350.81,0.0003518253795350975,-1.0341726801278894,-0.003309533526375086,0.007784567203257679,0.6142508773962626,0.23109440598348602,0.250254436197225,0.005195755799477508
2025-07-03 08:00:00,1.1789,1.18097,1.17862,1.17977,13298,7,0,3356.2,0.0003515195757106251,-1.1084050736796296,-0.0008705902075614169,0.008140133361619216,0.6478358158122215,0.2206954706729356,0.2502526286848937,0.002832624181287935
2025-07-03 12:00:00,1.17978,1.17998,1.17169,1.17379,20340,7,0,3324.41,0.00035308220105221676,-0.28719265679852407,0.004403237335955934,0.007686728377856072,0.6264957324049116,0.21638915846142773,0.2500167350790027,-0.007253561083405469
2025-07-03 16:00:00,1.17379,1.17898,1.1733500000000001,1.1752,25911,7,0,3333.88,0.0003525021896408989,-0.5078099181287097,-0.0016473887526426978,0.007512068123881275,0.6246356962352626,0.27124679661428747,0.25252576684265315,-0.00688118487450029
2025-07-03 20:00:00,1.1751800000000001,1.17596,1.17439,1.17574,6254,7,0,3325.89,0.00035351139093596,0.14281651765147094,0.002856103212415473,0.007104405022401573,0.6157795359292568,0.27745839441138737,0.25425354730232713,-0.005614903712473973
2025-07-04 00:00:00,1.17551,1.1771099999999999,1.175,1.17668,5963,8,0,3328.87,0.00035347730611288514,0.25198388910330943,-9.650428240015607e-05,0.006865168512242463,0.5783926362179547,0.28024089698962457,0.2559574940417383,-0.006547670563237018
2025-07-04 04:00:00,1.17668,1.178,1.17555,1.1779600000000001,9102,8,0,3340.75,0.00035260345730749086,-0.2538724894824175,-0.0024809722240719534,0.0062117338103715595,0.5554532911017174,0.27991713230027354,0.25669390906528167,-0.004603420535128966
2025-07-04 08:00:00,1.1779600000000001,1.17852,1.17672,1.1774,14833,7,0,3342.75,0.0003522249644753571,-0.5330357544803309,-0.0010740661097279336,0.005492221543414519,0.5648259587670693,0.2920740765481548,0.25738387940047514,0.005516768388977411
2025-07-04 12:00:00,1.1774,1.1782,1.17636,1.17665,12387,7,0,3333.92,0.000352932883812449,0.394539243420077,0.002004540883571715,0.004155838478289569,0.5581512433578132,0.29985594435680735,0.25866224652088043,1.1998032322768637e-05
2025-07-04 16:00:00,1.17665,1.17874,1.1766,1.1774,10519,7,0,3335.29,0.0003530127814972611,0.5385997930202814,0.00022647511934481557,0.003293025232062788,0.5815881046732682,0.3123273258258906,0.2612100219902963,0.002826311152804184
2025-07-07 00:00:00,1.17793,1.179,1.17729,1.17797,6227,8,0,3326.42,0.0003541254561961508,1.7284431993238807,0.003143556456497887,0.0020338117955875047,0.6078740815361732,0.3042334896509083,0.26339572964218316,-0.0007359854845637726
2025-07-07 04:00:00,1.17797,1.17802,1.17636,1.17656,10235,8,0,3307.73,0.00035570013271941784,2.6990683100137147,0.004421678630445736,0.0001444657021604446,0.5466973393448142,0.3044826261211017,0.2657133474954595,-0.009884008082017504
2025-07-07 08:00:00,1.17656,1.17737,1.17228,1.17239,16525,7,0,3310.16,0.0003541792541750248,1.1743402377548249,-0.0042788734297513065,-0.0005294771648209329,0.539555292263041,0.32773931959687586,0.26851735517111514,-0.009749457781766502
2025-07-07 12:00:00,1.17239,1.1736,1.17176,1.1722,14303,7,0,3309.5,0.00035419247620486474,1.1320825450346959,3.732401995526491e-05,-0.001463922842890409,0.5386576476444309,0.26301137158980636,0.26863287335438907,-0.007324710850890259
2025-07-07 16:00:00,1.1722,1.17453,1.1687,1.16938,19301,7,0,3327.51,0.0003514279446192498,-1.2560342243033074,-0.007847642464126836,-0.0018686574473432247,0.5159370578176876,0.2615659157355594,0.26873486493463233,-0.0023326307457521844
2025-07-07 20:00:00,1.16938,1.17237,1.16862,1.17079,13450,7,0,3336.09,0.0003509467670236714,-1.4816648218117885,-0.0013727374889542787,-0.002040106224703506,0.5140112600786451,0.23391139940880415,0.2673772795175045,0.0029070291785162627
2025-07-08 00:00:00,1.17059,1.17477,1.17058,1.17428,8274,8,0,3334.26,0.00035218609226634993,-0.5185227721457776,0.0035294395951906976,-0.0025492291390563763,0.5640379837278605,0.2818047787552061,0.2686888942440022,0.008020606276812225
2025-07-08 04:00:00,1.17428,1.17498,1.17304,1.17409,10709,8,0,3329.53,0.00035262935008845093,-0.16917013641691026,0.0012568043536634876,-0.0030935200678546917,0.5305053260509026,0.2949144616361533,0.27142253355830426,0.005851680885516242
2025-07-08 08:00:00,1.17409,1.17648,1.17316,1.17487,16764,7,0,3323.58,0.00035349532732776104,0.5036853846805176,0.0024513833122046247,-0.003410901954208068,0.5366087420292686,0.29532247731515626,0.27413577103049835,0.0042544190965403406
2025-07-08 12:00:00,1.17487,1.17504,1.17134,1.17204,16028,7,0,3328.22,0.0003521522014770658,-0.6446713472547028,-0.003804862085848626,-0.003509739865457451,0.5614018573647557,0.3042010408237675,0.2776243241398807,0.0002133727622155579
2025-07-08 16:00:00,1.17204,1.17217,1.16821,1.17089,22431,7,0,3300.34,0.0003547785985686323,1.472793671945168,0.007395654906983129,-0.0037518527004049796,0.4955622637661901,0.3064911557469439,0.2813941616280536,-0.010716137754077426
2025-07-08 20:00:00,1.17088,1.17297,1.17071,1.17253,11602,7,0,3301.39,0.00035516252245266393,1.5966925466955157,0.0010824949154086827,-0.0035399724557648522,0.5066985147608547,0.3124959560076421,0.2859841858947889,-0.00985825940388585
2025-07-09 00:00:00,1.1718600000000001,1.17293,1.17161,1.17245,7411,8,0,3306.97,0.0003545390493412399,0.9971591238075198,-0.0017584256908446116,-0.0033199261317936797,0.48186498936002875,0.31739573563704576,0.29103451475356984,-0.006775731109195715
2025-07-09 04:00:00,1.17245,1.17256,1.17013,1.1712,10820,8,0,3294.03,0.00035555231737415867,1.580310840662834,0.0028468039562244973,-0.0033374349588653875,0.47559607152383093,0.3164684474850821,0.2932955972971095,-0.008891015110212397
2025-07-09 08:00:00,1.1712,1.17282,1.17019,1.17132,15796,7,0,3285.08,0.0003565575267573392,1.9668998953219738,0.0028194955946881928,-0.004063846680772944,0.47224408537975354,0.3485855446184647,0.2968519548074634,-0.012961883529333917
2025-07-09 12:00:00,1.17132,1.17197,1.16894,1.17149,15457,7,0,3296.36,0.00035538897450521176,1.0903433128044717,-0.0032885709300811694,-0.004887710334240959,0.45146124003691623,0.34748325309946965,0.30021407261295574,-0.0012059363580722016
2025-07-09 16:00:00,1.17149,1.17244,1.17003,1.17046,17445,7,0,3311.81,0.0003534200331540759,-0.20150932756181153,-0.005566210258820203,-0.005214627060483056,0.43285726655073464,0.34761950843958783,0.30359919141992137,0.0031562463083731895
2025-07-09 20:00:00,1.17046,1.17235,1.17035,1.17218,9222,7,0,3313.44,0.0003537652711381525,-0.0280203663315028,0.0009773297216126853,-0.005346940396426406,0.4487151654932269,0.3268474268812857,0.30533785893657794,0.001956473750895915
2025-07-10 00:00:00,1.17163,1.17492,1.17105,1.17432,6302,8,0,3317.62,0.0003539645890728896,0.07125966848641596,0.000564129371463773,-0.005133556747221053,0.4704720218789341,0.3339957498022315,0.30704484920884917,0.007161440545471631
2025-07-10 04:00:00,1.17432,1.17443,1.173,1.17349,7940,8,0,3322.12,0.0003532352834936727,-0.42934595454830227,-0.0020631860573168126,-0.0050920712101247675,0.46690401499890904,0.3363277028932747,0.3082448680622184,0.011275220085964488
2025-07-10 08:00:00,1.17349,1.17434,1.17255,1.17273,13117,7,0,3328.7,0.0003523087091056569,-0.9692761981797053,-0.0026283037481259486,-0.004017350909067808,0.4683059066141122,0.3303405840115133,0.30955022278024863,0.009810821633559286
2025-07-10 12:00:00,1.17273,1.17343,1.17014,1.17059,13005,7,0,3323.7,0.0003521948430965491,-0.9484718865917189,-0.0003227140556408825,-0.0030203718220986175,0.5144907920530544,0.32874765633027103,0.3107634742907071,0.0035901818039076883
2025-07-10 16:00:00,1.17059,1.17146,1.16622,1.16853,23031,7,0,3314.99,0.00035249880090136023,-0.6812478790343759,0.0008607771152761012,-0.002684482216748641,0.45657351144113545,0.3330291628459019,0.3110279664531584,0.0004677917813509236
2025-07-10 20:00:00,1.16853,1.17005,1.16811,1.16998,8612,7,0,3323.83,0.0003519975450007973,-0.9250334148744899,-0.0014257994231796633,-0.0016860671504612002,0.4597961181926438,0.34702980979576903,0.3152288883634565,0.001871823777286119
2025-07-11 00:00:00,1.16994,1.17073,1.16642,1.16747,9838,8,0,3330.7,0.00035051790914822714,-1.7781079874950834,-0.0042122285288256345,-0.0003599915891503985,0.4846016856462601,0.3512953422743816,0.3197153596903976,0.00258268816298024
2025-07-11 04:00:00,1.16746,1.16859,1.16685,1.16759,12972,8,0,3331.94,0.00035042347701339156,-1.77072214134757,-0.00026950774524725496,0.0006810007517918642,0.4836618726871863,0.3366143456067054,0.32485050700029267,0.0009733529606152924
2025-07-11 08:00:00,1.16759,1.16957,1.1670099999999999,1.16821,15977,7,0,3333.16,0.00035048122502370126,-1.5840855155429414,0.00016485526429987907,0.001400465991853286,0.41966025391581946,0.3358152553494426,0.3275510308300045,0.0028462255919607937
2025-07-11 12:00:00,1.16821,1.17011,1.16809,1.1688,15972,7,0,3355.23,0.0003483516778283456,-2.271721044702328,-0.006116298128138853,0.0025337968436129964,0.38119462660851827,0.3359121046496386,0.3296009129806788,0.012138799815384127
2025-07-11 16:00:00,1.1688,1.17137,1.16739,1.1691,20862,7,0,3353.78,0.00034859173827740637,-1.8384927215731166,0.0006888346448075122,0.003422930310235233,0.381433655334528,0.3342929447547551,0.33154943635265866,0.009010689475695388
2025-07-11 20:00:00,1.1691,1.16957,1.16781,1.16898,10053,7,0,3354.98,0.0003484312872207882,-1.6817218632401632,-0.00046044828152680406,0.004214058430540603,0.3484174476217933,0.32244911322904163,0.3324618399729224,0.007289758909538646
2025-07-14 00:00:00,1.1663999999999999,1.16938,1.16596,1.16933,9459,8,0,3367.65,0.0003472243255682746,-1.8533461696051623,-0.0034770692476240317,0.004970985528882063,0.43255650518340194,0.3256758824662016,0.3334210763088853,0.01071747990660099
2025-07-14 04:00:00,1.16933,1.16975,1.16723,1.16747,10095,8,0,3359.69,0.00034749336992401085,-1.5519112344940091,0.0007730115805832938,0.005530032380606234,0.41302371148003647,0.32249906755365687,0.33392123188618605,0.00795941388952226
2025-07-14 08:00:00,1.16747,1.16886,1.16539,1.1682299999999999,14425,7,0,3365.94,0.00034707392288632594,-1.5055141551295281,-0.0012093103566046537,0.006499760377959444,0.41876167745098725,0.3287611951650207,0.3344895048625848,0.0031920315447824255
2025-07-14 12:00:00,1.1682299999999999,1.16968,1.16791,1.16854,10869,7,0,3349.97,0.0003488210342182169,-0.8231792488393487,0.005009947140969584,0.006877299641834634,0.40033006318287956,0.3295593086471108,0.3351440479206862,-0.0011360315822744882
2025-07-14 16:00:00,1.16854,1.16957,1.16598,1.16621,15900,7,0,3347.68,0.00034836364288104,-0.9202416618333482,-0.001310352946103932,0.0071840948338977705,0.4440037989121109,0.3308396145397673,0.3342567514167513,-0.002175869900863825
2025-07-14 20:00:00,1.16621,1.16726,1.16589,1.16651,6693,7,0,3343.09,0.0003489316769814752,-0.6272223364787882,0.0016283423404223063,0.007448489120356513,0.4480548485499314,0.33200103667410563,0.33348264059548316,-0.007292919394830233
2025-07-15 00:00:00,1.16614,1.16769,1.16599,1.16719,4839,8,0,3347.76,0.0003486480512342581,-0.6696408211958623,-0.0008139758180412127,0.0077508970264146305,0.4783183301998334,0.339327405130351,0.33306803543002134,-0.0035509228530012926
2025-07-15 04:00:00,1.16719,1.1679599999999999,1.16649,1.16755,6905,8,0,3360.19,0.00034746547070254956,-1.096210240645306,-0.003404497362761383,0.007590550537900524,0.4382772524962526,0.3439541309299074,0.33392337063245237,-0.0017082895119936437
2025-07-15 08:00:00,1.16755,1.16926,1.16717,1.16865,12115,7,0,3360.98,0.00034771108426708875,-0.9155512552436074,0.0007070380524560882,0.007429601164159346,0.4121251485668868,0.3425021114371301,0.3343486887141973,0.0032865965963875254
2025-07-15 12:00:00,1.16865,1.1690800000000001,1.1662,1.16777,16000,7,0,3348.82,0.00034871088920873617,-0.3336798433003943,0.002864986766514921,0.007037082021619682,0.3879563283109919,0.34030941536004633,0.3345477743375359,0.0003405343401998717
2025-07-15 16:00:00,1.16776,1.16791,1.15933,1.1596,28576,7,0,3329.31,0.00034830039858108736,-0.48613772373075154,-0.0011703079814839867,0.005594868060312633,0.6073205211267242,0.32966839556794797,0.3345141649153577,-0.0041219350959741385
2025-07-15 20:00:00,1.1596,1.1605,1.15926,1.16022,8913,7,0,3324.53,0.00034898767645351374,0.024234571935704375,0.0019704000562413837,0.004307425549265212,0.6044955048589056,0.363461755390026,0.33624986986834543,-0.006938968145864699
2025-07-16 00:00:00,1.15962,1.16131,1.15951,1.16074,5327,8,0,3330.52,0.0003485161476285986,-0.18870327131245382,-0.0013535675836964245,0.0030086696071884417,0.6071622518529279,0.3634953673109059,0.3377731800915956,-0.008829857835420007
2025-07-16 04:00:00,1.16075,1.16195,1.16059,1.16195,8259,8,0,3338.27,0.0003480695090570865,-0.48782870208627493,-0.0012845255131397337,0.002214509096665007,0.6070686510602558,0.3645638094249163,0.33864988007305297,-0.0067569577920725266
2025-07-16 08:00:00,1.16195,1.16281,1.16124,1.1625,13708,7,0,3341.93,0.0003478528874033867,-0.637587306605946,-0.0006230340403190482,0.0014732041336004444,0.597431396172107,0.3686262506097292,0.3395164254898203,-0.0020574411285170235
2025-07-16 12:00:00,1.1625,1.1626,1.1593,1.15984,17041,7,0,3334.55,0.00034782504385899143,-0.609497716705771,-7.986726104358688e-05,0.0008356055414725162,0.6072574234815369,0.36925988976623786,0.34114870269779696,0.0015738996969343333
2025-07-16 16:00:00,1.15984,1.17212,1.15619,1.16387,45159,7,0,3349.17,0.000347509980084618,-1.0790512884408427,-0.0009097825055337516,0.0005046692634962595,0.6356145651248347,0.3128130624065021,0.33999859305064994,0.00741157396684633
2025-07-16 20:00:00,1.1638600000000001,1.16582,1.16197,1.1639599999999999,15164,8,0,3347.4,0.00034772061898787114,-0.66102480904556,0.0006058173720001614,-0.00021708290851191772,0.7197567932188709,0.3690878495204726,0.3416573802941916,0.005068277626316675
2025-07-17 00:00:00,1.16351,1.16422,1.1616900000000001,1.16237,6316,8,0,3340.74,0.00034793788202613793,-0.24338830140126683,0.0006235775477330119,-0.0010532476532327032,0.7164885124963994,0.39147704237561975,0.34451658517523487,0.000739904201876973
2025-07-17 04:00:00,1.16237,1.16287,1.16134,1.16243,9489,8,0,3342.67,0.0003477549384174926,-0.5008291826535876,-0.000526097638712697,-0.001441935616079143,0.7161735434988968,0.39545788900860895,0.34816702396421323,0.0002214289347772791
2025-07-17 08:00:00,1.16243,1.16272,1.15729,1.16013,17382,8,0,3328.77,0.0003485161185663173,0.729311929355509,0.002179738688784072,-0.0014587870956621627,0.7339786869550283,0.3908155487825817,0.3514240072800322,-0.001733367320927881
2025-07-17 12:00:00,1.16013,1.16044,1.15566,1.15869,14561,8,0,3312.96,0.0003497446392350043,2.357783713261061,0.0035082618624925344,-0.0016979950374586235,0.6985014740052228,0.40735350042170515,0.35566672892343465,-0.01081163392721185
2025-07-17 16:00:00,1.15869,1.16025,1.15773,1.1586,18903,8,0,3338.91,0.0003469994698868793,-1.8695968672259264,-0.0079105484539852,-0.0016851268536298245,0.5870600896801117,0.41098075926510697,0.35977770712843893,-0.00253629682738854
2025-07-17 20:00:00,1.15861,1.16,1.15796,1.15973,8477,8,0,3338.97,0.00034733166215928865,-1.2227630747342297,0.000957345099090956,-0.0018148691868609288,0.6202956125017086,0.40289369514846496,0.3634444264535067,-0.0005298227338853545
2025-07-18 00:00:00,1.1591,1.1627399999999999,1.15892,1.16244,7031,8,0,3339.82,0.00034805468558185765,-0.11270122867136693,0.002082181272506922,-0.0019687123265715776,0.6352097743056575,0.4008219140275595,0.36694354142789626,-0.000852611834252226
2025-07-18 04:00:00,1.16244,1.16342,1.16181,1.16189,9145,8,0,3337.17,0.00034816626063401026,0.11804521641389466,0.00032031323491288344,-0.0019423947922647012,0.6365757443433554,0.39890304600379034,0.37028864189438054,0.0025234546093602095
2025-07-18 08:00:00,1.16189,1.16453,1.1611799999999999,1.16354,13070,8,0,3347.61,0.0003475733433703448,-0.7343543481979151,-0.0017082992030390542,-0.002132768634667125,0.6319117265509773,0.3993280079233688,0.37328867203403143,0.010458924949290127
2025-07-18 12:00:00,1.16354,1.16582,1.16318,1.1656,14262,8,0,3360.04,0.00034690063213533174,-1.6537425242919561,-0.0019426376902327291,-0.0018027010518930314,0.6443498312781275,0.40065011421432417,0.37612347119825223,0.00632841256577743
2025-07-18 16:00:00,1.1656,1.16715,1.1626,1.16282,20084,8,0,3353.55,0.00034674300368266463,-1.6781708298629057,-0.00045351312409214195,-0.001417429146481164,0.652437348018956,0.39367458685020706,0.3786820949689061,0.004366616052255745
2025-07-18 20:00:00,1.16282,1.16297,1.16168,1.16252,9284,8,0,3350.04,0.00034701675203878163,-1.173399557228675,0.0007886585567209448,-0.0011479120219816874,0.669968769336816,0.4056197486719962,0.3819476116345036,0.0030600451521338723
2025-07-21 00:00:00,1.16285,1.1636199999999999,1.16184,1.1619,8381,8,0,3352.35,0.0003465926887109043,-1.5391182995361654,-0.0012228681633086325,-0.000290460650257226,0.5107458189007168,0.4063922283841239,0.38578380327531236,0.0045487643722075255
2025-07-21 04:00:00,1.1619,1.1629800000000001,1.16143,1.16289,8017,8,0,3357.83,0.000346321880500204,-1.6889123930402132,-0.0007826215114346002,0.0010698599722452147,0.5159641091647865,0.4056442353389951,0.38789292727276087,0.0030529243251153915
2025-07-21 08:00:00,1.16289,1.16521,1.16275,1.16419,13588,8,0,3365.99,0.0003458685260502854,-1.9302514005040852,-0.0013122363636126622,0.0018791568195840678,0.5178904657369815,0.39114955004970386,0.3892756364097007,0.0017708122522350767
2025-07-21 12:00:00,1.16419,1.1673,1.16332,1.16647,13868,8,0,3387.1,0.00034438605296566383,-2.6931476592100547,-0.00431311434123427,0.0029472277047774198,0.49121832298718476,0.3833039459343836,0.39021264323517413,0.010004323776296786
2025-07-21 16:00:00,1.16648,1.17165,1.16576,1.16997,18335,8,0,3395.69,0.0003445455857277902,-2.097286127768934,0.00046441297678034843,0.004136973686923042,0.5242757181553845,0.39023650105651275,0.3912931557575133,0.013626702964740778
2025-07-21 20:00:00,1.16997,1.17012,1.16856,1.16952,8852,8,0,3396.88,0.00034429240950519294,-1.935727552934251,-0.0007350694864108887,0.005382412912057359,0.504152093096376,0.394392914749757,0.39254980700668923,0.01328321923426845
2025-07-22 00:00:00,1.16889,1.16956,1.16832,1.16881,4813,8,0,3394.42,0.00034433275787910744,-1.6573243646045468,0.000117107298193031,0.006312882323432161,0.46741052120744947,0.39200949660188544,0.39650962871645834,0.010896918545608258
2025-07-22 04:00:00,1.16881,1.16955,1.16822,1.1688,6778,8,0,3391.13,0.00034466387310424547,-1.2867435820497723,0.000960682038502747,0.0069309034225028075,0.46598969096788323,0.395760788324642,0.3978432756566669,0.007468827893131191
2025-07-22 08:00:00,1.1688,1.17032,1.16815,1.16981,11558,8,0,3389.05,0.00034517342618137827,-0.8715848723895574,0.0014774990212668149,0.0077088532438188305,0.4592181279851037,0.40593213088798225,0.39856603008228497,0.0005757137374156063
2025-07-22 12:00:00,1.16981,1.1709100000000001,1.16829,1.16902,12901,8,0,3407.63,0.00034305954578401997,-1.880031348382848,-0.006157685657029899,0.008836869565217374,0.4388601400837927,0.45713685405236454,0.40164997833447275,0.003516222034402494
2025-07-22 16:00:00,1.16902,1.17605,1.16784,1.17547,23207,8,0,3432.17,0.0003424859491225668,-1.9077689740362385,-0.001684044116901262,0.010183974920146192,0.5310318923222566,0.4562960862785236,0.40492400520926985,0.010388945149666817
2025-07-22 20:00:00,1.17547,1.1755200000000001,1.17416,1.17539,7625,8,0,3431.07,0.0003425724336722946,-1.7303070285041138,0.00025243906185168363,0.011295649103877238,0.570569649711338,0.4892978486783131,0.4090212226221003,0.010797131763305767
2025-07-23 00:00:00,1.17527,1.17559,1.17332,1.17469,7600,8,0,3428.73,0.00034260207132086806,-1.5103949229565925,8.645598039225266e-05,0.012176441290877159,0.6468280315512686,0.49305306251139486,0.41312483778441467,0.011087749511224931
2025-07-23 04:00:00,1.1747,1.17485,1.17303,1.1734499999999999,11026,8,0,3423.57,0.000342756245673376,-1.2821668804346482,0.000449332749930198,0.012404829994998066,0.647765323634008,0.49262222462186395,0.4176112642580846,0.01018574526784799
2025-07-23 08:00:00,1.1734499999999999,1.17527,1.1727,1.17325,15602,8,0,3428.41,0.0003422140292438769,-1.4221519459002083,-0.0015841665422974271,0.012509743642189954,0.6344859049652889,0.4947494620475719,0.42230764165908524,0.006098079897171926
2025-07-23 12:00:00,1.17325,1.17393,1.17199,1.17249,14377,8,0,3420.03,0.00034283032604977146,-1.0154407592210957,0.0017965084722468827,0.012340760987240998,0.6155938211036746,0.49086362926555815,0.4269056708221736,-0.0035371208302619195
2025-07-23 16:00:00,1.17249,1.17607,1.17106,1.1751,23224,8,0,3387.48,0.00034689503701866873,1.3148322527329264,0.011743492151677248,0.01175196471970581,0.48064234709616854,0.4777539756267228,0.4308269692073413,-0.01270449160174525
2025-07-23 20:00:00,1.1751,1.17749,1.17452,1.17727,12611,8,0,3386.95,0.0003475900146149191,1.6443435526257877,0.0020031098371371403,0.011232995940562606,0.49121120622322423,0.409960473558267,0.4312924871745385,-0.012185269764606765
2025-07-24 00:00:00,1.17666,1.17787,1.17617,1.17668,5935,8,0,3391.51,0.0003469487042644721,1.2708750146684158,-0.0018475035180072208,0.01079911368604948,0.4634715252288952,0.40369473424813823,0.43179349454443505,-0.009364493788647454
2025-07-24 04:00:00,1.17668,1.17799,1.17665,1.17737,10431,8,0,3382.64,0.00034806246009034365,1.7757355313860848,0.0032017498443298598,0.009660860113614562,0.45295008897594335,0.4077103022432931,0.4318980222229999,-0.013350211905810538
2025-07-24 08:00:00,1.17737,1.17778,1.17549,1.17577,14891,8,0,3369.69,0.000348925272057667,1.9768477779569442,0.002469409665754818,0.007404876893243596,0.44857940064217394,0.39521737725045986,0.4313392796663166,-0.01471916913009541
2025-07-24 12:00:00,1.17578,1.17592,1.17318,1.17359,15108,8,0,3353.47,0.0003499628742764957,2.105851993434461,0.002959395045608826,0.004707615050882515,0.4531665364191103,0.4049077226543843,0.43130245403208606,-0.010039911674755375
2025-07-24 16:00:00,1.17359,1.17886,1.17302,1.1762299999999999,26318,8,0,3366.94,0.00034934688470837015,1.6391427738737037,-0.0017672269842998745,0.0026031870365347985,0.4553934820634485,0.4015554956597831,0.43182275131259,-0.0059079702977604676
2025-07-24 20:00:00,1.17625,1.17777,1.1743000000000001,1.17485,9523,8,0,3368.29,0.00034879716413966727,1.277611815003929,-0.0015741974735862252,0.0006796243247968565,0.49174653733718604,0.42628482571749116,0.43397179530174546,-0.0068465078976621685
2025-07-25 00:00:00,1.17427,1.17585,1.17307,1.17542,6405,8,0,3372.14,0.0003485679716737739,1.0819828078548412,-0.0006578449009981835,-0.0013015912507067609,0.4671380457925157,0.4246959536156383,0.4356947679297017,-0.0031040843837949472
2025-07-25 04:00:00,1.17542,1.17582,1.17336,1.17399,9202,8,0,3360.97,0.00034930094585789226,1.2134533010665278,0.002095850201286553,-0.003280344118565405,0.4671868284646048,0.4263142273563326,0.43729083356003046,-0.0025877751365853685
2025-07-25 08:00:00,1.17399,1.17607,1.17368,1.1743000000000001,16261,8,0,3345.48,0.00035101091622128966,1.5876031253756295,0.004872845297948625,-0.004500191233509382,0.4505215597899895,0.4268891339736087,0.4390348154286167,-0.0023826066730877615
2025-07-25 12:00:00,1.1743000000000001,1.17434,1.17112,1.17181,15197,8,0,3340.78,0.00035075940349259754,1.3419641532507338,-0.0007155315453973854,-0.005675551683321757,0.4712888047972864,0.43641735163929124,0.44106764359434913,-0.007769666225118321
2025-07-25 16:00:00,1.17181,1.17383,1.17028,1.17287,23600,8,0,3329.62,0.0003522534102990732,1.5853117867268625,0.004245120747371489,-0.007270260831530198,0.46608123102939225,0.44099071515036153,0.44282057280746806,-0.011480602917207317
2025-07-25 20:00:00,1.17287,1.17468,1.1728399999999999,1.17405,8401,8,0,3336.35,0.00035189653363705846,1.3294742552036227,-0.001015172569263978,-0.008504610502495052,0.4960708656474908,0.4298881953166701,0.4414581398706834,-0.010613438350720927
2025-07-28 00:00:00,1.17512,1.1770100000000001,1.17495,1.17635,9455,8,0,3333.28,0.0003529106465703451,1.4617900397197827,0.0028791979543167923,-0.009394700916843813,0.44627217910661116,0.4404082135156072,0.4406637462325376,-0.008238692996367036
2025-07-28 04:00:00,1.17635,1.17696,1.17454,1.1747,10404,8,0,3339.64,0.00035174449940712175,1.0328737550900167,-0.0033106742994748473,-0.009626038985936107,0.44644335583994277,0.44113676859128265,0.438255692228186,-0.0017456388918780652
2025-07-28 08:00:00,1.1747,1.17474,1.16703,1.16789,19918,8,0,3336.13,0.0003500732885109393,0.460442317217248,-0.004746213337091132,-0.010245768296564215,0.6104276908954106,0.4325505753421931,0.43523056786972597,-0.0013918905165859474
2025-07-28 12:00:00,1.16788,1.16842,1.16434,1.16575,21312,8,0,3328.46,0.0003502370465620738,0.43647203474616125,0.0004667067299821692,-0.010851979804396944,0.6168975466832491,0.3663660343194371,0.42891775835460455,-0.00034838810434822953
2025-07-28 16:00:00,1.16576,1.16619,1.15981,1.15987,23092,8,0,3312.12,0.00035018960665676366,0.336683802909919,-0.00013478589678384,-0.011813591801276105,0.6991777306423044,0.36686191263300005,0.422523380883876,-0.007262427503109681
2025-07-28 20:00:00,1.15987,1.16013,1.15849,1.15886,9464,8,0,3314.39,0.0003496450327209532,-0.06521197641546789,-0.001556148884884312,-0.012388918301852934,0.6906942344858865,0.3953057665287512,0.4177454877470357,-0.005667090673450836
2025-07-29 00:00:00,1.15868,1.15974,1.15841,1.1584699999999999,5347,8,0,3311.6,0.00034982183838627853,-0.05149926077188112,0.0005052462258524626,-0.012585181208967131,0.8166482073609439,0.39304818154415255,0.4135101980429072,-0.008396114551268985
2025-07-29 04:00:00,1.15845,1.15991,1.15743,1.15884,10420,8,0,3316.45,0.0003494218215260294,-0.38933100083581546,-0.0011451620811702146,-0.012577757404024854,0.7712425582190372,0.388536752323529,0.4124390119811703,-0.005899050696465791
2025-07-29 08:00:00,1.15884,1.15902,1.15255,1.15689,21668,8,0,3326.36,0.0003477945862744862,-1.616373125883231,-0.0046708521032439165,-0.012061612747177956,0.7451601382135825,0.38981497368267753,0.41174502395289725,-0.0006309224085613296
2025-07-29 12:00:00,1.1569,1.15881,1.15244,1.15245,19370,8,0,3323.37,0.00034677150001354045,-2.1217900666131966,-0.0029389952260276964,-0.01162251931627278,0.7809868026334266,0.37735203075730606,0.4102271103785979,0.0033966160646352606
2025-07-29 16:00:00,1.15247,1.15518,1.15186,1.1541299999999999,25484,8,0,3323.16,0.00034729895641497847,-1.6113949123890903,0.0015209527658490707,-0.010854747359535198,0.83494682870168,0.37486014849348337,0.40920924894074906,0.002646037430718673
2025-07-29 20:00:00,1.1541299999999999,1.15603,1.15372,1.1545,11345,8,0,3326.39,0.00034707295296101785,-1.5479240696119607,-0.0006513786395121457,-0.010221146473535132,0.8941113252241085,0.37802036058290384,0.40786488083717504,0.00446611909650918
2025-07-30 00:00:00,1.15444,1.15676,1.15441,1.15668,5176,8,0,3330.28,0.0003473221470867314,-1.2839821006990308,0.0007188273824003666,-0.009426863294525717,0.9612302327739171,0.37529762756196694,0.40655198743228427,0.004170121666239535
2025-07-30 04:00:00,1.15668,1.15724,1.15501,1.15507,9844,8,0,3327.11,0.000347169164830739,-1.2707187897760441,-0.0004400428759336883,-0.008516313497063083,0.9664520739979096,0.38774647547160573,0.4046250699199899,0.00022547168676867457
2025-07-30 08:00:00,1.15507,1.15684,1.15396,1.15565,15279,8,0,3332.24,0.00034680875327107295,-1.3522264704702978,-0.0010397446177128344,-0.006965304066047481,0.958860912274098,0.3889097315417745,0.4028357588162968,0.002668977573968556
2025-07-30 12:00:00,1.15565,1.15603,1.14688,1.14728,21269,8,0,3313.37,0.0003462577375904291,-1.4601273748205592,-0.0015798198639509486,-0.0059396733324250444,1.0562534536087036,0.4224610770695421,0.40264310130195724,-0.0029459911650356885
2025-07-30 16:00:00,1.14727,1.1485,1.14578,1.14734,22005,8,0,3297.96,0.00034789384953122537,-0.6112643652747228,0.004703151572648667,-0.0054599362816143675,1.0524285853855853,0.45065693466622136,0.40383149133658786,-0.008546802990629487
2025-07-30 20:00:00,1.14734,1.15031,1.14005,1.1403,27479,8,0,3274.79,0.00034820553378995297,-0.4051203681193151,0.0008896233842091705,-0.005594146094648771,0.9919647658602098,0.45255821243122835,0.40463853437618474,-0.016662262632571534
2025-07-31 00:00:00,1.1402700000000001,1.14371,1.14012,1.14339,7680,8,0,3286.46,0.0003479093005848238,-0.4739086850391206,-0.000853774076408742,-0.005746553333253957,0.9876823358490211,0.4872613132159537,0.4069520642794643,-0.01221781065248817
2025-07-31 04:00:00,1.14339,1.14379,1.14072,1.14352,12003,8,0,3298.02,0.00034672924967101476,-0.9988086492034522,-0.003403765569718331,-0.005665631349459725,0.9488678260007066,0.49964055195170326,0.410439682111216,-0.010269368352819663
2025-07-31 08:00:00,1.14352,1.14605,1.1430500000000001,1.14497,18394,8,0,3309.81,0.00034593224384481285,-1.4113984225612655,-0.0023068576444849054,-0.005470402641627284,0.8963316209256457,0.5070418053295762,0.4137713617019145,-0.0010744347899570572
2025-07-31 12:00:00,1.14497,1.14508,1.14204,1.14282,18428,8,0,3307.68,0.0003455050065302569,-1.6007180183677665,-0.0012342369849084323,-0.005576530790170216,0.909877962260964,0.5192916759571976,0.41767910707021016,0.002947276498198814
2025-07-31 16:00:00,1.14282,1.14497,1.14057,1.14222,24060,8,0,3295.08,0.000346644087548709,-0.7597285407669973,0.003284299436727811,-0.005918904331805077,0.8251086260992067,0.5202124847499331,0.42206220254059723,0.0061958171363660774
2025-07-31 20:00:00,1.14222,1.14327,1.14093,1.14141,11536,8,0,3289.86,0.00034694789443927705,-0.4718109835417827,0.0008750347017248972,-0.006257969366520429,0.8278452611076419,0.5182106935094493,0.4296544355000978,0.00103454781132295
2025-08-01 00:00:00,1.14123,1.14287,1.14116,1.14239,7932,8,0,3290.43,0.0003471856261947527,-0.19945293861394028,0.000685327533638036,-0.006702248064538348,0.8254777579952632,0.5179467709595829,0.4372086784164269,-0.0023013808284971793
2025-08-01 04:00:00,1.14239,1.14283,1.14048,1.14188,11461,8,0,3292.22,0.0003468419485939579,-0.41843934290105467,-0.000990434327058587,-0.006653607252025866,0.8263621909682374,0.5210949676840105,0.44349813847418995,-0.00531450445795989
2025-08-01 08:00:00,1.14188,1.14378,1.14051,1.1406399999999999,14614,8,0,3294.33,0.0003462433939526398,-0.9793459925614645,-0.0017268333901403476,-0.006252153357467569,0.8247880498779147,0.5219283502796173,0.4499421469109632,-0.004036061529531287
2025-08-01 12:00:00,1.1406399999999999,1.15584,1.13912,1.1545,24523,8,0,3341.28,0.0003455262653833262,-1.8285512603837406,-0.0021006867601314205,-0.004251181436839695,0.8615112878551944,0.5318338536855497,0.4571070019790642,0.014020903893076975
2025-08-01 16:00:00,1.1545,1.15881,1.15362,1.15392,40286,8,0,3347.35,0.00034472642538127177,-2.336762930692737,-0.0023190510445013635,-0.0025920012644792367,0.8636138079403801,0.6339072357283267,0.46931161508134667,0.017474907746834134
2025-08-01 20:00:00,1.15391,1.15968,1.15163,1.15858,20188,8,0,3362.74,0.0003445345164954769,-2.1088709340701532,-0.0005592586025182644,-0.0009048840417537749,0.8469317376917617,0.631959837943817,0.4820420054406722,0.021975851180544792
2025-08-04 00:00:00,1.15876,1.15961,1.15556,1.15576,10681,8,0,3352.1,0.0003447868500343068,-1.619192099227083,0.000730072377834734,0.00018120388120023686,0.840480631421036,0.6414547880095494,0.49537173741647544,0.018188334922939475
2025-08-04 04:00:00,1.15576,1.15857,1.15501,1.15741,12160,8,0,3358.91,0.0003445790449878086,-1.5866200244307525,-0.0006039302698945814,0.0015318459673361678,0.8407150199516633,0.6471416414045484,0.5088278014575577,0.019603379139309096
2025-08-04 08:00:00,1.15741,1.1583,1.15494,1.15578,17685,8,0,3358.43,0.00034414294774641723,-1.7075826097383167,-0.0012654133439367055,0.003216708399155226,0.8389942466434764,0.6474479355321063,0.5224353168560647,0.005132763491835446
2025-08-04 12:00:00,1.15577,1.15881,1.15549,1.1575,17589,8,0,3367.73,0.0003437033253853486,-1.7783074619052548,-0.0012809785720826472,0.005166997014119452,0.836079027975753,0.6449281182833672,0.5352943989966528,0.006088398285210683
2025-08-04 16:00:00,1.1575,1.15882,1.15566,1.1571799999999999,21888,8,0,3371.06,0.0003432688827846434,-1.8028178100223657,-0.0012652544911735397,0.007000032918189584,0.8367927934111009,0.6453458201143445,0.5481162034252812,0.002474172847142464
2025-08-04 20:00:00,1.1571799999999999,1.15773,1.15627,1.15724,10211,8,0,3373.23,0.0003430658449023636,-1.6856178162872821,-0.000591864252443397,0.00884334772988531,0.7901606736455854,0.6533967123122799,0.5596629851874182,0.006303511231765091
2025-08-05 00:00:00,1.1568,1.15875,1.15634,1.15716,6087,8,0,3379.76,0.0003423793405448907,-1.8525965190800118,-0.0020049600490931185,0.010722981606519608,0.8278092804453453,0.6533786677579578,0.569799071842005,0.0062073708435177455
2025-08-05 04:00:00,1.15716,1.15737,1.15539,1.1558,9186,8,0,3371.17,0.00034284832862181377,-1.4397378935328278,0.001366309356770623,0.011067224402310278,0.8187065820862142,0.6525618265355156,0.5797992525472193,0.0037934391962912706
2025-08-05 08:00:00,1.1558,1.15621,1.15311,1.15365,14658,8,0,3366.07,0.0003427290579221466,-1.3936684137614737,-0.00034735553212383863,0.011227550231874,0.8169562038491603,0.6610572151861964,0.5884890476457314,-0.000492913624310698
2025-08-05 12:00:00,1.15366,1.15482,1.15273,1.15369,15611,8,0,3366.03,0.0003427450141561424,-1.2481514693863143,4.6555855170105076e-05,0.010894544369879166,0.8237826469432399,0.6623675948499872,0.5966253997906457,-0.0014921122732908243
2025-08-05 16:00:00,1.15369,1.15853,1.1532,1.15826,22566,8,0,3382.13,0.00034246465984453584,-1.2761983069971181,-0.0008218799919510467,0.011199429554753863,0.8370699017000016,0.6623596135147484,0.6043912901999043,0.0026384207421374928
2025-08-05 20:00:00,1.15825,1.15832,1.15661,1.15748,9605,8,0,3380.39,0.0003424101952733265,-1.1784100108994924,-0.00015895523619080532,0.011297764142901363,0.8279710662171349,0.6724874802426596,0.6120510804141774,0.00018640376831480232
2025-08-06 00:00:00,1.15703,1.1585,1.15701,1.15734,5110,8,0,3383.37,0.00034206722882806196,-1.2551444586558822,-0.001002507500703742,0.011508916009825532,0.8659749397198285,0.6711490156708125,0.6195979069602213,0.0036189216206836683
2025-08-06 04:00:00,1.15734,1.15858,1.1564,1.15826,8024,8,0,3372.36,0.0003434568076955011,-0.34368439695400116,0.00404907822195455,0.011190478758916203,0.841314925801518,0.6705436818144329,0.6272145563754705,0.0018686480079141976
2025-08-06 08:00:00,1.15823,1.15878,1.15702,1.15747,11976,8,0,3365.12,0.0003439609880182579,0.10211977175630539,0.0014648069412009912,0.010680560331761076,0.8299762604431771,0.6722941925160388,0.6349319274532934,-0.00027034815494819675
2025-08-06 12:00:00,1.15741,1.16284,1.15739,1.16233,13795,8,0,3367.52,0.0003451590487955528,1.1972274180005182,0.003485613993240655,0.00996343536880339,0.8521187900065965,0.6727868500888434,0.6425165215735349,-0.004319762989595355
2025-08-06 16:00:00,1.16232,1.16482,1.16171,1.16344,20755,8,0,3376.16,0.0003446045211127435,0.8994532011114733,-0.001610707958663582,0.009068164954305298,0.8409287499579747,0.6668954395405315,0.6497648760365806,-0.0012513349051440636
2025-08-06 20:00:00,1.16344,1.16683,1.16327,1.16596,10367,8,0,3369.15,0.0003460694834008578,2.1507204324089146,0.004242313907894202,0.008059201432215628,0.8036593270833472,0.6672531371483778,0.656535840209722,-0.004202910116244962
2025-08-07 00:00:00,1.16532,1.16657,1.16501,1.16521,6080,8,0,3372.15,0.00034553919606185963,1.5600701714728824,-0.0015336790714969295,0.007380926690028299,0.812155423047036,0.6600066514109129,0.6578408109938514,-6.227093192900934e-05
2025-08-07 04:00:00,1.16521,1.16761,1.16492,1.1671,8582,8,0,3377.62,0.0003455391666321256,1.4458154137277943,-8.530862105615711e-08,0.006929196417311165,0.8082015280429667,0.6591961443219753,0.6592026263127593,0.003714577786230411
2025-08-07 08:00:00,1.16711,1.16986,1.16678,1.16824,14360,8,0,3378.25,0.0003458121808628728,1.5457983031107738,0.0007902581826935151,0.00612853554449244,0.8065693386175465,0.6611642393820693,0.6601880988813853,0.003186321090891786
2025-08-07 12:00:00,1.16825,1.16845,1.16338,1.16509,18817,8,0,3380.74,0.0003446257328277241,0.6192939453789374,-0.0034334317694553196,0.0054088714709193625,0.890605973175055,0.646345748980514,0.6601483042601836,0.001356570778636046
2025-08-07 16:00:00,1.1650800000000001,1.16583,1.16107,1.16379,22487,8,0,3388.71,0.00034343157130589517,-0.28178998296664987,-0.0034732656624268943,0.00463372514806773,0.862749647088766,0.6416273853057202,0.6598572767488642,0.0058056186278439
2025-08-07 20:00:00,1.16378,1.16711,1.1619,1.16639,12208,8,0,3395.59,0.000343501423905713,-0.21937246007273448,0.0002038089255065323,0.00427162003963045,0.8962160874873769,0.636150157942627,0.6594183787318272,0.006951054964933423
2025-08-08 00:00:00,1.16591,1.16791,1.16572,1.16723,7041,8,0,3390.12,0.0003443034464856701,0.3635229407926879,0.0023310837616613567,0.004022903535380063,0.8735760794351299,0.6368229824178181,0.6589922368470009,0.0037008307624895043
2025-08-08 04:00:00,1.16723,1.16736,1.16547,1.1658,8267,8,0,3394.45,0.00034344297308842376,-0.3221071573094793,-0.002502363650080053,0.003806734239497187,0.8871471394285548,0.6338909868706725,0.6580169505749206,0.00479538222452458
2025-08-08 08:00:00,1.1658,1.16642,1.16342,1.16368,13230,8,0,3394.21,0.00034284266441970295,-0.8257160541758741,-0.0017477900896025744,0.0033510271891079384,0.934312744592667,0.6282897844272323,0.6567625064083843,0.003984334790608113
2025-08-08 12:00:00,1.16368,1.1654,1.16286,1.16415,15114,8,0,3391.37,0.00034326835467672357,-0.5088403330464906,0.001240610104970452,0.003513049322663388,0.9612880652351407,0.6197643451137792,0.6551226323372974,0.0007849594683522199
2025-08-08 16:00:00,1.16415,1.1667399999999999,1.16411,1.16562,16274,8,0,3397.7,0.00034306148276775473,-0.6973482015416199,-0.0006037784521786271,0.003770967950228127,0.935691877340966,0.6190709689458567,0.6530233200252805,0.0006213942201500622
2025-08-08 20:00:00,1.16562,1.1666400000000001,1.16361,1.16407,9930,8,0,3398.47,0.00034252766686185254,-1.1136879704734601,-0.0015563883098533848,0.004034343837307018,0.9608069694437348,0.6186652246014575,0.650838201512854,0.0024630396564133683
2025-08-11 00:00:00,1.1646,1.16507,1.16397,1.16473,4945,8,0,3381.46,0.00034444589023676167,0.370689353663802,0.005572169726322573,0.0038385021010970987,0.8166386928142075,0.6175690497698565,0.6485986733256094,-0.0038268349806300783
2025-08-11 04:00:00,1.16471,1.16753,1.16452,1.16718,7216,8,0,3375.88,0.00034574096235648186,1.318134237664011,0.0037536665729578367,0.003526612368595561,0.820177618365235,0.6020420357699343,0.6450764011019732,-0.0054003729881180185
2025-08-11 08:00:00,1.16718,1.1673499999999999,1.16438,1.1655,10909,8,0,3362.02,0.00034666658734927217,1.8758492198484682,0.0026662294918184948,0.0027011939135043878,0.7758244589989651,0.5932374641309918,0.6411808235249821,-0.008654319640735153
2025-08-11 12:00:00,1.16546,1.1658,1.16138,1.162,12657,8,0,3356.85,0.0003461578563236367,1.300699602297942,-0.0014652370170779028,0.0016622087545952791,0.8815191356524519,0.6146948109432243,0.6383883799814216,-0.012022838979309558
2025-08-11 16:00:00,1.162,1.1627399999999999,1.1589800000000001,1.16073,15523,8,0,3344.06,0.0003471020256813574,1.7669934068292918,0.0027171764048015135,0.00056546735284596,0.8432488964249453,0.6159206967411378,0.6355697051926766,-0.016010145742054505
2025-08-11 20:00:00,1.16073,1.16192,1.15983,1.16155,7240,8,0,3342.54,0.00034750519066338776,1.7969329696541885,0.001160989273160551,-0.0006686974378049979,0.7331909304939851,0.6186670366873316,0.632863714522601,-0.011509821201492909
2025-08-12 00:00:00,1.16084,1.16195,1.16084,1.1615,5596,8,0,3354.52,0.00034624923983163017,0.88551489474673,-0.003627146643835788,-0.0015953405825535382,0.6995699384002808,0.6176747615329343,0.6304026806222212,-0.006327239119873984
2025-08-12 04:00:00,1.1615,1.16275,1.1614,1.16273,8519,8,0,3354.4,0.0003466283090865729,1.0949461015289432,0.0010947480919326624,-0.0025252961675365105,0.6826535036870203,0.6117199277813532,0.6276260201538699,-0.0022664945479206056
2025-08-12 08:00:00,1.16273,1.16288,1.16077,1.16146,14274,8,0,3347.9,0.0003469219510738074,1.194097924357104,0.0008454963827050355,-0.0038219602999726605,0.682831091128759,0.6080444092990429,0.6250279080482765,-0.002666190029342985
2025-08-12 12:00:00,1.16147,1.16556,1.15983,1.16421,18749,8,0,3349.85,0.0003475409346687165,1.4307280004112943,0.0017852549337955548,-0.005103676895820047,0.7179660366295624,0.6071319637854139,0.6224246990214484,0.0017314282638469791
2025-08-12 16:00:00,1.1642000000000001,1.1697,1.16173,1.16795,30216,8,0,3349.49,0.0003486948759363366,1.831621770077753,0.0033199463468626123,-0.005730567566226756,0.7874306150445762,0.6058295548869733,0.6196579647966936,0.0020792570919121456
2025-08-12 20:00:00,1.16794,1.16802,1.16642,1.16731,9948,8,0,3348.01,0.0003486578594448643,1.5865427544032145,-0.00010611035028418314,-0.006238827109993332,0.7430339719452745,0.6007474994729183,0.6173780523213137,-0.0019406651324183066
2025-08-13 00:00:00,1.16683,1.16806,1.16655,1.1679599999999999,4827,8,0,3343.66,0.00034930585047522774,1.6654455126245584,0.0018561150753313438,-0.006393274230810135,0.7671027615463447,0.600236244079423,0.6153084952599989,-0.0032017648461722947
2025-08-13 04:00:00,1.1679599999999999,1.16873,1.16702,1.16839,7531,8,0,3351.7,0.00034859623474654654,1.2030838743276728,-0.002036387408661966,-0.0063430474105405695,0.7234341221570071,0.597616131825801,0.6133817939541577,0.001135039875742816
2025-08-13 08:00:00,1.16839,1.17203,1.1676199999999999,1.17137,13870,8,0,3360.19,0.00034860231117883215,1.0881753795779023,1.7475301056668613e-05,-0.005815930680468531,0.7317000259482931,0.5945692995237729,0.6112691098094554,0.003086705374867549
2025-08-13 12:00:00,1.17139,1.17299,1.1697,1.16988,12227,8,0,3358.03,0.0003483828316006706,0.8967854730896357,-0.0006291940273813745,-0.005262884545470221,0.7449357749970786,0.5942494712547857,0.6092870340286611,0.0025496418857797742
2025-08-13 16:00:00,1.16988,1.17233,1.16926,1.17064,16844,8,0,3357.98,0.0003486143455291574,0.92362867825619,0.000664528961585642,-0.004981246611779688,0.7143812844153455,0.5946306130548263,0.6076040754600407,0.00297788835756152
2025-08-13 20:00:00,1.17064,1.17105,1.16955,1.17043,6828,8,0,3355.87,0.000348770959542533,0.9219909565605537,0.00044896489874490797,-0.004806845938187951,0.7162474479313862,0.594288187917567,0.6063302676002301,0.00365168707344643
2025-08-14 00:00:00,1.17016,1.17146,1.1698,1.17109,5043,8,0,3369.65,0.00034754054575401004,0.18416735913885368,-0.0035423424062064335,-0.004136513249855476,0.6559451881991555,0.5945305963788452,0.6051032489718795,0.005355491243249855
2025-08-14 04:00:00,1.1711,1.17149,1.16988,1.17036,7610,8,0,3360.53,0.00034826649367808053,0.5904960724657409,0.0020831616504937145,-0.0036509419582676584,0.6305554993599816,0.5931530521081527,0.6038276403472144,0.0001011847544336586
2025-08-14 08:00:00,1.17036,1.17062,1.16676,1.16682,13778,8,0,3346.14,0.00034870627050870556,0.9163161211087887,0.0012573523052972213,-0.00343369132262511,0.7182344778585656,0.6085267900054949,0.6033755273589962,-0.003540766461288425
2025-08-14 12:00:00,1.16682,1.16971,1.16492,1.16636,17723,8,0,3350.55,0.00034811001178910924,0.2710199282213986,-0.001712170388700418,-0.003060257358730417,0.6850809816982061,0.5922265126234351,0.6028847512016713,-0.002212639741749456
2025-08-14 16:00:00,1.16636,1.16711,1.16308,1.16341,20934,8,0,3334.33,0.00034891867331667833,1.0146662337539616,0.002311759997959073,-0.0028004057174609224,0.6938843236219778,0.5906431462569568,0.6027550353079696,-0.006418603819575819
2025-08-14 20:00:00,1.16341,1.16501,1.1631,1.16479,7764,8,0,3335.26,0.0003492351420878732,1.2699941795386787,0.0009072516428563215,-0.0026929165882967642,0.645440858198734,0.5964217092942928,0.6018413802255229,-0.010205807724837812
2025-08-15 00:00:00,1.16454,1.1653,1.16445,1.16519,3803,8,0,3337.08,0.0003491645390580987,1.0780035148234701,-0.00020227505267023105,-0.002855934006685262,0.6730037072725847,0.5957264255877738,0.6008316666678548,-0.006978065959833746
2025-08-15 04:00:00,1.1652,1.16644,1.1648100000000001,1.16626,6400,8,0,3345.34,0.0003486222626100785,0.4006214763284957,-0.0015569126860166538,-0.0027477533630081196,0.65526590880566,0.5970562001326266,0.5997511248401195,-0.00023908144907258677
2025-08-15 08:00:00,1.16626,1.16849,1.1661,1.16819,10105,8,0,3341.3,0.0003496214048424266,1.526349917584067,0.0028625125966291742,-0.0027206971689674514,0.7106339537734616,0.5978233567402876,0.5987585546004872,-0.002760740773902759
2025-08-15 12:00:00,1.16819,1.16997,1.1673,1.16937,11965,8,0,3342.62,0.000349836355912428,1.7494629141847413,0.0006150538402214245,-0.0026325991238446284,0.7089035203922947,0.6586693295566988,0.6011060246892544,0.002486256609273818
2025-08-15 16:00:00,1.16937,1.17149,1.16814,1.17035,17284,8,0,3338.24,0.0003505889330904908,2.5023009063164654,0.002148407466325053,-0.002979802357836239,0.702333929314492,0.6610065301734669,0.6037541307329757,0.000893483566498432
2025-08-15 20:00:00,1.17036,1.17078,1.16984,1.17024,6890,8,0,3335.18,0.00035087761380195374,2.4102131581761546,0.0008226617125276503,-0.003108604810295106,0.6707930782521873,0.6603864017562385,0.6064168526315169,-0.0005693600393158471
2025-08-18 00:00:00,1.17087,1.17147,1.16999,1.17013,5642,8,0,3340.53,0.00035028273956527853,1.4720879725986247,-0.0016981091347421096,-0.002870045387736245,0.5825219880716044,0.6652708240717571,0.609388916090756,-0.0014378209688701293
2025-08-18 04:00:00,1.17014,1.1710099999999999,1.16933,1.17082,7390,8,0,3357.53,0.0003487146801368863,-0.38192612554764716,-0.004499334751360662,-0.0024795128163400708,0.5153815973300468,0.6632960922799923,0.6125163457311097,0.004857390835902198
2025-08-18 08:00:00,1.17082,1.17087,1.16708,1.16815,13355,8,0,3348.72,0.00034883477866169763,-0.21251303637320884,0.000343499711318751,-0.0019177159023094587,0.5443394331096499,0.6553664598201445,0.6152728565181459,0.0018249157846239594
2025-08-18 12:00:00,1.16815,1.16883,1.1666,1.1676199999999999,13118,8,0,3344.48,0.0003491185475769028,0.09300574699132762,0.000812446570667591,-0.0015194282123431099,0.5541464535777294,0.6541405096813901,0.6180990754109252,0.0018692484662576891
2025-08-18 16:00:00,1.1676199999999999,1.16843,1.16557,1.16574,16415,8,0,3334.16,0.0003496352904479689,0.6444332293806252,0.001475568601937205,-0.001508227446433944,0.5148630382098284,0.6558022600499049,0.6211607234372318,-0.0003058305698643293
2025-08-18 20:00:00,1.16574,1.1670099999999999,1.16565,1.16611,7814,8,0,3332.69,0.00034990053080244485,0.8679573211327771,0.0007582856185412989,-0.0017881835896368951,0.5079801008886792,0.6574964955979332,0.6243230746543892,-0.0023469329717140663
2025-08-19 00:00:00,1.16567,1.16748,1.16555,1.16582,5392,8,0,3335.11,0.0003495596846880613,0.41110372326881495,-0.0009748302343191018,-0.0017801632802330852,0.500268348686699,0.6565460531501419,0.627418846659155,-0.006677527825514562
2025-08-19 04:00:00,1.16582,1.1662,1.16389,1.16604,10702,8,0,3337.58,0.00034936690656104123,0.1464880748339598,-0.0005518968804614222,-0.00176352753320308,0.49947365575333647,0.6670818201772081,0.631058528272137,-0.003326644210325136
2025-08-19 08:00:00,1.16604,1.16842,1.16507,1.16747,13830,8,0,3337.96,0.0003497555393114357,0.544131941522756,0.0011125180744286922,-0.0016730464388436978,0.5568219575617873,0.6661435009816442,0.6346391735022772,-0.0019494809357508691
2025-08-19 12:00:00,1.16748,1.16927,1.16723,1.16751,13382,8,0,3334.68,0.0003501115549318076,0.9399192295751856,0.0010168982234589619,-0.0015370959020506814,0.5684603138166162,0.675703549648807,0.6387666983793098,0.00015596132159223508
2025-08-19 16:00:00,1.16751,1.16779,1.1654,1.16562,16817,8,0,3317.34,0.00035137188229123335,2.228750947388019,0.0035810694234031937,-0.0019105485723261006,0.49099365161615754,0.6742906274389417,0.6420548902509821,-0.004605888936564773
2025-08-19 20:00:00,1.16562,1.16606,1.1642000000000001,1.16466,8105,8,0,3315.55,0.0003512720363137338,1.8927867421898523,-0.0002840070783778348,-0.002843171055467745,0.5029535226978005,0.6794917797745047,0.6464181536085356,-0.005864874022146194
2025-08-20 00:00:00,1.16404,1.1649,1.16312,1.1638600000000001,5986,8,0,3316.05,0.0003509778199966828,1.3671624171043777,-0.0008377002886307272,-0.0035460416463679026,0.49222929062352544,0.6863888901079708,0.6512054408010862,-0.006450781704108843
2025-08-20 04:00:00,1.1638600000000001,1.16421,1.16217,1.16342,10484,8,0,3318.57,0.00035057871312041026,0.8031581835635471,-0.001137992633471252,-0.003992149182296257,0.4741101323683143,0.6998683887845197,0.6563777747755977,-0.005808937195173058
2025-08-20 08:00:00,1.16343,1.16466,1.16228,1.16377,14807,8,0,3324.95,0.0003500112783650882,0.07286159825013526,-0.0016216776312150127,-0.003917608079517679,0.46309779113083577,0.6970593524612311,0.6614444211192705,-0.0029178212002350934
2025-08-20 12:00:00,1.16377,1.16734,1.16347,1.16707,14384,8,0,3342.92,0.0003491169396814761,-1.1039155880643203,-0.0025689807025619515,-0.0034610623992342607,0.48318291553400883,0.6846927792623456,0.6658262500757564,0.0077109973653590735
2025-08-20 16:00:00,1.16707,1.16717,1.16458,1.16596,18887,8,0,3345.24,0.000348543004388325,-1.6432507746036564,-0.0016451038070217638,-0.0030309609622649987,0.4668501336529195,0.6927755345289061,0.6705738589651873,0.008954773717784192
2025-08-20 20:00:00,1.16596,1.16722,1.16465,1.16503,9457,8,0,3348.08,0.00034796958256672484,-1.9645630838075139,-0.0016465934787325276,-0.0026389570519076097,0.4572963791791401,0.6907361084487686,0.6721771979097909,0.009659082341942904
2025-08-21 00:00:00,1.16492,1.16557,1.16409,1.16464,5875,8,0,3342.36,0.00034844840172812023,-1.3042127426394652,0.001373686525052098,-0.0022353465965564865,0.4441383708713709,0.6891828350178176,0.6735860131520084,0.0071687503955015774
2025-08-21 04:00:00,1.16465,1.16503,1.16411,1.1645,8739,8,0,3338.37,0.0003488229285549535,-0.8327172994740137,0.0010735584583179136,-0.0019039360296670672,0.44287566968092396,0.7031756542161173,0.6757254757750023,0.004036150919562775
2025-08-21 08:00:00,1.16452,1.1661,1.16248,1.16546,13900,8,0,3339.53,0.00034898922902324575,-0.5934558463857295,0.0004769131840929308,-0.0011730826282083545,0.4581516673819772,0.7089103257409147,0.6779074508584603,-0.0010140834958658473
2025-08-21 12:00:00,1.16547,1.16626,1.16365,1.16464,15166,8,0,3341.8,0.000348506792746424,-1.076522592713845,-0.0013833212207048362,-0.00029909029200264544,0.518909815798806,0.7105267528692712,0.6802689838879241,-0.0010283268166109139
2025-08-21 16:00:00,1.16464,1.16496,1.16008,1.1610800000000001,22718,8,0,3339.81,0.0003476485189277235,-1.7606443982487427,-0.002461251101142259,0.0003582094442428751,0.5785916628963598,0.709080243303753,0.6829546730621046,-0.00247007239970376
2025-08-21 20:00:00,1.1610800000000001,1.16184,1.16031,1.16061,7820,8,0,3338.71,0.00034762228525388547,-1.5942819367680885,-7.543548177535442e-05,0.0009272570213023384,0.5831676966475743,0.704368938268501,0.6854660944914601,-0.0010920427482378203
2025-08-22 00:00:00,1.16002,1.16163,1.16002,1.16147,5388,8,0,3339.5,0.0003477975744871987,-1.2931702221173118,0.000504371317367136,0.0013390614184302185,0.610947215473826,0.7040870428205263,0.6878803336299912,0.00033848854381024474
2025-08-22 04:00:00,1.16147,1.16156,1.15827,1.15844,9395,8,0,3328.41,0.00034804606403658205,-0.9825576380281527,0.0007120933825781606,0.0010735482447844123,0.6224521917983906,0.7039795272076433,0.6902044852104767,-0.003329809883426793
2025-08-22 08:00:00,1.15844,1.15993,1.1583,1.15993,11845,8,0,3328.74,0.0003484591767455554,-0.5882280627907781,0.0011870660533717103,0.0007045982026753814,0.6492632404501478,0.6944597701857799,0.6921001710622586,-0.003908073493327113
2025-08-22 12:00:00,1.15993,1.16136,1.15931,1.16086,12008,8,0,3323.54,0.0003492841969706999,0.0971866779323506,0.0023639251671022654,0.0001596940749200557,0.6529939137574816,0.7032699190866905,0.6939095760077327,-0.004871534608256178
2025-08-22 16:00:00,1.16086,1.17321,1.15972,1.17216,33492,8,0,3370.63,0.0003477569475142629,-1.0561278301926829,-0.004434464823794615,0.00068332542114417,0.6787240810506918,0.6738917670934023,0.6942969893133206,0.009560578786417473
2025-08-22 20:00:00,1.17216,1.17422,1.17147,1.17219,11975,8,0,3371.81,0.0003476441436498498,-1.036533495442627,-0.00032448914658989025,0.001319114578418185,0.6814957884910673,0.737803192893081,0.6974019714755343,0.009675101063033376
2025-08-25 00:00:00,1.17183,1.17255,1.16951,1.16976,5131,8,0,3364.86,0.0003476400206843672,-0.97443121612538,-1.1835284069783292e-05,0.001834570557733411,0.7224414141477123,0.7430125157118208,0.7008380658891783,0.010951174885305726
2025-08-25 04:00:00,1.16976,1.17075,1.16932,1.17057,6358,8,0,3366.03,0.00034775982388748764,-0.8212076955828626,0.00034473838718995786,0.002475237146167517,0.7221976685383719,0.7450211145500587,0.704114532627956,0.011202436958128503
2025-08-25 08:00:00,1.17057,1.17202,1.16938,1.17038,10599,8,0,3363.97,0.00034791630127498167,-0.613189246576934,0.00044968283589041924,0.0030461125158122732,0.7180029000513943,0.7461111764517224,0.7071006469451435,0.012164740006137986
2025-08-25 12:00:00,1.17036,1.17044,1.16849,1.16996,11339,8,0,3364.54,0.0003477325280721882,-0.8180972423429433,-0.0005283004594462959,0.0036186364367149053,0.7175167948658568,0.7488106913040429,0.7095477620711197,-0.0018067838949988868
2025-08-25 16:00:00,1.16996,1.17087,1.16511,1.16545,17829,8,0,3373.77,0.00034544441381599816,-3.1907100940996087,-0.006598149709482581,0.004247673904737394,0.7576330655132157,0.7479701938171497,0.7120933041389157,0.0005812901675954496
2025-08-25 20:00:00,1.16546,1.16557,1.16025,1.16193,13855,8,0,3365.55,0.0003452422338102241,-2.6357259500260444,-0.0005838490869902735,0.005029719984730245,0.7816534461738808,0.7161778294011623,0.7136675566458565,0.00020506053743685193
2025-08-26 00:00:00,1.16149,1.16597,1.16098,1.16475,11488,8,0,3383.17,0.0003442777040467963,-2.671511293908779,-0.002808403397567716,0.006175888884835431,0.7616000525906058,0.7195453689252993,0.7150060483656762,0.005092052061330454
2025-08-26 04:00:00,1.16474,1.165,1.16233,1.16317,11601,8,0,3377.4,0.0003443980576775034,-2.1152587301850194,0.0003489867802962676,0.007386624505399667,0.7575286150864183,0.7247181150665654,0.716705148696566,0.003992306709037274
2025-08-26 08:00:00,1.16316,1.16443,1.16018,1.16178,18989,8,0,3376.78,0.00034404965677361273,-1.9757479261927648,-0.0010114370248888171,0.007180885446660291,0.7667231834521946,0.633597741351916,0.7139258940132709,0.0036379415908267543
2025-08-26 12:00:00,1.16177,1.16604,1.16173,1.16458,16646,8,0,3372.09,0.00034535851652832514,-1.0558765922932238,0.003798991969450549,0.006814113132338725,0.7807549249840083,0.636538168652575,0.7105940197350937,-0.0004979592562622814
2025-08-26 16:00:00,1.1645699999999999,1.16651,1.16368,1.1648399999999999,19515,8,0,3383.04,0.0003443175368898978,-1.508936717892845,-0.0030239878376627782,0.006698620387665423,0.7688597431535953,0.6096392394976023,0.7056304654229282,0.005196773187146064
2025-08-26 20:00:00,1.1648399999999999,1.16526,1.16331,1.16404,9657,8,0,3393.17,0.0003430538405090225,-1.9256484102031366,-0.003681137880476859,0.006731230673374683,0.7614371334555432,0.5992725639617318,0.7000677559775512,0.0029558077187963328
2025-08-27 00:00:00,1.16394,1.16474,1.16334,1.16367,5043,8,0,3389.61,0.0003433049819890784,-1.5668085395174276,0.0007313079208722817,0.006759692202078553,0.7363098798366375,0.5880276162607943,0.6940151246254033,0.003615206963936801
2025-08-27 04:00:00,1.16367,1.16406,1.1611799999999999,1.1614,8076,8,0,3375.06,0.0003441124009647236,-1.041804095159506,0.002341804367167022,0.006508366708554421,0.7158830682778763,0.5894688656962545,0.688270120996791,-0.0005093609888711104
2025-08-27 08:00:00,1.1614,1.16237,1.15768,1.15885,14297,8,0,3384.56,0.00034239310279622756,-1.6617309096319852,-0.005010390743210746,0.0062342064669075326,0.719685555013582,0.5929112172355615,0.6827113297175427,0.003698003315451226
2025-08-27 12:00:00,1.15885,1.1598,1.15737,1.15862,14767,8,0,3381.17,0.00034266836627557917,-1.3688970512724763,0.0008031346753067936,0.006317248165632401,0.720715452302456,0.5732918317440087,0.676176944944361,-0.000552757283390104
2025-08-27 16:00:00,1.15862,1.16405,1.15818,1.16378,19972,8,0,3395.57,0.0003427347985757914,-1.2142220546936051,0.00019469327789245483,0.0061839175115453015,0.7481177102892673,0.5733754373120485,0.6701227283006743,0.0007073032002522517
2025-08-27 20:00:00,1.16378,1.16427,1.16275,1.1637,9802,8,0,3397.03,0.0003425639455642134,-1.2073494879820248,-0.0004987135076395255,0.006279420849627415,0.755432874147913,0.5895375450455894,0.6644361095986193,0.002189042397207963
2025-08-28 00:00:00,1.16326,1.16491,1.16307,1.16452,5260,8,0,3391.96,0.0003433177278033939,-0.7547634329383429,0.0021971291604456766,0.006236122003744314,0.7807255384660067,0.5869892068330315,0.6600909815856009,0.0050073183884138395
2025-08-28 04:00:00,1.16453,1.16545,1.16384,1.1639599999999999,7945,8,0,3390.25,0.0003433257134429614,-0.6730017772447855,2.3248475375048372e-05,0.006258658619574577,0.7779957068207609,0.5815720605513458,0.652279424968514,0.0016811638735907408
2025-08-28 08:00:00,1.1639599999999999,1.16495,1.16287,1.16421,12979,8,0,3400.65,0.0003423492567597371,-1.1042365925399125,-0.0028528363687814196,0.006172854163686025,0.7586775508933463,0.5818301788086594,0.644220308123356,0.005761319306630597
2025-08-28 12:00:00,1.16421,1.16867,1.16421,1.16694,17674,8,0,3397.24,0.00034349648538225153,-0.38080335514943936,0.003347687243324571,0.005741994699423298,0.7821619554400074,0.562989265369133,0.6351187156643097,0.0004918172795729259
2025-08-28 16:00:00,1.16694,1.16899,1.16582,1.16889,20255,8,0,3415.58,0.00034222298994607064,-1.1662077728415705,-0.0037274628874754967,0.005758841093751033,0.7362904447524327,0.5528574334015105,0.6254560285117992,0.0054606523934142
2025-08-28 20:00:00,1.16889,1.16973,1.16776,1.16819,7933,8,0,3417.03,0.0003418729130268098,-1.5253077954453667,-0.0010233840099769242,0.0062242607844912685,0.7378584027062692,0.557491720681198,0.6158900799806568,0.007391006969421854
2025-08-29 00:00:00,1.16802,1.16819,1.1672500000000001,1.16746,5493,8,0,3413.56,0.0003420065855001816,-1.3020191765791902,0.0003906034191381025,0.006347380643641182,0.6682661260322176,0.5664030351496869,0.6068117220472837,0.006875599144605893
2025-08-29 04:00:00,1.16747,1.16763,1.16559,1.16643,8519,8,0,3408.88,0.0003421739691628922,-1.0635575146440497,0.0004887454988957707,0.0063685683877047015,0.6310464329032875,0.5661304295565088,0.599309352055051,0.0024201255642304353
2025-08-29 08:00:00,1.16643,1.16899,1.1661,1.16755,13548,8,0,3410.38,0.00034235187867627656,-0.7935248338041114,0.0005201675593524691,0.0059969140715500965,0.6606802120610227,0.5773425809593984,0.592199212656756,0.0038678456629499536
2025-08-29 12:00:00,1.16755,1.16824,1.16506,1.16583,15055,8,0,3416.51,0.0003412341834210934,-1.7402928154022705,-0.0032706239700962536,0.005651604611076468,0.6723889224950973,0.5756645334099092,0.5847465335739231,0.00027228172082049973
2025-08-29 16:00:00,1.16583,1.17087,1.16532,1.17013,22276,8,0,3449.27,0.0003392398971376552,-2.7702309659871256,-0.0059003729950979356,0.006564625659685568,0.5663393440445433,0.5834043383419,0.5822368634234223,0.009435094219248708
2025-08-29 20:00:00,1.17013,1.17028,1.16806,1.16854,7850,8,0,3448.08,0.0003388958492842393,-2.5645430896235792,-0.0010138228422535978,0.007515027500138514,0.5631800973395301,0.6072523593074832,0.5807725729561678,0.010112609709511444
2025-09-01 00:00:00,1.1693500000000001,1.16978,1.16851,1.16967,4436,8,0,3443.99,0.0003396264216795055,-1.7860129236545266,0.002153186047180733,0.008008865158918004,0.5664199542219082,0.6056011649688589,0.5805706692297307,0.010299570533430336
2025-09-01 04:00:00,1.16967,1.17142,1.16878,1.17081,9159,8,0,3475.08,0.00033691598466797885,-2.7148669183612135,-0.008052686185005875,0.00922113239436957,0.48973301867005453,0.6022898802914719,0.5807215350462177,0.01897149291281308
2025-09-01 08:00:00,1.17081,1.17362,1.1708,1.17351,14076,8,0,3476.82,0.00033752394429392376,-1.996333654065906,0.0018053878824726421,0.009905279618575168,0.5086278390962055,0.5985005397437496,0.5812451812203654,0.017652516749548486
2025-09-01 12:00:00,1.17351,1.17358,1.1706,1.17074,13158,8,0,3469.39,0.0003374483698863489,-1.7783073236956657,-0.00022342979088052495,0.010406308381578435,0.5401153151095597,0.6023667257838423,0.5818900742247448,0.005833118311990626
2025-09-01 16:00:00,1.17074,1.1716,1.16962,1.17046,11794,8,0,3477.35,0.00033659539591930637,-1.8547301617476086,-0.0025335164291773182,0.011254131214469953,0.5129950047248194,0.603978042584167,0.582443415492175,0.00848878216282678
2025-09-01 20:00:00,1.17046,1.17135,1.17009,1.17111,4292,8,0,3476.42,0.00033687241472549347,-1.5279055523019056,0.0008227822550149755,0.01213805373314153,0.5142016879359123,0.6053879680342412,0.5840482223066867,0.009416403648094374
2025-09-02 00:00:00,1.17053,1.17182,1.17029,1.1703999999999999,5453,8,0,3479.23,0.0003363962715888285,-1.5180962488367256,-0.001414565229038045,0.01320480488743757,0.44779157999624564,0.6088326362379002,0.5858210822529792,0.0011942171115484346
2025-09-02 04:00:00,1.17041,1.17066,1.16894,1.16932,10033,8,0,3496.67,0.0003344095954150663,-1.935727342530922,-0.005935364812465149,0.014370811136813195,0.44133798851262446,0.6097823747151878,0.5868333237364591,0.005709240052691911
2025-09-02 08:00:00,1.16932,1.17063,1.16336,1.16448,21977,8,0,3477.56,0.0003348554733778856,-1.5774999227385664,0.0013260419460728867,0.014201797022877482,0.4849551392124982,0.5936820661647519,0.5871679667030453,0.002354880829194883
2025-09-02 12:00:00,1.16449,1.16528,1.16127,1.16171,23826,8,0,3482.07,0.0003336262625392367,-1.7525161763839054,-0.0036756304830777298,0.014108696958891805,0.5089120847330949,0.6093770924015846,0.5885582182955571,0.0013573554574604074
2025-09-02 16:00:00,1.16171,1.1682299999999999,1.16149,1.16438,25290,8,0,3527.86,0.00033005277987221716,-2.343925459484734,-0.01085188778754742,0.015126070824996524,0.4294918459999285,0.601104216280998,0.589521920169174,0.014796831222924745
2025-09-02 20:00:00,1.16438,1.16479,1.16293,1.16416,9563,8,0,3533.55,0.00032945904260587796,-2.1276029751621155,-0.0018018175488009325,0.01544524753929202,0.41630493692134857,0.6105641627288472,0.5919006650371598,0.015612649925414557
2025-09-03 00:00:00,1.16371,1.1644,1.16285,1.16327,5047,8,0,3536.14,0.00032896604772435483,-1.9309789513267297,-0.0014974736465340754,0.015727748709355113,0.41256024770325694,0.6224117546165229,0.5953783810979104,0.011287882471036736
2025-09-03 04:00:00,1.16327,1.16353,1.16216,1.16316,8459,8,0,3536.9,0.00032886425966241624,-1.7121287100133928,-0.0003094846392245332,0.0160966281214717,0.411821010940733,0.6188414080085646,0.5984458654642787,0.017063688333199156
2025-09-03 08:00:00,1.16317,1.16573,1.16077,1.16561,16427,8,0,3540.12,0.0003292572003208931,-1.4558437228805607,0.001195929265008333,0.016388684261677774,0.43184472467961804,0.6178082126182632,0.6010161243377076,0.016671118041854394
2025-09-03 12:00:00,1.16561,1.16645,1.16393,1.16466,16066,8,0,3550.43,0.0003280335058007059,-1.5555736648439782,-0.0037273545485267956,0.016870659530169984,0.4376696939776019,0.6137073230384555,0.6033949690118049,0.006397646165097193
2025-09-03 16:00:00,1.16467,1.16819,1.16383,1.16749,23189,8,0,3572.43,0.00032680556371993293,-1.6514876878247835,-0.003766538841907252,0.017830699588089492,0.445835848014717,0.6099497091170447,0.6050253254196872,0.011003098866578798
2025-09-03 20:00:00,1.16749,1.16769,1.16553,1.16611,9117,8,0,3559.19,0.0003276335345963548,-1.3419084277067774,0.0025241378201542597,0.0180469813806187,0.42352519396494503,0.6211028956683311,0.6072972435326083,0.0065184070766428626
2025-09-04 00:00:00,1.1657899999999999,1.1663000000000001,1.16545,1.16586,5266,8,0,3561.44,0.0003273563502403522,-1.271166007076385,-0.0008465543154950739,0.018805820065163188,0.41040433327407977,0.6251369759566414,0.6093838754133454,0.006938279284118831
2025-09-04 04:00:00,1.16586,1.1669100000000001,1.16501,1.16514,8590,8,0,3533.06,0.00032978211522023405,-0.6454276407155508,0.007351116960716886,0.018877425110324586,0.3627226596901912,0.6233733794278834,0.6101899264193653,-0.001994282679683157
2025-09-04 08:00:00,1.16514,1.16611,1.16438,1.16573,13274,8,0,3541.18,0.000329192529043991,-0.7093564207045605,-0.0017919140837909797,0.017889867925280915,0.3623060880982984,0.6158282898399836,0.6107012826629216,-0.0026053182290596277
2025-09-04 12:00:00,1.16573,1.16596,1.16295,1.16455,17266,8,0,3548.42,0.0003281883204355741,-0.8725532047294415,-0.003056757491253226,0.01684592220518842,0.3888761023763721,0.629412440028485,0.6120574106497723,-0.006720915455306287
2025-09-04 16:00:00,1.16455,1.16553,1.16312,1.16393,20421,8,0,3552.38,0.0003276479430691536,-0.9262264758643609,-0.00164838413887336,0.01598356819807455,0.3630809100531731,0.6251206235873927,0.6133884148419544,-0.0019133566907076904
2025-09-04 20:00:00,1.16393,1.16523,1.16341,1.16504,7031,8,0,3545.72,0.00032857642453436824,-0.6012755256413913,0.002828465028688054,0.014989792270026805,0.354070873329979,0.6275504523203458,0.6146476011687796,-0.004413944921155544
2025-09-05 00:00:00,1.1646,1.16604,1.16442,1.16592,5588,8,0,3552.27,0.0003282182942175004,-0.6330531700125376,-0.0010919587144648801,0.013996830378423593,0.3582713360692363,0.6207988178113201,0.6154886399301372,0.005437213067426061
2025-09-05 04:00:00,1.16592,1.16742,1.16592,1.16667,6942,8,0,3558.36,0.0003278673321417732,-0.6847898138231017,-0.0010711278747979058,0.01278249656674954,0.35963004406731247,0.620393977966033,0.6162389404267268,0.004851490181239093
2025-09-05 08:00:00,1.16667,1.16841,1.16647,1.1683,11498,8,0,3546.09,0.00032946146318903354,0.02139500467838519,0.004845356583592086,0.010728049566844497,0.3577985270437183,0.6202467726061824,0.616809647245141,-0.0006566302748828301
2025-09-05 12:00:00,1.1683,1.17494,1.16775,1.1734,20921,8,0,3580.33,0.00032773515290489985,-0.679514450117401,-0.00529038817049754,0.009759987415638419,0.3898386696173983,0.6055931864500192,0.6166001878318825,0.007867964575861697
2025-09-05 16:00:00,1.17339,1.17593,1.17136,1.17386,30660,8,0,3595.28,0.0003265003003938497,-1.4183840706338455,-0.003783569572122447,0.009325489447196071,0.3425712812368323,0.6296388834979867,0.6183980286985442,0.013977415024311046
2025-09-05 20:00:00,1.17386,1.1739,1.17129,1.17187,10330,8,0,3586.32,0.0003267611367641482,-1.491433965912108,0.0007968945969102359,0.009516874495863036,0.32300512991179775,0.6287711456137354,0.6193677313591518,0.00958542002719387
2025-09-08 00:00:00,1.17111,1.17188,1.17035,1.1712799999999999,8367,8,0,3594.36,0.0003258660790794466,-2.045884191958594,-0.0027453211871485417,0.009589909328231625,0.38568621197974495,0.6318547521250658,0.6209052581513552,0.010117020200316906
2025-09-08 04:00:00,1.1712799999999999,1.17172,1.17058,1.17129,10453,8,0,3581.62,0.0003270279929194052,-0.8937968661048193,0.003552979515975996,0.009514847699081955,0.3722748466979582,0.6209223160041202,0.6214231658151188,0.010019486251053866
2025-09-08 08:00:00,1.17129,1.17425,1.17116,1.1731,14705,8,0,3611.11,0.000324858561494942,-2.3316414030248507,-0.0066883995519413375,0.00989734306624325,0.34162558175352004,0.6171537065442014,0.6211602634115028,0.00859697290473238
2025-09-08 12:00:00,1.1731,1.17412,1.17197,1.17374,13804,8,0,3624.15,0.0003238662858877254,-2.4430411956560434,-0.0030655149960736594,0.010640101295614619,0.33783927374702694,0.6096459049253506,0.6207004882573421,0.008029972630782645
2025-09-08 16:00:00,1.17374,1.17561,1.17349,1.17403,18099,8,0,3640.71,0.0003224728143686259,-2.590160468673509,-0.004322273837732871,0.011580962580560133,0.3204388355182928,0.6116666815502046,0.6203934117039391,0.015165963996520038
2025-09-08 20:00:00,1.17403,1.17654,1.17346,1.17626,8950,8,0,3635.56,0.00032354300300366386,-1.727465282526242,0.00331399963714607,0.01224291109969386,0.32097933370535336,0.6094337716240366,0.6201797341332183,0.01146240220790351
2025-09-09 00:00:00,1.17611,1.17742,1.17559,1.1771099999999999,6011,8,0,3638.58,0.0003235080718302195,-1.5479741034740246,-0.00010805423041770901,0.013330230870763161,0.31567847800359705,0.5979423732480209,0.619579367339767,0.015903418006377068
2025-09-09 04:00:00,1.1771099999999999,1.17776,1.17631,1.17727,8210,8,0,3654.87,0.0003221099519271547,-1.870909417945582,-0.004341095131393136,0.013921934659376066,0.30899691825632647,0.605831640384105,0.6188158045755557,0.012118157574817712
2025-09-09 08:00:00,1.17727,1.17798,1.1743999999999999,1.17593,17603,8,0,3648.17,0.0003223342113991398,-1.5585060923851353,0.0006949439618029185,0.013788358108764524,0.3148759417037121,0.6045966223174495,0.6177887868935962,0.006627760992232723
2025-09-09 12:00:00,1.17593,1.1772,1.1727400000000001,1.17371,16171,8,0,3647.51,0.0003217839018947172,-1.5876549088508336,-0.0017069548531600809,0.013936017171055802,0.3887779183810494,0.6109434996697454,0.6171672929056892,0.0018677675508349534
2025-09-09 16:00:00,1.17371,1.1762299999999999,1.17154,1.17187,24755,8,0,3645.16,0.00032148657397754833,-1.5219096197314883,-0.0009234034220951814,0.01424746310913923,0.40349333283456046,0.6109190610929879,0.6169218314683395,0.0026405835689686796
2025-09-09 20:00:00,1.17187,1.17235,1.17033,1.17095,9779,8,0,3626.0,0.0003229316050744622,-0.8798592020509229,0.004471215030173781,0.014613572546122014,0.37061498182409,0.612070762576947,0.6160547475957625,-0.0034573927191376974
2025-09-10 00:00:00,1.1703999999999999,1.17137,1.16957,1.16968,6151,8,0,3623.88,0.0003227700696491054,-0.851617752542876,-0.0004999231369761103,0.014142407991705176,0.37436494986182317,0.6108560792241251,0.6153415203775991,-0.008479097751766806
2025-09-10 04:00:00,1.16968,1.17153,1.16891,1.17146,9852,8,0,3642.94,0.00032156994076213167,-1.195890789707804,-0.0037377723202176583,0.013667461065603357,0.3747635711084799,0.6072058885027432,0.614324292186719,-0.0014335954738950996
2025-09-10 08:00:00,1.17145,1.17182,1.1682299999999999,1.16997,16005,8,0,3645.86,0.0003209037099614357,-1.3217634545807757,-0.00207346749101589,0.012816827514122796,0.3833808058782561,0.6103484894934937,0.6138017757708276,-0.00045236339310927853
2025-09-10 12:00:00,1.16997,1.17271,1.1690800000000001,1.17,18885,8,0,3644.16,0.0003210616438356164,-1.1495687742387215,0.0004919239868839131,0.012176349728096496,0.380694566327858,0.6051860359605682,0.6130413786705545,-0.00027433638029605856
2025-09-10 16:00:00,1.17,1.173,1.16956,1.17054,20905,8,0,3642.89,0.00032132180768565616,-1.0050106751893575,0.0008100412715139615,0.011635758493594536,0.3868666464684723,0.6058414392607571,0.6123211120032831,0.00465802537231097
2025-09-10 20:00:00,1.17054,1.17118,1.1693,1.16947,8242,8,0,3640.28,0.0003212582548595163,-0.9679498639443797,-0.00019764389251153425,0.010471866336394572,0.33392083449884064,0.6045104664237956,0.612266976001972,0.004525536165656652
2025-09-11 00:00:00,1.16926,1.17065,1.1692,1.16936,4727,8,0,3643.97,0.000320902751669196,-1.0570071212324732,-0.001107717992279822,0.009584437408888667,0.3411185647446272,0.6054740886041993,0.6110587362572827,0.0002827386671204746
2025-09-11 04:00:00,1.16936,1.17024,1.16927,1.16993,6006,8,0,3630.62,0.00032223972764982287,-0.2684659008759736,0.004151032816911648,0.008206707845061317,0.3190587946916415,0.608285824999314,0.6100344702265615,-0.004180083711387783
2025-09-11 08:00:00,1.16992,1.16994,1.16834,1.16916,13761,8,0,3626.27,0.0003224139404953299,-0.06929296852883166,0.0005399834308691398,0.0068919569440269324,0.32014019167706004,0.6008344814859732,0.6084834566946069,-0.004909224622409503
2025-09-11 12:00:00,1.16915,1.17208,1.16599,1.17146,21616,8,0,3628.87,0.00032281674460644776,0.4740339884941933,0.0012502341464917244,0.006224322582828729,0.36368950194439154,0.5973738051112693,0.6073060311499644,-0.0038485927381831653
2025-09-11 16:00:00,1.17146,1.17458,1.17138,1.17361,26490,8,0,3636.23,0.0003227546112319628,0.6136084122845379,-0.000192862957594242,0.005788248858670089,0.4420543128653779,0.5927624175132296,0.6060864666984158,-0.001112551781731086
2025-09-11 20:00:00,1.17361,1.17391,1.17273,1.17357,9261,8,0,3633.96,0.00032294521678829705,0.9490677591296032,0.0005901900695260975,0.004723019034425056,0.4578734302129979,0.5925016170059857,0.6052292523024476,-0.0027470039544781333
2025-09-12 00:00:00,1.17278,1.17403,1.17268,1.17326,5916,8,0,3636.56,0.0003226290780297864,0.556707049924795,-0.0009796241925488225,0.003687161004711772,0.4995528231437368,0.5922901482625416,0.6042604256380644,0.001636084194986065
2025-09-12 04:00:00,1.17326,1.17343,1.17207,1.17254,6996,8,0,3654.83,0.0003208192993928582,-1.473638672508489,-0.005637653423456124,0.0030913580410330435,0.4210957749629342,0.5922267688695224,0.6034000755003387,0.007875861422343089
2025-09-12 08:00:00,1.17255,1.17473,1.17155,1.1717,14723,8,0,3641.11,0.0003217974738472608,-0.19512269839362972,0.0030375431010200016,0.0021669298257857646,0.39344174947409033,0.5756757330018069,0.602286743488028,0.0033729508083784054
2025-09-12 12:00:00,1.1717,1.17352,1.1700599999999999,1.17121,16142,8,0,3645.46,0.00032127907040538096,-0.8219405078738136,-0.0016128864139587362,0.0017104601683987182,0.4215472018879755,0.5763472103591065,0.600812521986778,0.0025383432841157294
2025-09-12 16:00:00,1.17121,1.17316,1.1703000000000001,1.17268,18082,8,0,3649.11,0.0003213605509288566,-0.6482161684052317,0.00025386684968564666,0.001357233760533616,0.43688098069477704,0.5765025171247452,0.5994078167271428,0.004169005712776119
2025-09-12 20:00:00,1.1727,1.17415,1.17265,1.17324,8021,8,0,3642.96,0.0003220567889847816,0.25118748064495305,0.002162881082829582,0.0011766242035413468,0.40326835891684243,0.575570362929528,0.597639159890132,0.0017599049651320087
2025-09-15 00:00:00,1.17291,1.17348,1.17218,1.17266,4361,8,0,3633.44,0.00032274098375093576,1.0436322393452742,0.002118902041470694,0.0010151531428410343,0.3713369704345904,0.5727217684110136,0.5957292952560332,-0.005852529392611938
2025-09-15 04:00:00,1.17266,1.17354,1.17227,1.17337,6011,8,0,3645.81,0.000321840688351834,-0.04506883202888518,-0.002799026119249426,0.0008920765954663751,0.3935541010048892,0.5738928257227079,0.5938203984133212,0.001290815163507819
2025-09-15 08:00:00,1.17337,1.1743999999999999,1.17158,1.1737,12668,8,0,3645.5,0.0003219585790700864,0.17567715846192292,0.00036627032682701177,0.0008315367073087798,0.377577769304454,0.5745921606356609,0.592007202483898,1.0972552160870563e-05
2025-09-15 12:00:00,1.17368,1.17707,1.17358,1.17692,14254,8,0,3650.38,0.000322410269615766,0.742538110056939,0.0014048241749493595,0.0010421926422096545,0.4858147458282378,0.57611942032832,0.5904528790751769,0.00034803006760553146
2025-09-15 16:00:00,1.17692,1.17742,1.17505,1.17582,16534,8,0,3679.11,0.00031959359736458,-2.579360665889713,-0.008805056457585003,0.0018586848532468672,0.36923843238591114,0.571418712209422,0.5885063902109733,0.009923249225904263
2025-09-15 20:00:00,1.17581,1.17727,1.17577,1.17608,7993,8,0,3678.83,0.0003196885966462163,-2.116365659397242,0.00029722764305950555,0.0021207955988892394,0.3694936790694718,0.549893100829851,0.5857417434544374,0.012492293804218457
2025-09-16 00:00:00,1.17586,1.17659,1.17572,1.17617,4596,8,0,3686.36,0.0003190599941405614,-2.255579183881071,-0.001970321009409526,0.0029243418676171665,0.36745714013975694,0.5416126530564468,0.582530304144222,0.011122356897369956
2025-09-16 04:00:00,1.17618,1.17866,1.17577,1.17765,8254,8,0,3684.23,0.0003196461675845428,-1.5581869766567644,0.001836127249904007,0.00371848865876017,0.36287983845162003,0.5441649481727826,0.5795130282316713,0.010624057056645153
2025-09-16 08:00:00,1.17765,1.18035,1.17733,1.17948,16098,8,0,3694.38,0.0003192633134653176,-1.6720784024677455,-0.0012010432649625091,0.004535731554291089,0.3679279163345822,0.5442037330827127,0.576449510455597,0.012053539631490473
2025-09-16 12:00:00,1.17948,1.18211,1.17887,1.18044,19513,8,0,3689.16,0.0003199752789252838,-1.024582188119848,0.0022268749756577666,0.005419650178243305,0.3888815397878165,0.4458136433497482,0.5683259013731188,0.0027316389017995046
2025-09-16 16:00:00,1.18043,1.18716,1.1804000000000001,1.18644,23635,8,0,3689.64,0.0003215598269749894,0.18911158551327806,0.004952739542980478,0.006550832414110395,0.5451500133844465,0.44085225895389396,0.5603267902465148,0.0029384342304481503
2025-09-16 20:00:00,1.18642,1.18781,1.18577,1.18667,11183,8,0,3689.68,0.0003216186769584354,0.2888798283184415,0.00018301608755688648,0.007166957726694583,0.5339981819769613,0.40494071582794394,0.5507051357823485,0.0009006174112131671
2025-09-17 00:00:00,1.18614,1.18729,1.18534,1.18581,4945,8,0,3691.14,0.00032125847299208375,0.06797349149389953,-0.0011204153373381986,0.007797891607856356,0.5377617070248042,0.40560154799752846,0.5413470923065634,0.0018755615148891014
2025-09-17 04:00:00,1.1858,1.18591,1.18509,1.1853799999999999,6532,8,0,3680.78,0.00032204587071218597,0.7802572655294808,0.0024440996282690808,0.008281700537136769,0.5204792475985938,0.4054505541263785,0.5319945391625831,-0.0036812672221049336
2025-09-17 08:00:00,1.18539,1.18594,1.18378,1.18481,10961,8,0,3664.89,0.0003232866470753556,1.73232464046699,0.0038361613032249497,0.007717915151064519,0.4845124457650674,0.40583331633039077,0.5226716975659755,-0.006578733370198098
2025-09-17 12:00:00,1.18481,1.18497,1.18326,1.18433,11617,8,0,3678.72,0.0003219407837508699,0.5843947367662984,-0.004178774933577545,0.007397537179739114,0.4973818571820086,0.4353903920391212,0.5148298787244554,-0.0029596383386997216
2025-09-17 16:00:00,1.18433,1.18589,1.1842,1.18531,14706,8,0,3684.65,0.00032168862714233377,0.38538227880731485,-0.0007845016571754737,0.006967584172740146,0.5158377777220499,0.4213987701519891,0.5071160305819646,-0.0013632618546864927
2025-09-17 20:00:00,1.1853,1.19184,1.18076,1.1813,36328,8,0,3659.91,0.00032276749974726154,1.1552104609768918,0.0033312607128104244,0.006123051578300755,0.5207689873261252,0.4107213109837893,0.4988347356131987,-0.0084608007282303
2025-09-18 00:00:00,1.18104,1.18285,1.18093,1.18249,7000,8,0,3665.29,0.00032261840127247775,0.963953524835307,-0.00046261673464842445,0.005133043908696826,0.5176583504025695,0.436472175928377,0.49183321855338036,-0.004208347143812019
2025-09-18 04:00:00,1.18249,1.18286,1.17934,1.17949,9184,8,0,3653.59,0.0003228304215853448,1.069093380585973,0.0006550882416661574,0.003951353253366165,0.5470223596769158,0.4361112254064993,0.4848602616772289,-0.003083312186723086
2025-09-18 08:00:00,1.17949,1.18385,1.17801,1.18274,16974,8,0,3665.41,0.0003226760444261351,0.9593385897294388,-0.0004797459776162416,0.0029321990291408385,0.5699067971602075,0.46181898340892924,0.4793151224271247,-0.0036181062978427603
2025-09-18 12:00:00,1.18274,1.18479,1.1795,1.1795200000000001,20351,8,0,3663.36,0.00032197763801537386,0.433822708332347,-0.0021632092504915157,0.0018991128375442663,0.6238361482432666,0.4666177770931315,0.47395136999564585,-0.005778025049869018
2025-09-18 16:00:00,1.1795,1.1796,1.17499,1.17866,27840,8,0,3646.2,0.00032325708957270583,1.2796522291482426,0.003955114172157992,0.0005817632019083422,0.5924783314063515,0.4704716257470492,0.4687453432512153,-0.0037459937539447985
2025-09-18 20:00:00,1.17866,1.17935,1.1781,1.17859,9633,8,0,3644.08,0.00032342594015499114,1.313617513420116,0.0005220377631328654,-0.0005118499121797421,0.5671419085101788,0.4719212043340816,0.4635354324515033,-0.005786718104160982
2025-09-19 00:00:00,1.17841,1.17905,1.17751,1.17864,6335,8,0,3640.01,0.00032380130823816413,1.4144692610047647,0.0011593035546122454,-0.001222143167577444,0.679980433889418,0.46177513897596206,0.45805325378983036,-0.003716892152649809
2025-09-19 04:00:00,1.17864,1.17923,1.1770100000000001,1.17738,12393,8,0,3658.72,0.0003218010670398391,-0.017157896363215998,-0.006209124480024197,-0.0018032249939992939,0.6235735784322269,0.47674115343978435,0.454395656420327,-0.001825170990421232
2025-09-19 08:00:00,1.17738,1.1778,1.17506,1.17608,19244,8,0,3655.67,0.0003217139402626605,-0.19781594650425874,-0.0002705216204867966,-0.002726078783722107,0.6395235564512736,0.4610386228481578,0.4503669549099126,-0.002099165793151614
2025-09-19 12:00:00,1.17608,1.17685,1.1728399999999999,1.17359,16265,8,0,3649.29,0.0003215940635027635,-0.4150458432204557,-0.00037196879559575624,-0.0030505555186735875,0.6469479261426366,0.4551812951514343,0.44591777225884516,0.0008474576271186862
2025-09-19 16:00:00,1.17357,1.17676,1.17352,1.1752799999999999,20470,8,0,3668.26,0.00032039168434080457,-1.7500776310023667,-0.0037582455411580007,-0.0031431326488721495,0.608128665761186,0.45948198807433027,0.441681685008426,0.006635419639525075
2025-09-19 20:00:00,1.1752799999999999,1.1755,1.17403,1.17443,7289,8,0,3684.89,0.0003187150769765177,-2.892088442596374,-0.005256716451047638,-0.002669572041361424,0.5741772820512709,0.4692059770472323,0.4428513016933002,0.012329636457042659
2025-09-22 00:00:00,1.17401,1.17484,1.17258,1.17342,6156,8,0,3690.76,0.00031793451755194045,-2.668404301525465,-0.0024529835765881858,-0.0024980309542173467,0.43259148537408254,0.45948609803575147,0.44378299364739304,0.008757160974329992
2025-09-22 04:00:00,1.17342,1.17408,1.17261,1.17304,9167,8,0,3692.15,0.00031771190227915984,-2.2721564332050317,-0.0007004559146740474,-0.0021334839015724454,0.42969470807305205,0.45753187516999333,0.4464125516144956,0.009979018893937264
2025-09-22 08:00:00,1.17304,1.1769,1.17296,1.17622,14226,8,0,3720.32,0.0003161609753999656,-2.461769444826271,-0.00491879585283006,-0.0007931952000665372,0.4299622849404898,0.4715009382608734,0.44970752112766277,0.019464060132244887
2025-09-22 12:00:00,1.17622,1.1787,1.1761300000000001,1.1783,13918,8,0,3721.65,0.0003166068813563876,-1.9045808502949524,0.0014108805348642672,0.0006713452560066571,0.45808803321867986,0.4820176064505786,0.45353587374387283,0.01455458446238822
2025-09-22 16:00:00,1.1783,1.17899,1.17625,1.17879,17498,8,0,3737.02,0.0003154358285478804,-2.0110252433913844,-0.0037140352766253937,0.0027839451879579868,0.47340418247568905,0.47736293224576326,0.45711235453964144,0.01414696232451984
2025-09-22 20:00:00,1.17879,1.18028,1.17853,1.18017,6911,8,0,3746.76,0.00031498414630240523,-1.8549665692709372,-0.0014356628153076034,0.004559364265160729,0.4866524945559883,0.4759055883584445,0.45913811435560764,0.01517302669368914
2025-09-23 00:00:00,1.17932,1.18072,1.17913,1.18059,5253,8,0,3747.15,0.0003150634482206477,-1.5972557298620487,0.00025179099870542565,0.006491078580626664,0.48341786561838235,0.4752945575341948,0.46183290372471786,0.014896469536719747
2025-09-23 04:00:00,1.18058,1.18197,1.17962,1.17973,8513,8,0,3744.78,0.00031503319287114325,-1.426896820228251,-9.59686493339218e-05,0.008531708456273213,0.5004407189695764,0.47630691306588474,0.46511218382882263,0.006574703251333247
2025-09-23 08:00:00,1.17973,1.18052,1.17774,1.18024,17538,8,0,3774.32,0.0003127026855168613,-1.835737536424881,-0.007456011559775266,0.010679644569421493,0.44560125245851145,0.48286860278558463,0.46743200517168304,0.014152324909650238
2025-09-23 12:00:00,1.18024,1.18121,1.17841,1.17967,13644,8,0,3784.29,0.00031172822378834603,-1.8202075793992152,-0.0031244880487045767,0.012504993523551397,0.43649460783209965,0.4466234748524265,0.46795761764397936,0.012649116140668326
2025-09-23 16:00:00,1.17966,1.1809,1.17837,1.18048,20533,8,0,3779.36,0.0003123491808136827,-1.4731856912322667,0.00198938698388218,0.014084278197667393,0.38759427255072243,0.44275490196629713,0.4670044135718478,0.0087008508684836
2025-09-23 20:00:00,1.18047,1.1818,1.18025,1.18141,10310,8,0,3764.19,0.00031385503919834014,-0.9850412815447865,0.004801722242599338,0.015352216234861901,0.3244793522535779,0.4441104198571493,0.4658790457100487,0.004547456066610556
2025-09-24 00:00:00,1.18126,1.18188,1.1803,1.18036,7011,8,0,3765.08,0.00031350197074165757,-0.9810027827907679,-0.00112520715491371,0.015885922444967223,0.35489350055321994,0.43130448381308817,0.46392068861335056,0.00542087919717571
2025-09-24 04:00:00,1.18035,1.1804999999999999,1.17948,1.18029,8937,8,0,3768.24,0.00031322049550984015,-0.9709982650642689,-0.0008985955365681253,0.016344588192598656,0.3587847658831151,0.43785825034207554,0.4622175409137504,-0.0016108861993684442
2025-09-24 08:00:00,1.18029,1.18047,1.17662,1.17718,14364,8,0,3770.15,0.0003122369136506505,-1.1751423014546079,-0.0031418135766837496,0.01627628239987523,0.4124560946594782,0.4312008060457051,0.4606888242672375,-0.003736500109663865
2025-09-24 12:00:00,1.17718,1.17747,1.1739,1.17425,15804,8,0,3768.1,0.0003116292030466283,-1.2569297690661072,-0.0019452541896872733,0.016035171941573726,0.4513522246847215,0.4267189737938286,0.45818771528493973,-0.0029793404174252025
2025-09-24 16:00:00,1.17425,1.1746,1.17279,1.17324,22181,8,0,3735.67,0.0003140641437814368,-0.4139946018165515,0.0077463360057927755,0.015259740580725078,0.3646038760087423,0.4283443531766661,0.45655300180136515,-0.0075766632396345734
2025-09-24 20:00:00,1.17325,1.17403,1.17316,1.17375,8828,8,0,3736.03,0.0003141703894240678,-0.28891708580894515,0.0003383254135886915,0.014329878564720098,0.3486220868203549,0.4288544529863814,0.45523665969311244,-0.007715639508323768
2025-09-25 00:00:00,1.1736,1.17479,1.17355,1.17472,5036,8,0,3749.01,0.00031334138879330806,-0.5671514508395725,-0.002647865094546953,0.012886303022557732,0.34828471830646995,0.4401292014144294,0.45426902036011746,-0.005103178141519504
2025-09-25 04:00:00,1.17472,1.17536,1.17403,1.17516,7396,8,0,3738.21,0.00031436436155272176,0.03251613315272993,0.0032553178621014256,0.010877943357642552,0.3452417541157366,0.4161088394006127,0.45161416347778643,-0.008471811466387313
2025-09-25 08:00:00,1.17516,1.17522,1.17304,1.17423,13877,8,0,3756.39,0.0003125953375448237,-0.8703149793853179,-0.005654671783440812,0.009436370627233289,0.33444821555205273,0.4212648819130428,0.44970310267165103,-0.0031076669939757995
2025-09-25 12:00:00,1.17424,1.17538,1.16872,1.1698,17969,8,0,3738.68,0.00031289118084457617,-0.6333287586726297,0.0009419478534176129,0.008070262187484058,0.38247144025330765,0.3834030002854689,0.4459966589274248,0.0008057456895282922
2025-09-25 16:00:00,1.1698,1.1710099999999999,1.16663,1.16705,25413,8,0,3733.6,0.0003125803514034712,-0.7744056632542315,-0.0009920608662246089,0.006436934354650849,0.3959985747279357,0.4078690002223463,0.4428150620254985,-0.0006504230426416235
2025-09-25 20:00:00,1.16705,1.16719,1.16452,1.16652,12343,8,0,3749.19,0.00031113920606851077,-1.760550840800504,-0.004629731098393375,0.004980426027332005,0.3602555955825197,0.41193583439052744,0.4393109734224958,4.8012675346154055e-05
2025-09-26 00:00:00,1.16577,1.16711,1.16553,1.1671,8411,8,0,3749.65,0.000311255717200272,-1.5234664978720889,0.00037451219456885454,0.0034472079142984875,0.3714283439852669,0.4057460052470522,0.4357301270725603,0.0030602882128076825
2025-09-26 04:00:00,1.16711,1.16817,1.16653,1.1679599999999999,7292,8,0,3747.73,0.00031164464889413057,-1.1069764332297578,0.0012489169540094158,0.002104909232983787,0.36897817950447587,0.40793701213372674,0.4323316982613245,-0.0023054049233439677
2025-09-26 08:00:00,1.1679599999999999,1.16876,1.16681,1.16802,12710,8,0,3752.86,0.0003112346317208742,-1.3431474747384013,-0.0013174569752616438,0.001696358664089168,0.3652742068023669,0.4113656542268423,0.4291352530959568,0.0037927824793777543
2025-09-26 12:00:00,1.16801,1.16859,1.16612,1.16827,15623,8,0,3751.96,0.0003113759208520346,-1.1517087233315975,0.00045385453035806655,0.001205970260928211,0.3681825156401983,0.39418644642098666,0.42502922976371194,0.004917505892436225
2025-09-26 16:00:00,1.16826,1.17044,1.16777,1.16925,22432,8,0,3774.14,0.00030980567758482724,-2.154714852231279,-0.005072729698184508,0.0009335038260751523,0.39507352959152403,0.38750598710147394,0.42026109897950636,0.006654770763818263
2025-09-26 20:00:00,1.16925,1.17068,1.16906,1.16994,8423,8,0,3760.46,0.0003111161932316791,-1.0393162443863915,0.004214788684507531,0.0008544401451693055,0.3972844678216566,0.39122501974257295,0.41749117622401366,0.0028829357406692235
2025-09-29 00:00:00,1.16991,1.17232,1.16983,1.17215,6198,6,0,3787.01,0.00030951859118407397,-1.9546250602358837,-0.005171320691916836,0.0008147024967534039,0.37939175307428036,0.38411073815448116,0.4145589680334229,0.010481011172096322
2025-09-29 04:00:00,1.17214,1.1733,1.17141,1.17269,7940,6,0,3805.23,0.0003081784806700252,-2.3390137731432885,-0.004350491602076456,0.001582321880273465,0.3754748713009084,0.397786282767789,0.41224276117895486,0.013954690556002625
2025-09-29 08:00:00,1.1727,1.17332,1.17075,1.17234,13644,6,0,3818.67,0.00030700217615033505,-2.4127595894159275,-0.003830440082379094,0.0029720923789315463,0.36869082882683124,0.4026047394306807,0.4108077739598345,0.017780040298937205
2025-09-29 12:00:00,1.17234,1.17511,1.1709,1.17497,15156,6,0,3813.72,0.0003080902635746725,-1.6173010878186274,0.0035396393298399165,0.0038692874862702653,0.3949200210023534,0.39976711404315235,0.4089032171448884,0.010487157339155395
2025-09-29 16:00:00,1.17495,1.17544,1.17225,1.17292,18095,6,0,3830.27,0.00030622384322776203,-2.083302668950389,-0.006084320333421989,0.00518191372655961,0.37084013083928946,0.39197814806836717,0.40694208424602146,0.018564218207346883
2025-09-29 20:00:00,1.17291,1.17328,1.17199,1.17266,6694,6,0,3833.77,0.0003058764610292219,-1.8909401670350354,-0.0011354426996702527,0.006691798512420392,0.3462102819066808,0.3722828343869889,0.4042202772756795,0.012347472016181582
2025-09-30 00:00:00,1.17226,1.17324,1.17123,1.17205,5858,6,0,3839.02,0.0003052992690842976,-1.8333822962825375,-0.0018895941026413343,0.008159227325229949,0.4153976533925118,0.3714191365179178,0.40137401644274207,0.008879883738959204
2025-09-30 04:00:00,1.17205,1.1728399999999999,1.1712,1.1728399999999999,8538,6,0,3867.16,0.0003032819950558032,-2.1524533658554796,-0.0066559629981930435,0.010121583692857787,0.3887215136607748,0.3869125552572839,0.39927692155628713,0.012698138357071898
2025-09-30 08:00:00,1.1728399999999999,1.17612,1.17279,1.17555,15234,6,0,3816.45,0.0003080218527689345,-0.5253050564858791,0.015423612742812343,0.010866378736186849,0.303346698926158,0.33616919272205564,0.39407892112166854,0.0007158365060886407
2025-09-30 12:00:00,1.17555,1.17582,1.17327,1.17368,13256,6,0,3819.35,0.00030729836228677654,-0.6942419937046331,-0.002350613221921538,0.012112670960431674,0.31737262362528296,0.2400097146885758,0.3852739648860667,-0.0028509739522278865
2025-09-30 16:00:00,1.17368,1.17587,1.1716199999999999,1.17561,22913,7,0,3845.97,0.0003056732111794944,-1.1607070270140916,-0.005325371825432912,0.013078074216596151,0.31756597441638357,0.22982408915836647,0.37570192524833285,0.003182246196302918
2025-09-30 20:00:00,1.17561,1.1761300000000001,1.17329,1.17336,8767,6,0,3858.37,0.00030410769314503277,-1.5542826419293745,-0.005138054132429959,0.013642122753813829,0.28736050205175795,0.24719125811060821,0.3688913381395898,0.005040348839026709
2025-10-01 00:00:00,1.173,1.17424,1.1729,1.17359,5126,6,0,3860.59,0.0003039923949448141,-1.4469749355920047,-0.00037935422954760156,0.013896992885358691,0.26059877106116586,0.23609788187540004,0.3603027822222425,-0.001698921172126222
2025-10-01 04:00:00,1.17359,1.17586,1.17303,1.1757900000000001,5990,6,0,3864.97,0.0003042171090590613,-1.2321843495400355,0.0007400483219370813,0.014386784195069918,0.27080965049694844,0.2192659215543663,0.3506692865804344,0.012713385476031291
2025-10-01 08:00:00,1.1757900000000001,1.17785,1.17417,1.17494,20543,6,0,3892.99,0.0003018091492657315,-1.8239878001002785,-0.007972651065100922,0.01494526747257048,0.2669030474674813,0.21683911136713918,0.3412239418864388,0.019280767669891397
2025-10-01 12:00:00,1.17495,1.17685,1.17156,1.17489,22476,7,0,3870.41,0.000303556987502616,-1.1286927272639145,0.005757613657225158,0.014998657126278302,0.2518137509543265,0.20252146168130813,0.33095316436381783,0.006354703754839486
2025-10-01 16:00:00,1.17488,1.17631,1.1715200000000001,1.17224,26507,7,0,3870.79,0.0003028425721881063,-1.2639304893276735,-0.00235371111785021,0.014631774320775585,0.275645177571682,0.20978626984801044,0.32087419514487625,0.0032189758887821718
2025-10-01 20:00:00,1.17224,1.17415,1.1721300000000001,1.17304,8871,6,0,3865.68,0.0003034498458227272,-0.9711487095039877,0.0020025980549045475,0.013440601669728202,0.2751201199172727,0.20947444627972914,0.31163859513781333,0.001318451324797465
2025-10-02 00:00:00,1.17257,1.17372,1.17246,1.17295,6242,6,0,3856.05,0.0003041843337093658,-0.6117846772044162,0.002414429188495437,0.013530926143443138,0.27573277264290597,0.20607854876796083,0.3025672232211377,-0.0023079092463846873
2025-10-02 04:00:00,1.17296,1.17419,1.17236,1.1734,6049,6,0,3864.3,0.000303651372823021,-0.7790705135456821,-0.0017558470123213432,0.013592588445185422,0.28198403736629185,0.20142766094293962,0.293077355281156,-0.007369656741989972
2025-10-02 08:00:00,1.1734,1.17566,1.17293,1.17534,12920,6,0,3874.58,0.00030334642722566063,-0.8593048392426739,-0.001006933792927045,0.013295973003036556,0.2891900700927955,0.2014181176198596,0.28394272425442496,0.0010774052361377517
2025-10-02 12:00:00,1.17534,1.1758,1.1734,1.17373,13174,7,0,3884.39,0.0003021658484343745,-1.3520902714348508,-0.0039017037206967586,0.012689067692964866,0.3013989450523916,0.20392432618613202,0.2742496264253421,0.003513494661296468
2025-10-02 16:00:00,1.17373,1.17437,1.16828,1.17147,22871,7,0,3845.04,0.0003046704325572686,0.04585885053198464,0.008204805309477203,0.011299305563602998,0.2807118848805435,0.19081165143086537,0.26365997202535135,-0.005339293474886708
2025-10-02 20:00:00,1.17145,1.17265,1.17119,1.17159,7561,6,0,3855.99,0.0003038363688702512,-0.33616848211748834,-0.0027453893283670983,0.010124604829297931,0.260978560728456,0.21905842717271823,0.25462453768182963,-1.55599642122084e-05
2025-10-03 00:00:00,1.17126,1.17258,1.1712,1.1724,4207,6,0,3857.04,0.000303963661253189,-0.19333386035034847,0.00041906452998596855,0.008243251987042427,0.25664404697193693,0.20837238069660502,0.24544424931324155,-0.0018787361229718469
2025-10-03 04:00:00,1.1724,1.1729,1.17161,1.1718,7055,6,0,3844.09,0.00030483157262186885,0.41321473347251875,0.0028457262139445216,0.0067129052742878345,0.25426799463324556,0.20917456059367057,0.2372888356235756,-0.007869240020853763
2025-10-03 08:00:00,1.1718,1.17444,1.17146,1.17401,11300,6,0,3864.73,0.00030377542545016083,-0.24142051156144828,-0.003483293786409991,0.0055774130397811825,0.2597913636691282,0.21195923794583935,0.2293158406949717,-0.0050612837536909705
2025-10-03 12:00:00,1.17399,1.17427,1.1727,1.1739,11771,7,0,3873.92,0.0003030263918717991,-0.7330163195391273,-0.002471611110541727,0.004728259903403994,0.270133981822968,0.22630768795074702,0.22128559732964487,0.007510975178411705
2025-10-03 16:00:00,1.1739,1.17591,1.17323,1.17394,19652,7,0,3883.82,0.00030226426559418304,-1.2710906344638042,-0.0025214765137837603,0.004495306599108637,0.3119387657122666,0.22386060123035936,0.21567016775506004,0.007217342368626589
2025-10-03 20:00:00,1.17394,1.17443,1.17264,1.17413,6959,6,0,3886.26,0.00030212337826084713,-1.469600627437748,-0.0004663993117619558,0.003971851992498832,0.29958153598291276,0.22366105198392763,0.21485273461982762,0.007575757575757569
2025-10-06 00:00:00,1.17214,1.17266,1.17062,1.17159,12938,6,0,3900.48,0.0003003707236032488,-2.6722361045665863,-0.005822348836048041,0.003658697901941974,0.3221795986384843,0.22901581792321557,0.21481232105807008,0.014669271531103645
2025-10-06 04:00:00,1.1716199999999999,1.17306,1.17097,1.17201,8443,6,0,3938.63,0.000297567936058985,-3.2368169958147344,-0.009422360301354571,0.003907683671927327,0.273000629593947,0.2114017761993901,0.2130228469625092,0.019121646272831416
2025-10-06 08:00:00,1.17201,1.17252,1.16516,1.16675,21264,6,0,3942.59,0.0002959349057345552,-2.9173200857940236,-0.005493442058338682,0.005359061336550229,0.3539048046513347,0.2133320594280586,0.2118845558401421,0.017726230794647302
2025-10-06 12:00:00,1.1666400000000001,1.16895,1.16523,1.16886,17655,7,0,3934.31,0.00029709402665270405,-2.012398437351145,0.003908584546374216,0.006339083578438411,0.34831801789082834,0.1996490380500154,0.21090371166492455,0.013000087542677008
2025-10-06 16:00:00,1.16886,1.17207,1.16834,1.1712,18089,7,0,3954.11,0.00029619813308178074,-1.9921445083892038,-0.003030698054278247,0.007773110600060332,0.378042526189363,0.18811403772312715,0.20946745798272398,0.01745894510403323
2025-10-06 20:00:00,1.17119,1.17165,1.17083,1.17122,6693,6,0,3960.82,0.0002957013951656475,-1.8434050003412297,-0.0016798919680489632,0.009683394257087013,0.4052524595980802,0.20011472794629415,0.20934712129597327,0.015469890885224435
2025-10-07 00:00:00,1.17066,1.17146,1.17025,1.17085,7046,6,0,3962.83,0.0002954580438726869,-1.6668016671893326,-0.000823380581174149,0.011137576384008856,0.3867687682780922,0.2058929538796432,0.20915245549755487,0.006144268438518008
2025-10-07 04:00:00,1.17085,1.17086,1.16942,1.1698,6083,6,0,3975.97,0.00029421751170154707,-1.7473641149736385,-0.00421259657213735,0.012820710862307185,0.38868401614987974,0.2020071946748577,0.20877909291731137,0.008466515666097685
2025-10-07 08:00:00,1.1698,1.16998,1.16647,1.16655,13802,6,0,3951.39,0.0002952252245412374,-1.3210448205882543,0.0034038865084835557,0.01338679789193351,0.389788461087614,0.1977149915730043,0.20836091505756352,0.004341294915753968
2025-10-07 12:00:00,1.16655,1.16757,1.16536,1.16665,15087,7,0,3979.55,0.0002931612870801975,-1.6281600850086781,-0.007040883222392047,0.014392830857144805,0.3713667816811033,0.22454557345182086,0.20951681068300756,0.006433811907104348
2025-10-07 16:00:00,1.16665,1.16809,1.16543,1.16697,19921,7,0,3976.81,0.000293443740083132,-1.3879228636441456,0.0009628096915097473,0.015215965592574737,0.35714916476325875,0.22598648436761445,0.21074522902039533,0.004037042834564408
2025-10-07 20:00:00,1.16696,1.1679,1.16472,1.16571,10387,6,0,3984.34,0.0002925729229935196,-1.4158720045262998,-0.002973196708421111,0.015294915409429326,0.35581596278336153,0.22323726886969292,0.21171087615457335,0.0054279391243128305
2025-10-08 00:00:00,1.16531,1.16611,1.16453,1.16473,6028,6,0,3992.23,0.00029174922286541606,-1.4442506206505565,-0.002820942054557962,0.015425166183754831,0.43482650348959684,0.2187943945119662,0.21311001330862842,0.00408956808024219
2025-10-08 04:00:00,1.16472,1.16472,1.16157,1.16193,11170,6,0,4026.7,0.0002885563861226314,-1.878070552829542,-0.011038262697939283,0.016387460462922467,0.4178524426241074,0.21774326655582305,0.21304425527778367,0.019059115906048252
2025-10-08 08:00:00,1.16193,1.16353,1.16068,1.16144,16714,6,0,4036.43,0.0002877394132934301,-1.8035025318522624,-0.002838082876742254,0.01724837185744573,0.4151994489740041,0.18346178403696925,0.21179872544480186,0.014293073337437567
2025-10-08 12:00:00,1.16144,1.16376,1.16056,1.16323,16314,7,0,4039.9,0.00028793534493428053,-1.6058251203413691,0.0006815196961287295,0.017799225840572763,0.4571371049475168,0.1952106785768388,0.21110053134396028,0.015864474289694508
2025-10-08 16:00:00,1.16323,1.16443,1.15982,1.16051,19936,7,0,4056.5,0.00028608652779489705,-1.7817133776219347,-0.006447329183316364,0.01857970358399825,0.4532047310098116,0.19450431895947393,0.210227785394642,0.018110904189903465
2025-10-08 20:00:00,1.16051,1.16321,1.15993,1.16282,11926,6,0,4041.09,0.0002877490973969894,-1.3296497151674973,0.005789345540597957,0.018721098388926403,0.4475123476131566,0.17986488203638099,0.2079056450989237,0.012238773818141757
2025-10-09 00:00:00,1.16245,1.16409,1.16212,1.1637,7819,6,0,4023.07,0.0002892567119140358,-0.9343309341524393,0.005215973869639234,0.01910086724764036,0.4227573199802193,0.16460029509751722,0.20494262979228156,-0.0009014826036207735
2025-10-09 04:00:00,1.1637,1.16476,1.16364,1.16453,7760,6,0,4039.04,0.00028831851132942485,-1.0796966162118538,-0.0032563630568591684,0.0191041810879859,0.4242801076697603,0.15103951242270677,0.20131155281422056,0.0006466109904048611
2025-10-09 08:00:00,1.16453,1.1648100000000001,1.16029,1.1612,17141,6,0,4038.08,0.0002875624058958713,-1.1863324056713007,-0.0026218424850572575,0.01924915320646997,0.43403777292437334,0.15877124785936755,0.19779932431102815,-0.0004505062006485705
2025-10-09 12:00:00,1.16121,1.16271,1.16048,1.16148,17991,7,0,4053.49,0.0002865382670242187,-1.3240188734358975,-0.003575040195362922,0.019544766328965117,0.48189769081657896,0.1785406225867572,0.1961562666303965,-0.0007420189818809764
2025-10-09 16:00:00,1.16149,1.16231,1.15467,1.15578,29981,7,0,3968.53,0.00029123630160286047,-0.014838373239621405,0.01605218442536893,0.017887083384311126,0.29534313628334474,0.18099766172239146,0.19453954674511315,-0.017955551596227748
2025-10-09 20:00:00,1.15577,1.15669,1.15418,1.15641,12362,6,0,3975.86,0.0002908578269858596,-0.03590444740531675,-0.0013019450853528625,0.015579348839101727,0.28635358058877247,0.2972064011446435,0.19941741489984452,-0.01173481942894361
2025-10-10 00:00:00,1.15546,1.15704,1.15546,1.15675,5643,6,0,3990.92,0.000289845449169615,-0.26078722305896906,-0.0034938463645308726,0.013291323698960364,0.27383035291569513,0.2983176740530503,0.2049275967163407,-0.011913722072571686
2025-10-10 04:00:00,1.15675,1.15741,1.15625,1.15735,6813,6,0,3966.32,0.0002917944089231328,0.45698533787238965,0.006682686880979061,0.01040088335120525,0.2687965471667829,0.2999843518937764,0.20992107791371478,-0.017770821776685874
2025-10-10 08:00:00,1.15735,1.15893,1.15607,1.15787,15984,6,0,3992.02,0.0002900461420533965,-0.0558071396425525,-0.00603025559193382,0.007702394072495534,0.26453862719859017,0.2899834543438689,0.21412560293692612,-0.015164709916639652
2025-10-10 12:00:00,1.15786,1.15832,1.15588,1.1571799999999999,14946,7,0,3985.86,0.0002903212857451089,0.12921551575562282,0.0009471566195244918,0.005371095017117076,0.2652543215527219,0.2924495577599283,0.21864772109117964,0.004366856241479811
2025-10-10 16:00:00,1.1571799999999999,1.16306,1.15615,1.16055,30659,7,0,3983.46,0.00029134219999698755,0.7008004418228598,0.003514380723645627,0.003539298508777125,0.2848893363387526,0.26874753255881406,0.22219934814047013,0.0019115361204871117
2025-10-10 20:00:00,1.16054,1.16273,1.1596899999999999,1.16231,11620,6,0,4009.87,0.0002898622648614544,0.10828159636031341,-0.005113392358726987,0.0017716232791783863,0.29282658034662895,0.256301187367178,0.22378712883623794,0.0047482785924046755
2025-10-13 00:00:00,1.16167,1.16167,1.15917,1.16157,11270,6,0,4043.97,0.0002872350685094103,-1.1000045688472075,-0.00914067953624731,0.0007194677490924908,0.2816343540932679,0.256786008784738,0.22532710505709413,0.019577341213013577
2025-10-13 04:00:00,1.16157,1.16275,1.16096,1.16201,8926,6,0,4056.2,0.00028647749124796607,-1.3808084020125384,-0.002645458205592588,-0.00019367652402068304,0.28002004542938447,0.24352759589718237,0.22634162140846864,0.01607707376215539
2025-10-13 08:00:00,1.16201,1.16297,1.15812,1.15853,17695,6,0,4077.68,0.0002841149869533657,-2.2283557152297457,-0.008290407579974568,0.0014085087653914908,0.2925624480275117,0.2426118447597045,0.22753249392085553,0.023036433793459876
2025-10-13 12:00:00,1.15852,1.1598,1.15613,1.15684,16806,7,0,4079.67,0.0002835621508602412,-2.0748160876918122,-0.0019467677350066825,0.002788158743052523,0.2968296287765763,0.2171682393448965,0.2275037425603092,0.024152370050157357
2025-10-13 16:00:00,1.15684,1.15787,1.15572,1.1575199999999999,17760,7,0,4105.59,0.00028193755343324585,-2.2506983043607116,-0.005765646891789489,0.004384079344583725,0.2926994343305689,0.2180098422589629,0.22923114547140888,0.023871098065523455
2025-10-13 20:00:00,1.15753,1.15773,1.15649,1.15703,7608,6,0,4110.5,0.0002814815715849653,-2.0223494994481475,-0.0016192492461098995,0.006725555692826636,0.28611123068946587,0.22312162473825028,0.23062669277947948,0.016451655180429237
2025-10-14 00:00:00,1.15676,1.15738,1.15548,1.15608,6142,6,0,4124.86,0.0002802713304209113,-2.047493564409481,-0.004314560009645363,0.008676075664182966,0.27764246141859705,0.22939463347841502,0.23237120850542653,0.016927173216310765
2025-10-14 04:00:00,1.15609,1.15927,1.15606,1.15916,9753,6,0,4168.02,0.000278108070498702,-2.170389105406599,-0.0077992099344048604,0.011594422307790652,0.27491673074990064,0.22466356482611421,0.23461114264491317,0.022154754664417187
2025-10-14 08:00:00,1.15918,1.1593499999999999,1.15422,1.15586,22341,6,0,4144.0,0.0002789237451737452,-1.7046796572981746,0.002916039074311594,0.013963097221983621,0.2840091785291294,0.2468125896308755,0.2387217573715811,0.015768432250647724
2025-10-14 12:00:00,1.15587,1.15649,1.15459,1.15553,18574,7,0,4106.64,0.00028138088559016616,-1.0450301264076844,0.008729942311085148,0.015295181053427847,0.26738708259664246,0.26017352323317255,0.24417845791210438,0.0002557488692247478
2025-10-14 16:00:00,1.15553,1.16149,1.15541,1.16092,27741,7,0,4140.45,0.0002803849823086863,-1.1440697128705701,-0.003568481771830445,0.016311131827949438,0.2902356853060688,0.25935961967321486,0.24920787650279674,0.007286218221627561
2025-10-14 20:00:00,1.1609099999999999,1.1612,1.15997,1.16073,12057,6,0,4142.19,0.00028022133219383953,-1.0763177592630786,-0.0005839074778770659,0.01711384725072942,0.2910520250944658,0.28923118760579697,0.25474240475374876,0.0042013547126447115
2025-10-15 00:00:00,1.16044,1.16138,1.16016,1.16105,5741,6,0,4162.52,0.00027892959072869315,-1.2123914423866797,-0.004632343166370401,0.017782070307996355,0.3460446153554926,0.289095592939958,0.26014730131462704,-0.001319571403208264
2025-10-15 04:00:00,1.16105,1.16259,1.1607,1.16181,9619,6,0,4179.76,0.0002779609355561085,-1.2741967333317563,-0.003487141935457183,0.018967931466272608,0.34544067872307377,0.27328222624639337,0.2589510925697146,0.008629343629343644
2025-10-15 08:00:00,1.16181,1.16451,1.16173,1.16323,16824,6,0,4207.95,0.00027643626944236503,-1.4181497657086828,-0.005522175547918007,0.020052287438139364,0.34279729496560896,0.27955435806927853,0.25801292677052595,0.024669803050669126
2025-10-15 12:00:00,1.16321,1.16388,1.16135,1.16172,16978,7,0,4190.67,0.0002772158151321865,-1.1653966882126745,0.00280840309823871,0.020762121455954807,0.3602410164192549,0.2851084299392936,0.2572691306728018,0.012129116400391382
2025-10-15 16:00:00,1.16172,1.1647,1.16101,1.16399,23640,7,0,4198.81,0.0002772190215799238,-1.0674810730971802,1.1589078972473743e-05,0.021388294006504525,0.37374639597964804,0.2892502316766302,0.2572324695394399,0.01366909774781
2025-10-15 20:00:00,1.16398,1.16475,1.16265,1.16469,11756,6,0,4207.96,0.0002767825739788401,-1.0790175603137553,-0.00157780912847727,0.020974989295683876,0.3786429820262167,0.28971061278547244,0.2570955222907171,0.010916464065037434
2025-10-16 00:00:00,1.16427,1.16667,1.16383,1.16628,6767,6,0,4210.52,0.0002769919154878732,-0.9944731689660155,0.0007567993291039965,0.021041662573420595,0.36457640179573814,0.28931927658394024,0.2581241094919734,0.007359274216701461
2025-10-16 04:00:00,1.1663000000000001,1.16753,1.16556,1.16559,10148,6,0,4233.56,0.0002753214788499513,-1.4165261882704852,-0.006063632860754509,0.022524268873305518,0.3642292460232204,0.2851065969988657,0.2595643799735578,0.006086098931784134
2025-10-16 08:00:00,1.16559,1.16677,1.16427,1.16586,17655,6,0,4232.88,0.00027542949481204284,-1.330194180277842,0.0003922636652837763,0.02315898491622091,0.3744621347620255,0.28210834714902283,0.260830496891772,0.01007237506174441
2025-10-16 12:00:00,1.16586,1.16636,1.1646,1.16604,16034,7,0,4236.07,0.00027526457305946316,-1.356459705047247,-0.0005992315444822705,0.023928514133070167,0.37363290500290824,0.2846181820854666,0.26288502620118626,0.008873942855237349
2025-10-16 16:00:00,1.16604,1.16788,1.16497,1.16769,23591,7,0,4282.73,0.0002726508558793106,-2.0790604934352084,-0.009599880775063019,0.024243467148791654,0.31804648828604387,0.2926953831471399,0.265389203120558,0.01776870502571315
2025-10-16 20:00:00,1.16769,1.16939,1.16764,1.1687400000000001,14206,6,0,4325.79,0.00027017955101842674,-2.488856677720901,-0.00915512323832779,0.024886551328259794,0.2923881202728918,0.30404088670204815,0.2697328354884156,0.027376666064999
2025-10-17 00:00:00,1.16827,1.17111,1.16814,1.17065,6778,6,0,4358.18,0.00026860983254477786,-2.4294651725840826,-0.005853411073024839,0.025484389372041994,0.2937354915372534,0.3097715928543049,0.2743209230181827,0.029436219163068378
2025-10-17 04:00:00,1.17065,1.17122,1.1695,1.17097,9256,6,0,4376.37,0.00026756649917625795,-2.2535573858797147,-0.003900408195437688,0.026580041267377823,0.291492607774607,0.31980999918137365,0.27915534174033885,0.03389890570958776
2025-10-17 08:00:00,1.17097,1.17283,1.16914,1.1697,21651,6,0,4347.73,0.00026903694571650034,-1.6430103823614441,0.005459665522095314,0.027232643949322285,0.2726350799057215,0.31820991904739443,0.2835961060187878,0.026359337782425607
2025-10-17 12:00:00,1.1697,1.17076,1.16666,1.1676199999999999,18374,7,0,4314.61,0.00027062005604214516,-1.131282542120156,0.005839534617534725,0.027091029051634595,0.2676188716467697,0.32042427903339116,0.2883841417291517,0.007443850067597069
2025-10-17 16:00:00,1.1676199999999999,1.16812,1.16561,1.16705,21994,7,0,4204.94,0.00027754260465072037,0.5453260560182259,0.024930115573681633,0.02514630234950929,0.1683124369088133,0.33416374569293344,0.2927516995322546,-0.02793709357134777
2025-10-17 20:00:00,1.16705,1.16757,1.16501,1.16506,9710,6,0,4250.09,0.0002741259596855596,-0.20561957982618465,-0.012442524827539714,0.023583202505847518,0.1783264457158911,0.3070041091777094,0.2950932288294814,-0.02480163738074148
2025-10-20 00:00:00,1.16625,1.16663,1.1651799999999999,1.16662,6287,6,0,4249.87,0.0002745072202208538,-0.033672170532828415,0.0013907504430080708,0.022315331158505022,0.13715908250573453,0.2872897955405574,0.2964897376228485,-0.02890523424664737
2025-10-20 04:00:00,1.16662,1.16736,1.16565,1.16713,6797,6,0,4266.37,0.00027356511507440755,-0.2139346099784976,-0.003445311355577685,0.02133336839965577,0.13645850024328904,0.28766937080159166,0.2964116467826383,-0.018713213562019604
2025-10-20 08:00:00,1.16713,1.16755,1.16533,1.16633,13794,6,0,4258.65,0.0002738731757716648,-0.052916508434190934,0.0011240587495605636,0.01929986999472771,0.13911788226847607,0.2733464257799312,0.29562418842463695,-0.012969886038367351
2025-10-20 12:00:00,1.16634,1.16675,1.16441,1.16532,15875,7,0,4323.32,0.00026954285132722074,-1.2525903230152766,-0.016051527678404787,0.01728061227712287,0.13247846078947254,0.2714140023551639,0.2955307772300755,0.028152601463992344
2025-10-20 16:00:00,1.16533,1.16642,1.16461,1.16496,15569,7,0,4347.89,0.00026793686132813846,-1.5376381467226237,-0.0059920604272730715,0.01509504436033887,0.1301414194603979,0.2522673296387667,0.29416642580854985,0.023011277408243158
2025-10-20 20:00:00,1.16493,1.16526,1.16381,1.16409,7128,6,0,4356.01,0.0002672376785177261,-1.5468061876819328,-0.0026143793039969943,0.01265463992322084,0.12840712393947004,0.2511774639901807,0.2924698775110942,0.024974881584613362
2025-10-21 00:00:00,1.16392,1.1655,1.16375,1.16529,4446,6,0,4368.82,0.00026672877344454564,-1.511643818254012,-0.0019099164684963643,0.011212043452496769,0.12092017403340305,0.25276400971857876,0.29064556641319167,0.024013388430914384
2025-10-21 04:00:00,1.16529,1.16529,1.16317,1.16357,8727,6,0,4342.03,0.00026797834192762374,-1.058871335825398,0.004656063160740631,0.010477521761441082,0.12346692775716675,0.25374684714792695,0.28884737813131445,0.019578974557665108
2025-10-21 08:00:00,1.16357,1.16376,1.16125,1.16209,16200,6,0,4273.86,0.00027190642650905744,0.12780366954515587,0.014428082168847833,0.011069072440406712,0.1108299831863732,0.2631578831692632,0.2875393084605805,-0.011440282005495739
2025-10-21 12:00:00,1.16208,1.16268,1.16016,1.1610800000000001,17723,7,0,4211.17,0.00027571435016871795,1.2570071490778454,0.013799115281822094,0.009328509299988517,0.10582414578960346,0.27097223597601644,0.2868325904094381,-0.03144513775647506
2025-10-21 16:00:00,1.16107,1.16242,1.15974,1.16088,22543,7,0,4113.43,0.00028221703055600794,2.5665662272981686,0.023037448397604132,0.006338498020931419,0.09396357652732878,0.27931255584748926,0.2866928008443614,-0.05568857739077737
2025-10-21 20:00:00,1.16087,1.16099,1.15987,1.15995,8231,6,0,4124.86,0.00028120954408149615,2.0156940705067266,-0.0035798193260758726,0.0031520674102527117,0.09408022730157127,0.2549378206424154,0.28520878277220885,-0.05584116534899586
2025-10-22 00:00:00,1.15968,1.16077,1.15968,1.16046,4557,6,0,4074.9,0.0002847824486490466,2.2641196784841062,0.012551600346835112,-0.0004772467725335081,0.0899333615658266,0.2517210639175686,0.28316006681073025,-0.06152191486470604
2025-10-22 04:00:00,1.16045,1.16109,1.16013,1.16089,5677,6,0,4128.29,0.0002812035976154776,1.4119471217998831,-0.0127316193004261,-0.004658813510567081,0.08605480721411901,0.24128828048122725,0.2800224364996892,-0.03406054480025078
2025-10-22 08:00:00,1.16089,1.16156,1.15896,1.15973,15280,6,0,4070.49,0.00028491164454402297,1.7849426268083783,0.013001721043487846,-0.010113595867364192,0.07640502595230285,0.25048918615807786,0.27705831616487786,-0.033406392997670564
2025-10-22 12:00:00,1.15972,1.16019,1.15764,1.15829,14958,7,0,4033.88,0.0002871404206372029,1.8531238551581364,0.007752334859628229,-0.016484627259823845,0.0767432997220565,0.263995494372253,0.2742675909244218,-0.019339091706921052
2025-10-22 16:00:00,1.15829,1.16223,1.15814,1.16193,19438,7,0,4059.12,0.00028625169987583514,1.5165776876849677,-0.0031144395763436084,-0.022709547924867193,0.10254002417192944,0.2708512157333942,0.2718996557587218,-0.01593751060642057
2025-10-22 20:00:00,1.16193,1.16202,1.1604700000000001,1.1609099999999999,8238,6,0,4098.16,0.00028327590918851385,0.9757894025707265,-0.010495697987962016,-0.027622438128661032,0.09648033120916613,0.280919348594871,0.26992440923679584,0.005708115536577463
2025-10-23 00:00:00,1.16059,1.16144,1.15974,1.1604,4453,6,0,4081.96,0.0002842752011288695,1.0403138972992299,0.0035136829976949446,-0.031172695987420684,0.10797231970973578,0.2690424222052781,0.26666834306241305,-0.011222564306286653
2025-10-23 04:00:00,1.16041,1.16055,1.15903,1.15989,5620,6,0,4089.63,0.00028361734435633544,0.8654555281622603,-0.0023185029236973964,-0.03294850795057806,0.10698155633554682,0.30875089148137874,0.26675568217759654,0.004702136597805273
2025-10-23 08:00:00,1.15988,1.1606,1.15905,1.15958,11680,6,0,4116.28,0.0002817058120438843,0.5474507401200446,-0.006783748654696775,-0.03199095397657987,0.0992763103318205,0.30981482984895764,0.26788193389301657,0.020426983450176905
2025-10-23 12:00:00,1.15958,1.1605699999999999,1.15851,1.16002,11652,7,0,4127.16,0.0002810697913335078,0.409310253616392,-0.0022637155134079823,-0.031103539761973387,0.09936395876761156,0.30106210748558837,0.2685515707272164,0.016762253887542045
2025-10-23 16:00:00,1.16003,1.16196,1.15978,1.16067,15202,7,0,4132.97,0.0002808319440983119,0.3300126364406515,-0.0008474125339630323,-0.028577873857946055,0.10043001077237583,0.30823133626929294,0.2702958162516845,0.008494055868975448
2025-10-23 20:00:00,1.16067,1.16197,1.16042,1.16177,6873,6,0,4125.71,0.00028159274403678395,0.36718132320483676,0.0027043344914177148,-0.027099406425341695,0.11051124675544188,0.30845000547006346,0.2721476164074294,0.010717890425187893
2025-10-24 00:00:00,1.16151,1.16215,1.16128,1.1617899999999999,3979,6,0,4132.73,0.0002811192601500703,0.2180953580413136,-0.001684310201793826,-0.02387673777968946,0.1120381310742683,0.3069698845224942,0.27488274415161584,0.010538850702875191
2025-10-24 04:00:00,1.1617899999999999,1.16187,1.16055,1.16076,4902,6,0,4111.59,0.000282314141244628,0.324047171136519,0.004228699816294257,-0.01996707082397376,0.11299757164148486,0.3124037016940626,0.27794405603680994,-0.0011393782735867886
2025-10-24 08:00:00,1.16076,1.16276,1.16008,1.16099,12971,6,0,4065.26,0.0002855881296645233,0.8840184746518426,0.011466292914869225,-0.017613620285674335,0.10875362403323438,0.31685701957258994,0.28114870652951046,-0.014998206999486285
2025-10-24 12:00:00,1.16094,1.16475,1.1605,1.1634,16434,7,0,4082.14,0.0002849975748014522,0.7686369153632874,-0.00207644133776963,-0.016173649941168326,0.11435999308424379,0.31144453883584705,0.28403359111390647,-0.012298661737201178
2025-10-24 16:00:00,1.1634,1.16432,1.1617899999999999,1.16252,19283,7,0,4129.39,0.0002815234211348407,-0.4855922258867481,-0.01233121489545197,-0.014442727428109306,0.11128053005917864,0.31686869955987307,0.28671913193343695,0.0008919676855621006
2025-10-24 20:00:00,1.16251,1.16357,1.16206,1.16256,7022,6,0,4113.6,0.0002826137689614936,-0.2550356233248651,0.0038582173379547724,-0.012791423758538875,0.11472024797352304,0.30655173180069245,0.2884981067246708,-0.00462890147674766
2025-10-27 00:00:00,1.16331,1.16374,1.1623,1.16348,6485,6,0,4081.51,0.00028506116608804097,0.9086791515086423,0.008592309941830356,-0.01229562232590247,0.13622279314073588,0.30502703926414265,0.2897838308955034,-0.007315904552739894
2025-10-27 04:00:00,1.16348,1.16476,1.16206,1.16244,5984,6,0,4068.73,0.0002857009435376641,1.1116080157825385,0.0022373239785857812,-0.012135807439358551,0.13699612569408584,0.2945816140554474,0.291766020566155,0.0008535739411501542
2025-10-27 08:00:00,1.16244,1.1633,1.16174,1.1628,10846,6,0,4043.26,0.00028758971720839124,1.8169751815336737,0.00656963200845162,-0.012588710834324808,0.14304897499945926,0.30000673713891907,0.2941803042272226,-0.009524416115076817
2025-10-27 12:00:00,1.16279,1.16513,1.16257,1.1641,13366,7,0,4045.78,0.0002877319083093989,1.653070472294113,0.0004947316070129659,-0.012312786864276936,0.1606468641840907,0.2834336253778552,0.296287571472054,-0.020247542615253078
2025-10-27 16:00:00,1.1641,1.16426,1.16312,1.1638600000000001,14034,7,0,3999.23,0.00029102102154664774,2.43439982343512,0.011299648081610547,-0.012766196332125607,0.16181966259129904,0.28242161149441863,0.297884192738871,-0.02780289770517319
2025-10-27 20:00:00,1.1638600000000001,1.16519,1.16348,1.16442,6767,6,0,3980.74,0.00029251345227269303,2.4311393482295305,0.005104547530113135,-0.012945013185155741,0.1590861115738205,0.2807269883808318,0.29872076743929993,-0.02468939191622721
2025-10-28 00:00:00,1.1642299999999999,1.16588,1.16421,1.16555,5090,6,0,4006.75,0.0002908966119673052,1.721726070382355,-0.0055635208031574734,-0.011467309732668202,0.1224286164454437,0.2763406994298579,0.2989952416241231,-0.015233254602787571
2025-10-28 04:00:00,1.16555,1.16676,1.16538,1.1666,7133,6,0,3973.42,0.0002936009785021468,2.053686024322837,0.009219324848243504,-0.011155783399621751,0.12386933639904552,0.2746866102212743,0.29868360470544325,-0.017273190445333708
2025-10-28 08:00:00,1.1666,1.16679,1.16483,1.16519,11774,6,0,3897.17,0.0002989836214483843,2.5582878157158473,0.01798137717365733,-0.013805996780066915,0.11177979653885466,0.2647611695410875,0.29846954207223375,-0.03673210110287761
2025-10-28 12:00:00,1.16519,1.16647,1.16345,1.16399,13041,7,0,3912.74,0.0002974871828948512,1.9111029576972274,-0.0050250817342675225,-0.016332368689686495,0.11524912757944977,0.2749215186271936,0.2967780734295245,-0.021626663132653046
2025-10-28 16:00:00,1.16399,1.16677,1.16253,1.16677,18604,7,0,3958.55,0.00029474681385860987,1.2775676904773543,-0.009319571343751498,-0.018109152675889827,0.12531281138359765,0.27065695079390667,0.29482017947677197,-0.005574340449263082
2025-10-28 20:00:00,1.16677,1.16685,1.16506,1.16522,8111,6,0,3952.37,0.0002948155157538388,1.1644782756887861,0.00023272393843354333,-0.01958592532995406,0.13502618371402092,0.2979505805559375,0.2946646031302894,-0.013572097086167134
2025-10-29 00:00:00,1.16498,1.16607,1.16483,1.16541,6469,6,0,3975.29,0.00029316351763016035,0.7955854085993586,-0.005635992877806695,-0.020459743457525402,0.1318062810404518,0.2976325305203431,0.29413466284284195,0.0004706273185315357
2025-10-29 04:00:00,1.16541,1.16558,1.16313,1.1634,6829,6,0,3951.81,0.00029439674478277044,0.9192430755542363,0.004181772418252905,-0.021357808459445255,0.13963384843815005,0.315926073785621,0.2945084662586198,0.014020430209613632
2025-10-29 08:00:00,1.16341,1.16375,1.1623,1.1623,11610,6,0,4016.72,0.0002893654524089307,-0.06530443658580855,-0.017370889379275778,-0.020491885337990498,0.12671096812533583,0.3284138746553277,0.2955806657652615,0.026574727684435917
2025-10-29 12:00:00,1.1623,1.16486,1.16185,1.16336,13517,7,0,4025.63,0.000288988307420205,-0.21381161399091728,-0.001306242950153802,-0.019315580518048582,0.12634857955185105,0.30286011815666486,0.2951034865883916,0.016945598767225345
2025-10-29 16:00:00,1.16336,1.16657,1.16312,1.1657,16869,7,0,3992.85,0.00029194685500331843,0.3299983181149075,0.01015424006088772,-0.019123560371815517,0.13753175583752428,0.30374621915936095,0.29444794656773016,0.010241956092167381
2025-10-29 20:00:00,1.1657,1.16587,1.15773,1.16005,28253,6,0,3928.93,0.00029525850549640744,0.9214502021156015,0.011161742276582398,-0.018855035382294907,0.16946871821479878,0.28390137230937373,0.2930707882414065,-0.011662042266098904
2025-10-30 00:00:00,1.15993,1.16153,1.15968,1.16117,5473,6,0,3950.21,0.00029395146080841273,0.5769833349714176,-0.00445075729232669,-0.01647144782360916,0.17788065051890176,0.3296361448372225,0.2937091605052739,-0.0004048777648723023
2025-10-30 04:00:00,1.16117,1.16371,1.16068,1.1632,11731,6,0,3972.5,0.0002928130899937067,0.21808219750915694,-0.003894501288717045,-0.014035126037655622,0.18036444649003003,0.3253373995031125,0.29464844389039496,-0.011008982453344918
2025-10-30 08:00:00,1.1632,1.1634,1.16065,1.16168,13898,6,0,3976.36,0.00029214658632518184,-0.06260942840128118,-0.0022784203295870276,-0.012449898990400998,0.184089431513881,0.33104648521309277,0.29594941618784243,-0.012239078107029178
2025-10-30 12:00:00,1.16168,1.16282,1.15529,1.15546,16947,7,0,3961.37,0.00029168191812428527,-0.3284413991048631,-0.0015845350449225082,-0.01086796857238622,0.22553660225692732,0.32909060662177664,0.2976748658161589,-0.007884092815908406
2025-10-30 16:00:00,1.15546,1.1586,1.15468,1.1569099999999999,22250,7,0,4001.49,0.00028911980287342964,-1.2707111891282448,-0.008872897854660833,-0.009135472981304333,0.22182701570849286,0.3275675145080221,0.29905290468461404,0.018468132544993132
2025-10-30 20:00:00,1.1569099999999999,1.15719,1.156,1.15645,7614,6,0,4024.05,0.0002873846000919472,-1.8535710882874903,-0.006035510759544449,-0.0064973481322576215,0.21677463061765156,0.3359374964287,0.3016780982371563,0.018692677098179677
2025-10-31 00:00:00,1.1562999999999999,1.15769,1.15629,1.15734,4500,6,0,4025.15,0.0002875271729003888,-1.6261715738715876,0.0004962401659378557,-0.005397980562878112,0.22769808747440912,0.35500597486293417,0.30530731640558206,0.013253618628068065
2025-10-31 04:00:00,1.15734,1.15774,1.15647,1.15717,5693,6,0,4005.89,0.00028886714313173856,-1.094093548831946,0.004638026293104502,-0.005015780615355471,0.22674369356833834,0.35566788455039083,0.30905436121406005,0.00742638996469136
2025-10-31 08:00:00,1.15717,1.15733,1.15547,1.15703,9669,6,0,4010.28,0.0002885160138444198,-1.131315300349292,-0.0012168711238179641,-0.004124636620613171,0.22725648849071312,0.35620006754347217,0.31304732961974074,0.012346738628302933
2025-10-31 12:00:00,1.15704,1.15767,1.15531,1.15555,11795,7,0,4023.05,0.0002872323237344801,-1.3565873542105766,-0.004463453408116602,-0.0012813651984977807,0.23105867967875648,0.36812540959191464,0.3177192695882728,0.005387992972617717
2025-10-31 16:00:00,1.15555,1.15561,1.15219,1.15299,20772,7,0,3980.7,0.0002896450373049966,-0.5910104423653184,0.00831144382342186,0.0007207808228081555,0.2610038639686145,0.37319776881621214,0.32314109955202897,-0.010772728967085476
2025-10-31 20:00:00,1.153,1.15391,1.15212,1.1537600000000001,7754,6,0,4001.78,0.0002883117012929247,-0.9643453327823194,-0.004627722171388404,0.0023888400208744416,0.26165700429658706,0.38823155750998084,0.3288066014961683,-0.005805994807646875
2025-11-03 00:00:00,1.15279,1.15382,1.15214,1.15268,8829,6,0,3995.91,0.00028846495541691376,-0.823855692135382,0.0005307773597537091,0.003596060830005584,0.2606483254041221,0.3885799960631447,0.3347027537596302,-0.0024913315143451076
2025-11-03 04:00:00,1.15268,1.15375,1.15262,1.15349,5159,6,0,4014.02,0.0002873652846772064,-1.1315854605116282,-0.0038294239013432207,0.005375739941808141,0.2611718240535717,0.39491401143203414,0.33955092530343506,0.0009326032097509707
2025-11-03 08:00:00,1.15349,1.15412,1.15092,1.1514,11746,6,0,4000.6,0.0002878068289756536,-0.8701287729796895,0.0015313891931166834,0.005712130693750974,0.26460090042872303,0.39618223158982413,0.3444784103569091,-0.005580343271895716
2025-11-03 12:00:00,1.1514,1.15219,1.15055,1.15107,11566,7,0,4016.0,0.000286621015936255,-1.2327092243803208,-0.004136030194741291,0.005760654340996005,0.2663530421435948,0.34588868483006074,0.3459765409091311,0.008867787072625477
2025-11-03 16:00:00,1.15107,1.1537600000000001,1.1504699999999999,1.15268,16534,7,0,4006.24,0.0002877211549982028,-0.7404109570570618,0.0038289774866323567,0.005227099504369284,0.3137106788346768,0.3441609959454001,0.34676389697363474,0.0011145040456994604
2025-11-03 20:00:00,1.15268,1.15308,1.15157,1.15189,6507,6,0,4001.0,0.0002879005248687828,-0.6402933843807566,0.0006226002465478109,0.004934056313532044,0.3108571088496264,0.3385842787486415,0.3485501050032336,0.0012738024630185585
2025-11-04 00:00:00,1.15173,1.15209,1.14982,1.1509800000000001,6288,6,0,3987.18,0.0002886701879523874,-0.2765271082810507,0.0026641304757282214,0.0045188501250551134,0.3074802753840837,0.34329214232544175,0.35052740116153763,-0.006686563594600958
2025-11-04 04:00:00,1.1509800000000001,1.15176,1.1504699999999999,1.15124,6642,6,0,3973.2,0.0002897513339373805,0.3324522439872866,0.0037321319463190505,0.003269643122447661,0.326027526911483,0.3433063058023319,0.35349764783618554,-0.0068489726541018925
2025-11-04 08:00:00,1.15124,1.15334,1.14997,1.15009,14097,6,0,3991.2,0.00028815644417718984,-0.37279345451212914,-0.005529276268087302,0.00274439166360962,0.3233355928342703,0.3416310234196176,0.3540973917653053,-0.00617529880478096
2025-11-04 12:00:00,1.15009,1.15097,1.1476600000000001,1.14917,13358,7,0,3975.75,0.00028904483430799223,0.32034984442776,0.0030710788395147404,0.0015641280817215056,0.30894360353340067,0.34566452000139397,0.35511374779021937,-0.007610627421222871
2025-11-04 16:00:00,1.14917,1.14964,1.14727,1.14836,14801,7,0,3954.99,0.0002903572448982172,1.5373841887119946,0.004516799742626421,0.0005682894804119489,0.29868502168144606,0.3411715200696342,0.3556199995330464,-0.011499625093726595
2025-11-04 20:00:00,1.14836,1.1487,1.14749,1.14824,6984,6,0,3931.68,0.0002920481829650429,2.805011118900638,0.005789323364256194,-0.0013228677124768205,0.18968152615761572,0.3491216646253427,0.3566215524332247,-0.013919612357606082
2025-11-05 00:00:00,1.14806,1.14979,1.1479,1.1489099999999999,7224,6,0,3937.13,0.00029181408792699245,2.171890336634378,-0.0008026741771403056,-0.002595924709155955,0.20540032823391888,0.3472472537464741,0.35760553939514733,-0.009078324775999125
2025-11-05 04:00:00,1.1489099999999999,1.14942,1.14848,1.14917,6377,6,0,3964.86,0.0002898387332717927,0.7319845372786198,-0.006816900068948417,-0.003986987691764743,0.20204079401734307,0.37075836615301394,0.359346582881363,-0.006599518941671656
2025-11-05 08:00:00,1.14917,1.1495199999999999,1.14813,1.14843,9761,6,0,3971.95,0.00028913505960548346,0.19223954346792102,-0.002432152439497237,-0.004474258153817644,0.1932397287796218,0.373898175703186,0.36029119292337564,-0.0009557945041815952
2025-11-05 12:00:00,1.14843,1.14933,1.14726,1.14734,11429,7,0,3976.03,0.00028856422109491126,-0.20077762816930217,-0.001976325107486354,-0.004687820858393746,0.1987389507752894,0.37013215009073125,0.36101440620039266,0.005319861744277565
2025-11-05 16:00:00,1.14734,1.14929,1.14683,1.14801,18119,7,0,3982.09,0.00028829333340029984,-0.3834075563395627,-0.0009401739500367601,-0.004725970266917099,0.20422344433858736,0.3689557549836434,0.36165219057240117,0.0128214910674318
2025-11-05 20:00:00,1.14801,1.14939,1.14784,1.14926,5585,6,0,3978.74,0.0002888502390203934,-0.049577454819259056,0.0019301074615126756,-0.005001530210366209,0.2149484792633646,0.37308037313113035,0.36189993874936194,0.010568612161650615
2025-11-06 00:00:00,1.14898,1.15088,1.14893,1.1507,5048,6,0,3976.65,0.0002893641633032829,0.3381870759595724,0.0017782721051394779,-0.005586374072630072,0.23813687438424946,0.3545172098181232,0.3609659107994575,0.002973623280519311
2025-11-06 04:00:00,1.1507,1.1510799999999999,1.15029,1.151,4285,6,0,3987.76,0.00028863321764599676,-0.2116442022269017,-0.002533097987572397,-0.005412047334726009,0.2441697742840979,0.3468572887737238,0.3588971973626447,0.003980412643663778
2025-11-06 08:00:00,1.151,1.15234,1.15051,1.15134,11135,6,0,4010.94,0.00028704991847297644,-1.270876485727827,-0.005517391820186068,-0.0042968159823938605,0.2252792079258312,0.3475874074519166,0.3568475679320833,0.008780114838167652
2025-11-06 12:00:00,1.15133,1.1544,1.15099,1.15354,13244,7,0,4012.17,0.00028751025006417975,-0.9560338041849752,0.0016041556797108392,-0.00270233968891021,0.25930973522801365,0.3331431953351126,0.35375902712723717,0.007553822239075414
2025-11-06 16:00:00,1.15354,1.15426,1.15187,1.15404,18244,7,0,3986.23,0.00028950662656193946,0.4057401856523058,0.00689877757742674,-0.0013446588988999782,0.22010580969587,0.33038305703756626,0.35046906839962433,0.0018825055168218974
2025-11-06 20:00:00,1.1540300000000001,1.15522,1.15391,1.15471,7789,6,0,3976.66,0.0002903718195671744,0.9456749162459166,0.002981333763299121,-0.0006532903578538933,0.22549865915224052,0.32514051155639795,0.34943165973594115,2.5146794411234907e-06
2025-11-07 00:00:00,1.15379,1.15514,1.1536,1.1538,8056,6,0,4001.75,0.0002883238583119885,-0.6491874002810599,-0.00709739151210298,0.0002894700040781136,0.20426224019280506,0.32111996347116983,0.34827960811222963,0.003508235199711107
2025-11-07 04:00:00,1.1538,1.15429,1.15322,1.1534,5028,6,0,3995.11,0.00028870293934334725,-0.3947038235765277,0.0013125935337073846,0.0008581222546251876,0.20086475224835093,0.30800574265578756,0.346750681307587,-0.003946705759747093
2025-11-07 08:00:00,1.1534,1.1542,1.15294,1.1538,9508,6,0,4006.68,0.0002879690916169996,-0.9317846283560886,-0.002549239646438828,0.0015049568188078978,0.19655279288511326,0.3054492399416742,0.34485853618839857,-0.001368336835179007
2025-11-07 12:00:00,1.1538,1.15695,1.15372,1.15672,13724,7,0,3997.61,0.00028935288835078957,0.1634038640670516,0.004794487485670018,0.0021913561381426013,0.24095373057247566,0.30558715803332365,0.34297257879994814,0.002854827744510402
2025-11-07 16:00:00,1.15672,1.1590799999999999,1.15651,1.158,16234,7,0,4005.37,0.0002891118673181254,-0.06395617219765691,-0.000834582624664737,0.00270496035355425,0.24023164737362887,0.29309802357219755,0.34054592880757717,0.007219626520748479
2025-11-07 20:00:00,1.158,1.15832,1.15553,1.15637,7834,6,0,4001.08,0.00028901446609415457,-0.14033708443629497,-0.00033653721002180337,0.0030448956156412456,0.259703476483154,0.2948977796704501,0.33800759179103,-0.0001674267507965066
2025-11-10 00:00:00,1.15548,1.15604,1.15412,1.15581,9486,6,0,4044.3,0.0002857874044952155,-2.2127954650747568,-0.011286357502001465,0.0034756203089341764,0.23007834337303332,0.29831368319285484,0.335864699947191,0.012312552094936091
2025-11-10 04:00:00,1.15582,1.15662,1.15511,1.15616,6389,6,0,4069.37,0.0002841127742132075,-2.7460382373422165,-0.005896029823842186,0.00444502654186022,0.24014321497697827,0.2904560202477366,0.3329314177283107,0.015646370561162914
2025-11-10 08:00:00,1.15616,1.15828,1.15514,1.1568100000000001,12712,6,0,4076.69,0.00028376207168070175,-2.4924741448747905,-0.0012365983144553283,0.006072385641606485,0.2401246148236982,0.2916486580415436,0.3301514879430642,0.019781819637233244
2025-11-10 12:00:00,1.1568100000000001,1.15777,1.15538,1.15678,11904,7,0,4091.66,0.0002827165502509984,-2.427411633400698,-0.0036980301113063163,0.008315448294169102,0.25143530433892974,0.28037496506457604,0.32563231788864233,0.021543577746874876
2025-11-10 16:00:00,1.15677,1.15682,1.15408,1.15602,15068,7,0,4102.5,0.00028178427787934186,-2.2950538432306113,-0.0033062876300772315,0.010025812645720809,0.25114206288519,0.2729808150235886,0.32058644985466245,0.02534815599788054
2025-11-10 20:00:00,1.15602,1.15647,1.15549,1.1557,5630,6,0,4115.49,0.00028081710804788736,-2.1833280449222703,-0.0034431737942706153,0.01207025284715985,0.2410473809138806,0.26019956311629067,0.31508982050594037,0.017602551739485106
2025-11-11 00:00:00,1.15534,1.15603,1.15468,1.15546,5739,6,0,4136.33,0.00027934424961257925,-2.190082779434091,-0.005271461912016884,0.014049757314963713,0.2384856038590419,0.25793687758007605,0.309538876635762,0.01645463548411663
2025-11-11 04:00:00,1.15546,1.15651,1.15517,1.15613,5133,6,0,4131.06,0.0002798627955052698,-1.7516744851069141,0.0018539319365952212,0.016045541388338087,0.2336231606826421,0.2522878977321365,0.30349925286581236,0.01333680019820016
2025-11-11 08:00:00,1.15613,1.15683,1.15496,1.15646,11492,6,0,4141.91,0.0002792093502755975,-1.6832162763084029,-0.0023410095155667054,0.018173387973871514,0.22882458401764239,0.24199688270796801,0.29787323651030456,0.012281079073041212
2025-11-11 12:00:00,1.15646,1.16055,1.15621,1.16006,13614,7,0,4142.68,0.00028002645630364884,-1.312990307342271,0.002927043564228571,0.020284577251101506,0.28028814933016816,0.24642711606069553,0.29285172787465313,0.009794028031688162
2025-11-11 16:00:00,1.16006,1.16048,1.15904,1.15946,13142,7,0,4114.32,0.0002818108460207276,-0.7862926673765562,0.006328595331941078,0.02067755578868637,0.2620432346244225,0.2646644203355902,0.2887055785188368,-0.00028429178542532796
2025-11-11 20:00:00,1.15945,1.15953,1.15809,1.15822,5858,6,0,4126.6,0.0002806717394465177,-0.9706353302200416,-0.004054160720623923,0.020452377514543815,0.25670177271363903,0.2680003080825367,0.285448434156208,-0.0023523268211190773
2025-11-12 00:00:00,1.15812,1.15871,1.1574200000000001,1.1575199999999999,5208,6,0,4131.63,0.00028016061457584535,-0.9950075917712405,-0.0018232968256601811,0.020174800105099616,0.28810668206857865,0.26157553862374455,0.282008058235517,0.00013797911431923104
2025-11-12 04:00:00,1.1575199999999999,1.1581299999999999,1.15699,1.15761,5804,6,0,4104.7,0.00028202061051964825,-0.45546428033299363,0.0065957610672193745,0.019321879145006805,0.2641830789487342,0.25974178339260523,0.2787381218273273,-0.00898377801545669
2025-11-12 08:00:00,1.15761,1.15883,1.15679,1.157,11422,6,0,4124.72,0.00028050388874881205,-0.7760391419490731,-0.005404283500145435,0.01858915466319182,0.2664925300577049,0.2786736912856873,0.27661580821805315,-0.004335357787712324
2025-11-12 12:00:00,1.157,1.158,1.15647,1.15719,12169,7,0,4127.16,0.0002803840897857122,-0.729649579074334,-0.00042733750090495626,0.017611920332594976,0.2690490075189752,0.27770289819510907,0.27510066599501926,0.003120807326605579
2025-11-12 16:00:00,1.15719,1.15975,1.15626,1.15929,14996,7,0,4199.38,0.0002760621806076135,-1.7471857242262148,-0.015683974943029533,0.01734971876416158,0.21362889892458486,0.28031627216429233,0.2738440176061502,0.017636795424804896
2025-11-12 20:00:00,1.15929,1.15941,1.15838,1.15926,6074,6,0,4195.57,0.0002763057224644089,-1.5684233821152798,0.0008813988804484696,0.01712814310305532,0.19065309113445214,0.302401933098407,0.27368475635940437,0.015475732338084303
2025-11-13 00:00:00,1.1591,1.1594,1.15787,1.15893,6264,6,0,4192.38,0.0002764372504400841,-1.4686460346650374,0.0004756614173364593,0.016572236605843407,0.1844384759798553,0.29615722731780997,0.273837716546685,0.02136087899237471
2025-11-13 04:00:00,1.15893,1.15928,1.15802,1.15818,4631,6,0,4211.99,0.00027497216280190597,-1.909861375141327,-0.0053246826651567325,0.01640893944590535,0.17728972174702773,0.2831204215842326,0.2732488486423741,0.021157799802168364
2025-11-13 08:00:00,1.15816,1.16347,1.15809,1.16164,14620,6,0,4233.11,0.0002744176267566872,-1.9120339346364101,-0.00202681109877223,0.017472119049928403,0.2265167793318931,0.2714311311879543,0.2719047210421291,0.025671406003159536
2025-11-13 12:00:00,1.16164,1.16248,1.16043,1.16201,14222,7,0,4231.89,0.00027458416924825546,-1.662995746709704,0.0006067193834948803,0.01822251801047224,0.22908581110715212,0.29300991594473386,0.2720324158269789,0.007741619000900091
2025-11-13 16:00:00,1.16201,1.16557,1.16166,1.1650800000000001,19628,7,0,4201.79,0.0002772818251269102,-0.6345175563747352,0.00975463506714469,0.018149419438164664,0.23411249261618156,0.2959275449317016,0.27224636017148685,0.0014825160824394334
2025-11-13 20:00:00,1.1650800000000001,1.16515,1.16304,1.16341,8784,6,0,4170.97,0.0002789303207647142,0.060187618142407646,0.005901591178641197,0.01815730584691356,0.23146166537466056,0.27675614152616995,0.2720654189945665,-0.005106884395021383
2025-11-14 00:00:00,1.16299,1.1639,1.16231,1.1633,7384,6,0,4190.06,0.0002776332558483649,-0.388407209734228,-0.004671422648420243,0.01819201707636773,0.22694038060735908,0.286967106790158,0.272764733582895,-0.005206565067818136
2025-11-14 04:00:00,1.16329,1.1648100000000001,1.16296,1.16475,6405,6,0,4189.97,0.00027798528390418067,-0.18851303645661735,0.0012679334591475522,0.01811145024467935,0.2290316761897838,0.2761124576071936,0.2735603783074402,-0.010191088821221106
2025-11-14 08:00:00,1.16475,1.16485,1.16201,1.1621299999999999,16095,6,0,4169.23,0.00027873971932467146,0.1444536418901734,0.0027005063646042826,0.01604691141965529,0.24811279238127465,0.26398851653047456,0.2738629602549601,-0.014806623045495182
2025-11-14 12:00:00,1.16211,1.16535,1.16085,1.16373,18202,7,0,4055.8,0.00028692982888702597,2.7080656992707337,0.028583244871913993,0.01218949879024943,0.1716574087965455,0.259668289933258,0.27423197986501613,-0.03474471594249118
2025-11-14 16:00:00,1.16373,1.16383,1.16059,1.16138,19289,7,0,4099.84,0.0002832744692475804,1.3561307733675751,-0.012877892349758557,0.00918249772123375,0.17486125887805398,0.2050791568989031,0.2723860935745629,-0.017053587055289365
2025-11-14 20:00:00,1.16138,1.16233,1.16095,1.16187,7251,6,0,4084.29,0.0002844729438898805,1.5525769152988442,0.004214742803216764,0.005422060635844505,0.15661044052173467,0.17324922061890438,0.2687271988024733,-0.02524307527815839
2025-11-17 00:00:00,1.16145,1.16244,1.1605,1.16062,6350,6,0,4091.26,0.00028368277743286906,1.256450629155258,-0.0027823908173137957,0.0016172472030155213,0.16061272210826813,0.17222119216326157,0.2641050373938569,-0.023558641231321453
2025-11-17 04:00:00,1.16062,1.16065,1.15961,1.16002,5225,6,0,4058.4,0.00028583185491819435,1.659849153962922,0.00751479042791281,-0.002483432115256327,0.156221285004397,0.17240807588228893,0.25932542578384454,-0.026582846232997337
2025-11-17 08:00:00,1.16002,1.16148,1.15948,1.16012,11164,6,0,4082.01,0.0002842031254210548,1.1355998633348825,-0.00573135816159942,-0.0054182458247049444,0.1532121335393589,0.17478618354400494,0.2549859580298576,0.006462350214507584
2025-11-17 12:00:00,1.16012,1.16079,1.15883,1.1590799999999999,12063,7,0,4065.27,0.0002851175936653654,1.2789559660242231,0.0032044618828641624,-0.0077596367351404705,0.15644238691579743,0.1739134700639009,0.25069454236342226,-0.008432036372151175
2025-11-17 16:00:00,1.1590799999999999,1.16017,1.15816,1.15934,13323,7,0,4073.39,0.00028461306184774846,1.0703563314226563,-0.0017730914695817113,-0.010345332916778123,0.1568808454147304,0.17945706863780667,0.24573371123102827,-0.002668762502172961
2025-11-17 20:00:00,1.15934,1.15948,1.15822,1.15919,7567,6,0,4045.52,0.00028653671221499336,1.3750065838727665,0.006712583050439536,-0.013278739201356492,0.15517122322916446,0.17990972738745525,0.2408440526906456,-0.011179929899346464
2025-11-18 00:00:00,1.15893,1.1594,1.15844,1.15907,4899,6,0,4024.84,0.0002879791494817185,1.5033648646620463,0.005008306842369303,-0.01588462511694456,0.16897471866001243,0.17587000422820837,0.2356217392938414,-0.008269268677311259
2025-11-18 04:00:00,1.1590799999999999,1.16037,1.15878,1.15978,7257,6,0,4019.04,0.00028857140013535573,1.450365898359537,0.0020536111425488723,-0.01588494308138871,0.16996090199977246,0.18105395036934496,0.2295543401573883,-0.015426223845605547
2025-11-18 08:00:00,1.15978,1.16062,1.15871,1.1589,13594,6,0,4040.22,0.00028684081559915057,0.986879156111997,-0.00602867979691557,-0.01652134529119721,0.16763350840567973,0.1722354910226398,0.2233582533426298,-0.006161952342648824
2025-11-18 12:00:00,1.15888,1.16017,1.15793,1.15967,13595,7,0,4065.16,0.00028527044445975064,0.5823197002745102,-0.005508508017122216,-0.016368991689413578,0.16603263114094047,0.17970831332394369,0.21818764792961534,-0.0020204301576819406
2025-11-18 16:00:00,1.15967,1.16076,1.15711,1.15754,18192,7,0,4071.45,0.00028430657382505004,0.28602421564551617,-0.0033840239858338172,-0.016508562097400842,0.15283773853040922,0.1842421712044056,0.2138281999304379,0.0064095592161204085
2025-11-18 20:00:00,1.15755,1.15869,1.15748,1.15801,7015,6,0,4067.56,0.0002846940180353824,0.29487138955221287,0.0013614670526974626,-0.015816551878115426,0.15320055488963338,0.1882308055089111,0.2085892444086468,0.010614086522694022
2025-11-19 00:00:00,1.1574,1.1585,1.15735,1.15764,6446,6,0,4059.13,0.00028519411795138364,0.3561780277426194,0.0017529819017436665,-0.015794590035622363,0.13034634120036737,0.18510617338097374,0.20304817583111037,0.009975018909988531
2025-11-19 04:00:00,1.15765,1.1590799999999999,1.15722,1.15889,7038,6,0,4095.47,0.00028296874351417544,-0.42134951706015794,-0.007872874336022573,-0.014987671291979419,0.1280049285003517,0.18916207469721408,0.19866847248966257,0.013674997896154117
2025-11-19 08:00:00,1.15889,1.15972,1.1565400000000001,1.15731,13677,6,0,4113.47,0.0002813464058325453,-1.1450893105536462,-0.005758473524886121,-0.013924560751040841,0.13202770032657113,0.19828382523179022,0.1942343084117442,0.011883911088370613
2025-11-19 12:00:00,1.15731,1.15907,1.15673,1.15725,14191,7,0,4110.56,0.00028153098361293833,-1.3149373849680215,0.0006555875616494067,-0.012212225471467508,0.1248965365605061,0.1915998331141182,0.1900086771870904,0.00960591435483682
2025-11-19 16:00:00,1.15725,1.15736,1.15256,1.15329,19806,7,0,4078.97,0.0002827404957624106,-1.0597490528431577,0.004263178891624864,-0.009932197145263147,0.14069897984474797,0.19541526793648048,0.18658001475739072,0.0028051214979003536
2025-11-19 20:00:00,1.1533,1.15385,1.15177,1.1538,11525,6,0,4077.43,0.00028297236249304094,-0.8506867927941687,0.0008197594390605412,-0.007562313991339642,0.2020219453804353,0.2121868873829359,0.1842059446298746,0.004508355238683981
2025-11-20 00:00:00,1.15368,1.15418,1.15221,1.15227,7013,6,0,4081.37,0.0002823243175698356,-1.1360221307867553,-0.0022923479877123842,-0.0056654194488997955,0.21808631798175138,0.22399063375849093,0.185151518472854,-0.003442828295653455
2025-11-20 04:00:00,1.15227,1.15235,1.1509800000000001,1.15154,7671,6,0,4066.86,0.0002831521124405561,-0.6732353552188418,0.0029216467042779692,-0.0044508635701222,0.21503973422289893,0.20827618117860675,0.18690286650083912,-0.011331065985652033
2025-11-20 08:00:00,1.15154,1.15276,1.15112,1.15271,12677,6,0,4064.21,0.0002836246158540036,-0.43441095681719205,0.001667639072865379,-0.0032588920890261786,0.223835632552884,0.21498523466885527,0.1890410686261188,-0.011275835895839137
2025-11-20 12:00:00,1.15271,1.15394,1.15015,1.15273,17647,7,0,4080.22,0.00028251662900529876,-0.8977167625323019,-0.00392191453168822,-0.0017172022440261358,0.2377809209346713,0.18501411216399763,0.18967137044020424,0.0003064499126004261
2025-11-20 16:00:00,1.15272,1.15496,1.15197,1.15284,24163,7,0,4066.25,0.00028351429449738704,-0.38386993019411764,0.0035192606310273655,-0.000438893449986493,0.24457416238256302,0.18327960251463166,0.1900960413887356,-0.0027419232212446687
2025-11-20 20:00:00,1.15284,1.15405,1.15238,1.15283,8267,6,0,4076.93,0.00028276914246749395,-0.6882384720358924,-0.002635172847257339,-0.0001255060867592457,0.24624834308543786,0.1809138729991532,0.1904460615354982,-0.0010878700044347767
2025-11-21 00:00:00,1.15246,1.1538,1.15222,1.15322,7529,6,0,4068.45,0.00028345438680578596,-0.32345601058308004,0.002418294395638787,-0.00023556804471241307,0.2466973598313,0.17062785496694574,0.19000460085195514,0.0003909650196955994
2025-11-21 04:00:00,1.15322,1.15419,1.15322,1.15351,6922,6,0,4058.47,0.0002842228721661119,0.11368222834915874,0.0027044924475139176,-0.00043850364782833327,0.2636274902685761,0.19449306638294805,0.19073376780172976,-0.0014123285952252207
2025-11-21 08:00:00,1.1535,1.15524,1.15246,1.15249,15962,6,0,4050.6,0.0002845232805016541,0.4018155721748418,0.0010548967966876877,-0.00016438364242696822,0.27632757345468834,0.1910407398798095,0.19149230458430982,-0.007259412482660266
2025-11-21 12:00:00,1.15247,1.15268,1.14961,1.15205,18823,7,0,4079.54,0.0002823970349598239,-0.8296583886975974,-0.007526402604550064,-0.0003069208355518157,0.2545140272353646,0.22079091784708554,0.19347915295819687,0.0032683676606208856
2025-11-21 16:00:00,1.15204,1.15233,1.14907,1.1507,21041,7,0,4085.62,0.00028164635967123716,-1.3831462319559622,-0.0026621882492563476,-8.607560435556733e-05,0.2658052313532332,0.12645975441998128,0.19119036612806392,0.0021315058144240062
2025-11-21 20:00:00,1.1507,1.15205,1.15017,1.15143,8541,6,0,4065.62,0.00028321141670889066,0.05249302127913452,0.005529614316002962,3.6368613591400286e-05,0.26876943836395667,0.11716498187318519,0.18806319955552603,-0.0006955966031289007
2025-11-24 00:00:00,1.15123,1.15146,1.15017,1.15103,5023,6,0,4044.24,0.00028460971653512156,1.3271798617494337,0.0049113364157926664,-6.924170986217906e-05,0.24529785846455537,0.0976338021606703,0.18373278110333927,-0.0035062474282180345
2025-11-24 04:00:00,1.15103,1.1528100000000001,1.15101,1.15222,5544,6,0,4046.18,0.0002847673608193407,1.4617276936658417,0.0005541620547873105,-0.0008059886555151174,0.25278296052640137,0.10111118022081832,0.1793767998389346,-0.0010911963659704371
2025-11-24 08:00:00,1.15222,1.1534200000000001,1.15093,1.15296,12262,6,0,4071.84,0.0002831545443828834,0.08379464726830382,-0.005699545641131509,-0.0005852612833883463,0.243995617579374,0.07740806890039792,0.17399189461490583,-0.0018874677046921695
2025-11-24 12:00:00,1.15296,1.15503,1.15296,1.1538,12256,7,0,4077.68,0.00028295501363520434,-0.11892044462982283,-0.0007056814973598335,-0.0006684625091856449,0.27025616601315394,0.06381488693329175,0.16772453522670971,-0.0019434014910834074
2025-11-24 16:00:00,1.1538,1.1541,1.15112,1.15176,14960,7,0,4092.93,0.0002814023205869634,-1.7135608436898233,-0.005507942414575195,-0.00022671811072941042,0.2798716055573563,0.0691279606329193,0.16126674199676613,0.006717302650026236
2025-11-24 20:00:00,1.15176,1.15289,1.15171,1.1521,6131,6,0,4134.5,0.0002786552182851614,-3.1579437211761414,-0.009861337836702067,0.0009124343829576705,0.24116659816213767,0.05760763904813053,0.15456713229346677,0.022318161137815817
2025-11-25 00:00:00,1.15185,1.15298,1.15185,1.15255,5220,6,0,4134.69,0.00027875124858211864,-2.4183080940486255,0.00034463632369230446,0.002076655127512204,0.19243042307151995,0.06168485025229426,0.14788061140925746,0.021874953659995366
2025-11-25 04:00:00,1.15255,1.15301,1.15113,1.15165,5454,6,0,4150.75,0.00027745588146720475,-2.4720713861722623,-0.004665086158716525,0.0027438303652903276,0.1920995330482816,0.06154439253538358,0.14034848666687985,0.01937944516483947
2025-11-25 08:00:00,1.15165,1.15363,1.15147,1.15336,11733,6,0,4128.37,0.0002793741839999806,-1.3729340639557528,0.006876622782300168,0.0030692971319365666,0.18618919647970006,0.06327785217005626,0.13231284758745812,0.012431088265876689
2025-11-25 12:00:00,1.15335,1.1562000000000001,1.15244,1.15581,16994,7,0,4147.88,0.0002786507806397485,-1.5080899342004168,-0.0026016077632653456,0.0044059743817974825,0.21125490806031338,0.008718315772410409,0.12233495431714829,0.013425589980771813
2025-11-25 16:00:00,1.15581,1.15836,1.15495,1.15819,22224,7,0,4117.31,0.000281297740515045,-0.2969319341023402,0.00942919196421299,0.005818353561497321,0.2105009250082766,0.018698075096998994,0.11252059633855546,-0.004157697424114093
2025-11-26 00:00:00,1.15678,1.15829,1.15632,1.15771,8263,6,0,4148.49,0.0002790678053942519,-1.1659580844458923,-0.007987345383105415,0.007656795818968226,0.20399171942887187,-0.010574371899874093,0.1027411721353619,0.0033376141863115105
2025-11-26 04:00:00,1.15771,1.15916,1.15746,1.15907,9049,6,0,4162.34,0.00027846595905187945,-1.2741080505752367,-0.002163831274421435,0.00902105308768975,0.2117354529343797,-0.020574520394071143,0.09254846598992675,0.002792266457869008
2025-11-26 08:00:00,1.15907,1.15957,1.15656,1.1571500000000001,13929,6,0,4162.84,0.000277971288831663,-1.3207831320406527,-0.00177662520773203,0.010547389909903247,0.22980226934796508,-0.026809678810416678,0.08216228839944825,0.008349542313310199
2025-11-26 12:00:00,1.1571500000000001,1.1583700000000001,1.15483,1.15522,21580,7,0,4153.39,0.00027813906230813863,-1.1304901197880082,0.0006021939069774662,0.011695125497082444,0.24467599331322998,-0.023796524191268823,0.07244106944153753,0.0013283894423175013
2025-11-26 16:00:00,1.15523,1.16006,1.15468,1.15928,19860,7,0,4167.2,0.0002781915914762911,-1.0081276047233434,0.00018948732667811718,0.012026971924864616,0.2942456410589265,-0.009991759434033244,0.06221682815068848,0.012117134731171486
2025-11-26 20:00:00,1.15927,1.15962,1.15889,1.15924,2082,0,0,4164.93,0.0002783336094484181,-0.8676938573975935,0.0005102260995195618,0.012057259240299234,0.2918220099107857,0.004464027406812114,0.05288799252703861,0.00396288770130826
