time,open,high,low,close,tick_volume,spread,real_volume,sent_mean,sent_std,sent_min,sent_max,impact_mean,impact_sum,sent_balance,sent_ma_24h,sent_trend,impact_volatility,retorno
2024-08-21 08:00:00,1.64977,1.65005,1.64853,1.64945,1344,100,0,0.0,0.0,0.0,0.0,0.0,0.0,0.0,0.0,0.0,0.0,
2024-08-21 12:00:00,1.64945,1.65071,1.6481400000000002,1.64819,10134,100,0,0.0,0.0,0.0,0.0,0.0,0.0,0.0,0.0,0.0,0.0,-0.0007638909939676752
2024-08-21 16:00:00,1.64822,1.65389,1.64747,1.6533,14537,100,0,0.0,0.0,0.0,0.0,0.0,0.0,0.0,0.0,0.0,0.0,0.0031003707096874944
2024-08-21 20:00:00,1.65339,1.6542400000000002,1.65173,1.65299,7015,100,0,0.0,0.0,0.0,0.0,0.0,0.0,0.0,0.0,0.0,0.0,-0.00018750378031817672
2024-08-22 00:00:00,1.65277,1.6539700000000002,1.65159,1.65325,6123,100,0,0.0,0.0,0.0,0.0,0.0,0.0,0.0,0.0,0.0,0.0,0.00015729072771164532
2024-08-22 04:00:00,1.65319,1.65594,1.65255,1.65309,6619,100,0,0.0,0.0,0.0,0.0,0.0,0.0,0.0,0.0,0.0,0.0,-9.67790715258321e-05
2024-08-22 08:00:00,1.6530399999999998,1.65381,1.64885,1.65221,10715,100,0,0.0,0.0,0.0,0.0,0.0,0.0,0.0,0.0,0.0,0.0,-0.0005323364124155683
2024-08-22 12:00:00,1.65222,1.65612,1.65169,1.6549,11377,100,0,0.0,0.0,0.0,0.0,0.0,0.0,0.0,0.0,0.0,0.0,0.0016281223331175987
2024-08-22 16:00:00,1.65491,1.6572900000000002,1.6544,1.65723,13087,100,0,0.0,0.0,0.0,0.0,0.0,0.0,0.0,0.0,0.0,0.0,0.0014079400568010048
2024-08-22 20:00:00,1.65721,1.65816,1.65572,1.6570200000000002,5866,100,0,0.0,0.0,0.0,0.0,0.0,0.0,0.0,0.0,0.0,0.0,-0.00012671747433956604
2024-08-23 00:00:00,1.65722,1.65771,1.65576,1.65635,6530,100,0,0.0,0.0,0.0,0.0,0.0,0.0,0.0,0.0,0.0,0.0,-0.0004043403217826036
2024-08-23 04:00:00,1.65637,1.65749,1.65421,1.65512,6944,100,0,0.0,0.0,0.0,0.0,0.0,0.0,0.0,0.0,0.0,0.0,-0.0007425966734084799
2024-08-23 08:00:00,1.65506,1.6551399999999998,1.65171,1.6519,10154,100,0,0.0,0.0,0.0,0.0,0.0,0.0,0.0,0.0,0.0,0.0,-0.0019454782734786846
2024-08-23 12:00:00,1.65187,1.65279,1.65021,1.65069,10033,100,0,0.0,0.0,0.0,0.0,0.0,0.0,0.0,0.0,0.0,0.0,-0.0007324898601609453
2024-08-23 16:00:00,1.65068,1.6514600000000002,1.64644,1.64697,17584,100,0,0.0,0.0,0.0,0.0,0.0,0.0,0.0,0.0,0.0,0.0,-0.002253603038729235
2024-08-23 20:00:00,1.64697,1.6475300000000002,1.64526,1.6462599999999998,6542,100,0,0.0,0.0,0.0,0.0,0.0,0.0,0.0,0.0,0.0,0.0,-0.00043109467689161907
2024-08-26 00:00:00,1.64701,1.6489,1.64588,1.64802,9070,100,0,0.0,0.0,0.0,0.0,0.0,0.0,0.0,0.0,0.0,0.0,0.0010690899371910145
2024-08-26 04:00:00,1.64802,1.65048,1.64757,1.64972,7303,100,0,0.0,0.0,0.0,0.0,0.0,0.0,0.0,0.0,0.0,0.0,0.0010315408793581948
2024-08-26 08:00:00,1.64978,1.65106,1.64849,1.64928,10879,100,0,0.0,0.0,0.0,0.0,0.0,0.0,0.0,0.0,0.0,0.0,-0.0002667119268724427
2024-08-26 12:00:00,1.64927,1.64946,1.64506,1.64606,11882,100,0,0.0,0.0,0.0,0.0,0.0,0.0,0.0,0.0,0.0,0.0,-0.0019523670935196469
2024-08-26 16:00:00,1.64605,1.64857,1.64554,1.6475,11926,100,0,0.0,0.0,0.0,0.0,0.0,0.0,0.0,0.0,0.0,0.0,0.0008748162278409133
2024-08-26 20:00:00,1.64752,1.64836,1.64632,1.64784,5484,100,0,0.0,0.0,0.0,0.0,0.0,0.0,0.0,0.0,0.0,0.0,0.00020637329286787853
2024-08-27 00:00:00,1.6478199999999998,1.65007,1.647,1.64732,5878,100,0,0.0,0.0,0.0,0.0,0.0,0.0,0.0,0.0,0.0,0.0,-0.0003155646179241467
2024-08-27 04:00:00,1.64732,1.64793,1.64467,1.6448,6448,100,0,0.0,0.0,0.0,0.0,0.0,0.0,0.0,0.0,0.0,0.0,-0.0015297574241798229
2024-08-27 08:00:00,1.6448,1.64837,1.64424,1.64621,10485,100,0,0.0,0.0,0.0,0.0,0.0,0.0,0.0,0.0,0.0,0.0,0.000857247081712087
2024-08-27 12:00:00,1.64621,1.64862,1.64494,1.64799,11230,100,0,0.0,0.0,0.0,0.0,0.0,0.0,0.0,0.0,0.0,0.0,0.0010812715267189965
2024-08-27 16:00:00,1.6481599999999998,1.64879,1.64542,1.64669,12035,100,0,0.0,0.0,0.0,0.0,0.0,0.0,0.0,0.0,0.0,0.0,-0.0007888397381052847
2024-08-27 20:00:00,1.64665,1.64691,1.64548,1.64585,5674,100,0,0.0,0.0,0.0,0.0,0.0,0.0,0.0,0.0,0.0,0.0,-0.0005101142291505933
2024-08-28 00:00:00,1.64579,1.647,1.64034,1.6429,7333,100,0,0.0,0.0,0.0,0.0,0.0,0.0,0.0,0.0,0.0,0.0,-0.0017923869125375802
2024-08-28 04:00:00,1.6429,1.64333,1.64094,1.64118,8745,100,0,0.0,0.0,0.0,0.0,0.0,0.0,0.0,0.0,0.0,0.0,-0.00104692921054228
2024-08-28 08:00:00,1.64127,1.64175,1.63942,1.64131,4907,100,0,0.0,0.0,0.0,0.0,0.0,0.0,0.0,0.0,0.0,0.0,7.921129918719849e-05
2024-09-05 12:00:00,1.6502400000000002,1.65196,1.64766,1.64774,10512,12,0,0.0,0.0,0.0,0.0,0.0,0.0,0.0,0.0,0.0,0.0,0.003917602402958575
2024-09-05 16:00:00,1.64773,1.64974,1.64586,1.64892,33069,12,0,0.0,0.0,0.0,0.0,0.0,0.0,0.0,0.0,0.0,0.0,0.0007161323995290569
2024-09-05 20:00:00,1.64892,1.6503,1.6478199999999998,1.64815,17032,12,0,0.0,0.0,0.0,0.0,0.0,0.0,0.0,0.0,0.0,0.0,-0.0004669723212769039
2024-09-06 00:00:00,1.64732,1.64905,1.64732,1.64859,6240,12,0,0.0,0.0,0.0,0.0,0.0,0.0,0.0,0.0,0.0,0.0,0.0002669659921730183
2024-09-06 04:00:00,1.64859,1.65218,1.64847,1.65099,10529,12,0,0.0,0.0,0.0,0.0,0.0,0.0,0.0,0.0,0.0,0.0,0.00145578949283931
2024-09-06 08:00:00,1.65099,1.65414,1.64996,1.65064,17966,12,0,0.0,0.0,0.0,0.0,0.0,0.0,0.0,0.0,0.0,0.0,-0.00021199401571170284
2024-09-06 12:00:00,1.65064,1.65079,1.64404,1.6476,23638,12,0,0.0,0.0,0.0,0.0,0.0,0.0,0.0,0.0,0.0,0.0,-0.001841709882227538
2024-09-06 16:00:00,1.64761,1.66257,1.64614,1.66133,56040,12,0,0.0,0.0,0.0,0.0,0.0,0.0,0.0,0.0,0.0,0.0,0.008333333333333304
2024-09-06 20:00:00,1.66133,1.6628500000000002,1.65983,1.66182,21136,12,0,0.0,0.0,0.0,0.0,0.0,0.0,0.0,0.0,0.0,0.0,0.00029494441200728083
2024-09-09 00:00:00,1.66141,1.66301,1.66069,1.66203,7104,12,0,0.0,0.0,0.0,0.0,0.0,0.0,0.0,0.0,0.0,0.0,0.0001263674766218692
2024-09-09 04:00:00,1.66201,1.66201,1.65667,1.65899,12714,12,0,0.0,0.0,0.0,0.0,0.0,0.0,0.0,0.0,0.0,0.0,-0.001829088524274436
2024-09-09 08:00:00,1.65901,1.66094,1.65811,1.66,17064,12,0,0.0,0.0,0.0,0.0,0.0,0.0,0.0,0.0,0.0,0.0,0.0006088041519236587
2024-09-09 12:00:00,1.66,1.6606999999999998,1.65791,1.65963,16161,12,0,0.0,0.0,0.0,0.0,0.0,0.0,0.0,0.0,0.0,0.0,-0.0002228915662650932
2024-09-09 16:00:00,1.65963,1.66069,1.65542,1.65646,23120,12,0,0.0,0.0,0.0,0.0,0.0,0.0,0.0,0.0,0.0,0.0,-0.0019100642914383625
2024-09-09 20:00:00,1.65644,1.6585800000000002,1.65595,1.65659,13651,12,0,0.0,0.0,0.0,0.0,0.0,0.0,0.0,0.0,0.0,0.0,7.848061528803463e-05
2024-09-10 00:00:00,1.65632,1.65987,1.65581,1.65868,6124,12,0,0.0,0.0,0.0,0.0,0.0,0.0,0.0,0.0,0.0,0.0,0.0012616278016890359
2024-09-10 04:00:00,1.65867,1.65962,1.65602,1.65644,11375,12,0,0.0,0.0,0.0,0.0,0.0,0.0,0.0,0.0,0.0,0.0,-0.0013504714592326161
2024-09-10 08:00:00,1.65644,1.6582,1.6543,1.65783,13994,12,0,0.0,0.0,0.0,0.0,0.0,0.0,0.0,0.0,0.0,0.0,0.0008391490183767836
2024-09-10 12:00:00,1.65783,1.65837,1.65379,1.65491,15566,12,0,0.0,0.0,0.0,0.0,0.0,0.0,0.0,0.0,0.0,0.0,-0.001761338617349062
2024-09-10 16:00:00,1.65491,1.65908,1.65484,1.65759,29769,12,0,0.0,0.0,0.0,0.0,0.0,0.0,0.0,0.0,0.0,0.0,0.0016194234127533402
2024-09-10 20:00:00,1.6576,1.65783,1.65492,1.65631,13786,12,0,0.0,0.0,0.0,0.0,0.0,0.0,0.0,0.0,0.0,0.0,-0.0007722054307759407
2024-09-11 00:00:00,1.65393,1.65796,1.65346,1.65755,5908,12,0,0.0,0.0,0.0,0.0,0.0,0.0,0.0,0.0,0.0,0.0,0.0007486521243005306
2024-09-11 04:00:00,1.65755,1.66089,1.65662,1.66023,17401,12,0,0.0,0.0,0.0,0.0,0.0,0.0,0.0,0.0,0.0,0.0,0.0016168441374317943
2024-09-11 08:00:00,1.66023,1.66077,1.65623,1.65825,18964,12,0,0.0,0.0,0.0,0.0,0.0,0.0,0.0,0.0,0.0,0.0,-0.0011926058437686793
2024-09-11 12:00:00,1.65825,1.65984,1.65502,1.65545,25621,12,0,0.0,0.0,0.0,0.0,0.0,0.0,0.0,0.0,0.0,0.0,-0.001688527061661338
2024-09-11 16:00:00,1.65545,1.66173,1.65401,1.65468,41519,12,0,0.0,0.0,0.0,0.0,0.0,0.0,0.0,0.0,0.0,0.0,-0.0004651303271014928
2024-09-11 20:00:00,1.65467,1.65475,1.64953,1.64977,20735,12,0,0.0,0.0,0.0,0.0,0.0,0.0,0.0,0.0,0.0,0.0,-0.0029673411173156694
2024-09-12 00:00:00,1.64968,1.6503,1.64726,1.64917,6841,12,0,0.0,0.0,0.0,0.0,0.0,0.0,0.0,0.0,0.0,0.0,-0.0003636870594082575
2024-09-12 04:00:00,1.64917,1.65003,1.64567,1.64645,12061,12,0,0.0,0.0,0.0,0.0,0.0,0.0,0.0,0.0,0.0,0.0,-0.0016493145036594603
2024-09-12 08:00:00,1.64647,1.65339,1.64573,1.65097,16867,12,0,0.0,0.0,0.0,0.0,0.0,0.0,0.0,0.0,0.0,0.0,0.0027453004950044324
2024-09-12 12:00:00,1.65097,1.65138,1.64797,1.6508,22259,12,0,0.0,0.0,0.0,0.0,0.0,0.0,0.0,0.0,0.0,0.0,-0.0001029697692871423
2024-09-12 16:00:00,1.6508,1.65394,1.64699,1.64722,31904,12,0,0.0,0.0,0.0,0.0,0.0,0.0,0.0,0.0,0.0,0.0,-0.0021686455052096765
2024-09-12 20:00:00,1.64723,1.64772,1.64523,1.64717,21524,12,0,0.0,0.0,0.0,0.0,0.0,0.0,0.0,0.0,0.0,0.0,-3.0354172484425845e-05
2024-09-13 00:00:00,1.64644,1.6482,1.64629,1.64724,7541,12,0,0.0,0.0,0.0,0.0,0.0,0.0,0.0,0.0,0.0,0.0,4.249713144366396e-05
2024-09-13 04:00:00,1.6472,1.64953,1.64679,1.64815,11673,12,0,0.0,0.0,0.0,0.0,0.0,0.0,0.0,0.0,0.0,0.0,0.0005524392316844651
2024-09-13 08:00:00,1.64815,1.65242,1.64775,1.6518000000000002,16017,12,0,0.0,0.0,0.0,0.0,0.0,0.0,0.0,0.0,0.0,0.0,0.0022146042532538157
2024-09-13 12:00:00,1.6518000000000002,1.65644,1.64971,1.65372,18467,12,0,0.0,0.0,0.0,0.0,0.0,0.0,0.0,0.0,0.0,0.0,0.0011623683254631256
2024-09-13 16:00:00,1.65372,1.65438,1.64987,1.65206,31605,12,0,0.0,0.0,0.0,0.0,0.0,0.0,0.0,0.0,0.0,0.0,-0.0010037974989720588
2024-09-13 20:00:00,1.65207,1.65317,1.65116,1.65162,16519,12,0,0.0,0.0,0.0,0.0,0.0,0.0,0.0,0.0,0.0,0.0,-0.00026633415251264836
2024-09-16 00:00:00,1.65177,1.65326,1.65035,1.65205,6269,12,0,0.0,0.0,0.0,0.0,0.0,0.0,0.0,0.0,0.0,0.0,0.00026035044380656736
2024-09-16 04:00:00,1.65205,1.65351,1.64942,1.64943,9944,12,0,0.0,0.0,0.0,0.0,0.0,0.0,0.0,0.0,0.0,0.0,-0.0015859084168154958
2024-09-16 08:00:00,1.64943,1.65323,1.64888,1.65061,14315,12,0,0.0,0.0,0.0,0.0,0.0,0.0,0.0,0.0,0.0,0.0,0.0007153986528678491
2024-09-16 12:00:00,1.65062,1.65152,1.64842,1.65041,16916,12,0,0.0,0.0,0.0,0.0,0.0,0.0,0.0,0.0,0.0,0.0,-0.00012116732601885616
2024-09-16 16:00:00,1.65043,1.65229,1.64958,1.6502400000000002,23967,12,0,0.0,0.0,0.0,0.0,0.0,0.0,0.0,0.0,0.0,0.0,-0.00010300470792090621
2024-09-16 20:00:00,1.6502400000000002,1.65061,1.64791,1.64871,13290,12,0,0.0,0.0,0.0,0.0,0.0,0.0,0.0,0.0,0.0,0.0,-0.0009271378708552991
2024-09-17 00:00:00,1.64845,1.64964,1.64749,1.64941,5602,12,0,0.0,0.0,0.0,0.0,0.0,0.0,0.0,0.0,0.0,0.0,0.00042457436419995886
2024-09-17 04:00:00,1.64941,1.64995,1.64749,1.64978,9339,12,0,0.0,0.0,0.0,0.0,0.0,0.0,0.0,0.0,0.0,0.0,0.0002243226365792328
2024-09-17 08:00:00,1.64978,1.64984,1.64472,1.64746,16333,12,0,0.0,0.0,0.0,0.0,0.0,0.0,0.0,0.0,0.0,0.0,-0.0014062481058081389
2024-09-17 12:00:00,1.6475,1.64848,1.64557,1.64804,20778,12,0,0.0,0.0,0.0,0.0,0.0,0.0,0.0,0.0,0.0,0.0,0.000352057106090653
2024-09-17 16:00:00,1.64803,1.64809,1.64403,1.6467,29595,12,0,0.0,0.0,0.0,0.0,0.0,0.0,0.0,0.0,0.0,0.0,-0.0008130870609935892
2024-09-17 20:00:00,1.6467,1.64749,1.64464,1.64488,21178,12,0,0.0,0.0,0.0,0.0,0.0,0.0,0.0,0.0,0.0,0.0,-0.0011052407845996148
2024-09-18 00:00:00,1.64422,1.64545,1.64354,1.64397,4607,12,0,0.0,0.0,0.0,0.0,0.0,0.0,0.0,0.0,0.0,0.0,-0.0005532318467000863
2024-09-18 04:00:00,1.64399,1.64754,1.64282,1.64709,10588,12,0,0.0,0.0,0.0,0.0,0.0,0.0,0.0,0.0,0.0,0.0,0.0018978448511834944
2024-09-18 08:00:00,1.64711,1.64715,1.64137,1.64173,17590,12,0,0.0,0.0,0.0,0.0,0.0,0.0,0.0,0.0,0.0,0.0,-0.0032542241164721375
2024-09-18 12:00:00,1.6417199999999998,1.64247,1.63847,1.6411,16062,12,0,0.0,0.0,0.0,0.0,0.0,0.0,0.0,0.0,0.0,0.0,-0.0003837415409354561
2024-09-18 16:00:00,1.6411099999999998,1.64529,1.64066,1.64399,23886,12,0,0.0,0.0,0.0,0.0,0.0,0.0,0.0,0.0,0.0,0.0,0.0017610139540551462
2024-09-18 20:00:00,1.64399,1.646,1.63944,1.64352,58378,12,0,0.0,0.0,0.0,0.0,0.0,0.0,0.0,0.0,0.0,0.0,-0.0002858898168479618
2024-09-19 00:00:00,1.64242,1.64489,1.64027,1.64286,13364,12,0,0.0,0.0,0.0,0.0,0.0,0.0,0.0,0.0,0.0,0.0,-0.0004015771028037518
2024-09-19 04:00:00,1.6429200000000002,1.64401,1.63573,1.63726,27662,12,0,0.0,0.0,0.0,0.0,0.0,0.0,0.0,0.0,0.0,0.0,-0.003408689724017866
2024-09-19 08:00:00,1.63726,1.6381,1.63163,1.635,27813,12,0,0.0,0.0,0.0,0.0,0.0,0.0,0.0,0.0,0.0,0.0,-0.0013803549833257822
2024-09-19 12:00:00,1.63501,1.63635,1.6334,1.63449,27856,12,0,0.0,0.0,0.0,0.0,0.0,0.0,0.0,0.0,0.0,0.0,-0.0003119266055046088
2024-09-19 16:00:00,1.63449,1.63818,1.63332,1.63597,35894,12,0,0.0,0.0,0.0,0.0,0.0,0.0,0.0,0.0,0.0,0.0,0.0009054812204418727
2024-09-19 20:00:00,1.63598,1.6387,1.63513,1.63782,19654,12,0,0.0,0.0,0.0,0.0,0.0,0.0,0.0,0.0,0.0,0.0,0.0011308275824128966
2024-09-20 00:00:00,1.63657,1.6398700000000002,1.6352,1.63976,5522,12,0,0.0,0.0,0.0,0.0,0.0,0.0,0.0,0.0,0.0,0.0,0.0011845013493547718
2024-09-20 04:00:00,1.63976,1.64087,1.63566,1.63786,13613,12,0,0.0,0.0,0.0,0.0,0.0,0.0,0.0,0.0,0.0,0.0,-0.0011587061521198816
2024-09-20 08:00:00,1.63787,1.6399,1.63657,1.6393,22983,12,0,0.0,0.0,0.0,0.0,0.0,0.0,0.0,0.0,0.0,0.0,0.0008791960240801533
2024-09-20 12:00:00,1.63932,1.64012,1.63731,1.6380400000000002,19410,12,0,0.0,0.0,0.0,0.0,0.0,0.0,0.0,0.0,0.0,0.0,-0.0007686207527601852
2024-09-20 16:00:00,1.63807,1.64295,1.63802,1.63895,38418,12,0,0.0,0.0,0.0,0.0,0.0,0.0,0.0,0.0,0.0,0.0,0.0005555419892064872
2024-09-20 20:00:00,1.63897,1.64018,1.63842,1.63988,23341,12,0,0.0,0.0,0.0,0.0,0.0,0.0,0.0,0.0,0.0,0.0,0.0005674364684706834
2024-09-23 00:00:00,1.6392799999999998,1.64029,1.63731,1.63745,6167,12,0,0.0,0.0,0.0,0.0,0.0,0.0,0.0,0.0,0.0,0.0,-0.0014818157426153
2024-09-23 04:00:00,1.63745,1.6380400000000002,1.6331,1.63359,9923,12,0,0.0,0.0,0.0,0.0,0.0,0.0,0.0,0.0,0.0,0.0,-0.0023573238877522273
2024-09-23 08:00:00,1.63359,1.63636,1.62835,1.6284,25069,12,0,0.0,0.0,0.0,0.0,0.0,0.0,0.0,0.0,0.0,0.0,-0.0031770517694158507
2024-09-23 12:00:00,1.6284,1.62957,1.62612,1.62657,21054,12,0,0.0,0.0,0.0,0.0,0.0,0.0,0.0,0.0,0.0,0.0,-0.0011238025055269052
2024-09-23 16:00:00,1.62656,1.62827,1.62463,1.6266699999999998,35098,12,0,0.0,0.0,0.0,0.0,0.0,0.0,0.0,0.0,0.0,0.0,6.147906330489228e-05
2024-09-23 20:00:00,1.6267,1.62711,1.6233300000000002,1.62481,16545,12,0,0.0,0.0,0.0,0.0,0.0,0.0,0.0,0.0,0.0,0.0,-0.0011434402798353727
2024-09-24 00:00:00,1.62358,1.62706,1.62358,1.62585,5757,12,0,0.0,0.0,0.0,0.0,0.0,0.0,0.0,0.0,0.0,0.0,0.0006400748395196665
2024-09-24 04:00:00,1.62586,1.62589,1.61928,1.62,15796,12,0,0.0,0.0,0.0,0.0,0.0,0.0,0.0,0.0,0.0,0.0,-0.003598117907556042
2024-09-24 08:00:00,1.62,1.6313,1.61855,1.62957,25642,12,0,0.0,0.0,0.0,0.0,0.0,0.0,0.0,0.0,0.0,0.0,0.00590740740740725
2024-09-24 12:00:00,1.62957,1.63028,1.62344,1.62441,19280,12,0,0.0,0.0,0.0,0.0,0.0,0.0,0.0,0.0,0.0,0.0,-0.0031664795007272373
2024-09-24 16:00:00,1.62441,1.6245,1.62051,1.62153,28730,12,0,0.0,0.0,0.0,0.0,0.0,0.0,0.0,0.0,0.0,0.0,-0.0017729514100504051
2024-09-24 20:00:00,1.62152,1.62259,1.62111,1.62198,12240,12,0,0.0,0.0,0.0,0.0,0.0,0.0,0.0,0.0,0.0,0.0,0.0002775156796359646
2024-09-25 00:00:00,1.62153,1.62334,1.61976,1.62262,7247,12,0,0.0,0.0,0.0,0.0,0.0,0.0,0.0,0.0,0.0,0.0,0.0003945794646049716
2024-09-25 04:00:00,1.62261,1.62685,1.6217700000000002,1.62524,17801,12,0,0.0,0.0,0.0,0.0,0.0,0.0,0.0,0.0,0.0,0.0,0.0016146725665899808
2024-09-25 08:00:00,1.62525,1.62781,1.62337,1.62441,19572,12,0,0.0,0.0,0.0,0.0,0.0,0.0,0.0,0.0,0.0,0.0,-0.0005106938052227283
2024-09-25 12:00:00,1.6244,1.63061,1.62437,1.62965,19563,12,0,0.0,0.0,0.0,0.0,0.0,0.0,0.0,0.0,0.0,0.0,0.0032257865932863172
2024-09-25 16:00:00,1.62965,1.63102,1.62647,1.63088,32562,12,0,0.0,0.0,0.0,0.0,0.0,0.0,0.0,0.0,0.0,0.0,0.0007547632927316084
2024-09-25 20:00:00,1.63089,1.63179,1.62985,1.63144,18049,12,0,0.0,0.0,0.0,0.0,0.0,0.0,0.0,0.0,0.0,0.0,0.000343372902972483
2024-09-26 00:00:00,1.631,1.63205,1.62934,1.62978,6772,12,0,0.0,0.0,0.0,0.0,0.0,0.0,0.0,0.0,0.0,0.0,-0.0010175060069631536
2024-09-26 04:00:00,1.62978,1.63026,1.62704,1.62777,12182,12,0,0.0,0.0,0.0,0.0,0.0,0.0,0.0,0.0,0.0,0.0,-0.0012332952913890471
2024-09-26 08:00:00,1.62781,1.62819,1.6212,1.62367,23106,12,0,0.0,0.0,0.0,0.0,0.0,0.0,0.0,0.0,0.0,0.0,-0.0025187833662003722
2024-09-26 12:00:00,1.62367,1.6243,1.61888,1.61938,25171,12,0,0.0,0.0,0.0,0.0,0.0,0.0,0.0,0.0,0.0,0.0,-0.0026421625083914435
2024-09-26 16:00:00,1.61938,1.6233499999999998,1.61837,1.62186,39341,12,0,0.0,0.0,0.0,0.0,0.0,0.0,0.0,0.0,0.0,0.0,0.0015314503081427233
2024-09-26 20:00:00,1.62186,1.62215,1.61987,1.62076,20256,12,0,0.0,0.0,0.0,0.0,0.0,0.0,0.0,0.0,0.0,0.0,-0.0006782336329893557
2024-09-27 00:00:00,1.6203,1.6227399999999998,1.61952,1.62162,7389,12,0,0.0,0.0,0.0,0.0,0.0,0.0,0.0,0.0,0.0,0.0,0.0005306152669117825
2024-09-27 04:00:00,1.62164,1.62461,1.6209,1.62311,15409,12,0,0.0,0.0,0.0,0.0,0.0,0.0,0.0,0.0,0.0,0.0,0.0009188342521675441
2024-09-27 08:00:00,1.62311,1.62508,1.61616,1.61828,31707,12,0,0.0,0.0,0.0,0.0,0.0,0.0,0.0,0.0,0.0,0.0,-0.002975768740257956
2024-09-27 12:00:00,1.6183,1.62209,1.61392,1.61721,23663,12,0,0.0,0.0,0.0,0.0,0.0,0.0,0.0,0.0,0.0,0.0,-0.0006611958375558613
2024-09-27 16:00:00,1.61721,1.6175199999999998,1.6116700000000002,1.61381,35532,12,0,0.0,0.0,0.0,0.0,0.0,0.0,0.0,0.0,0.0,0.0,-0.002102386208346463
2024-09-27 20:00:00,1.6138,1.61768,1.61363,1.61751,18734,12,0,0.0,0.0,0.0,0.0,0.0,0.0,0.0,0.0,0.0,0.0,0.0022927110378545557
2024-09-30 00:00:00,1.61497,1.61728,1.61333,1.61362,9448,12,0,0.0,0.0,0.0,0.0,0.0,0.0,0.0,0.0,0.0,0.0,-0.0024049310359750553
2024-09-30 04:00:00,1.61362,1.61426,1.60921,1.6101100000000002,22144,12,0,0.0,0.0,0.0,0.0,0.0,0.0,0.0,0.0,0.0,0.0,-0.0021752333263097556
2024-09-30 08:00:00,1.6101100000000002,1.61817,1.6086399999999998,1.6177899999999998,30952,13,0,0.0,0.0,0.0,0.0,0.0,0.0,0.0,0.0,0.0,0.0,0.004769860444317375
2024-09-30 12:00:00,1.6177700000000002,1.61857,1.61491,1.61507,27462,13,0,0.0,0.0,0.0,0.0,0.0,0.0,0.0,0.0,0.0,0.0,-0.0016813059791442875
2024-09-30 16:00:00,1.61507,1.61537,1.60632,1.60655,43762,12,0,0.0,0.0,0.0,0.0,0.0,0.0,0.0,0.0,0.0,0.0,-0.005275313144321947
2024-09-30 20:00:00,1.60655,1.6116899999999998,1.60653,1.61041,33310,12,0,0.0,0.0,0.0,0.0,0.0,0.0,0.0,0.0,0.0,0.0,0.002402664093865692
2024-10-01 00:00:00,1.60945,1.61136,1.60927,1.61034,11015,12,0,0.0,0.0,0.0,0.0,0.0,0.0,0.0,0.0,0.0,0.0,-4.3467191584656284e-05
2024-10-01 04:00:00,1.61034,1.61075,1.60658,1.60766,21985,12,0,0.0,0.0,0.0,0.0,0.0,0.0,0.0,0.0,0.0,0.0,-0.0016642448178645353
2024-10-01 08:00:00,1.60766,1.61089,1.60631,1.60727,31885,12,0,0.0,0.0,0.0,0.0,0.0,0.0,0.0,0.0,0.0,0.0,-0.00024258860704384766
2024-10-01 12:00:00,1.60727,1.60776,1.6018599999999998,1.60239,29733,12,0,0.0,0.0,0.0,0.0,0.0,0.0,0.0,0.0,0.0,0.0,-0.003036204246952945
2024-10-01 16:00:00,1.60239,1.61084,1.60239,1.60831,61925,12,0,0.0,0.0,0.0,0.0,0.0,0.0,0.0,0.0,0.0,0.0,0.0036944813684558486
2024-10-01 20:00:00,1.60831,1.61132,1.60487,1.60776,30697,12,0,0.0,0.0,0.0,0.0,0.0,0.0,0.0,0.0,0.0,0.0,-0.0003419738731960109
2024-10-02 00:00:00,1.60588,1.60909,1.6046200000000002,1.6076700000000002,8180,12,0,0.0,0.0,0.0,0.0,0.0,0.0,0.0,0.0,0.0,0.0,-5.597850425431705e-05
2024-10-02 04:00:00,1.6076700000000002,1.6076700000000002,1.6003699999999998,1.60551,21398,12,0,0.0,0.0,0.0,0.0,0.0,0.0,0.0,0.0,0.0,0.0,-0.0013435593125455947
2024-10-02 08:00:00,1.6055199999999998,1.6086399999999998,1.6041,1.60582,31024,12,0,0.0,0.0,0.0,0.0,0.0,0.0,0.0,0.0,0.0,0.0,0.00019308506331316977
2024-10-02 12:00:00,1.60583,1.60635,1.60205,1.60319,25625,12,0,0.0,0.0,0.0,0.0,0.0,0.0,0.0,0.0,0.0,0.0,-0.001637792529673443
2024-10-02 16:00:00,1.60318,1.60641,1.60229,1.6046,41284,12,0,0.0,0.0,0.0,0.0,0.0,0.0,0.0,0.0,0.0,0.0,0.000879496503845445
2024-10-02 20:00:00,1.6046200000000002,1.60559,1.60348,1.60407,23517,12,0,0.0,0.0,0.0,0.0,0.0,0.0,0.0,0.0,0.0,0.0,-0.00033030038638903747
2024-10-03 00:00:00,1.60466,1.6058599999999998,1.6036899999999998,1.60444,8429,12,0,0.0,0.0,0.0,0.0,0.0,0.0,0.0,0.0,0.0,0.0,0.00023066325035681068
2024-10-03 04:00:00,1.60444,1.60834,1.60376,1.60831,19890,12,0,0.0,0.0,0.0,0.0,0.0,0.0,0.0,0.0,0.0,0.0,0.002412056543092733
2024-10-03 08:00:00,1.60835,1.61222,1.60513,1.61116,30838,12,0,0.0,0.0,0.0,0.0,0.0,0.0,0.0,0.0,0.0,0.0,0.001772046433834218
2024-10-03 12:00:00,1.61116,1.61387,1.61111,1.61329,25880,12,0,0.0,0.0,0.0,0.0,0.0,0.0,0.0,0.0,0.0,0.0,0.0013220288487796328
2024-10-03 16:00:00,1.61333,1.61349,1.6086399999999998,1.61027,47174,12,0,0.0,0.0,0.0,0.0,0.0,0.0,0.0,0.0,0.0,0.0,-0.001871951106124592
2024-10-03 20:00:00,1.61027,1.6124,1.61021,1.6122999999999998,20236,12,0,0.0,0.0,0.0,0.0,0.0,0.0,0.0,0.0,0.0,0.0,0.0012606581504963632
2024-10-04 00:00:00,1.61137,1.61287,1.61059,1.61088,6537,12,0,0.0,0.0,0.0,0.0,0.0,0.0,0.0,0.0,0.0,0.0,-0.0008807293927927118
2024-10-04 04:00:00,1.61088,1.61211,1.60987,1.61204,20229,12,0,0.0,0.0,0.0,0.0,0.0,0.0,0.0,0.0,0.0,0.0,0.0007201032975763244
2024-10-04 08:00:00,1.61204,1.61317,1.61049,1.61157,22107,12,0,0.0,0.0,0.0,0.0,0.0,0.0,0.0,0.0,0.0,0.0,-0.00029155604079300623
2024-10-04 12:00:00,1.61157,1.6151,1.61005,1.61336,29118,12,0,0.0,0.0,0.0,0.0,0.0,0.0,0.0,0.0,0.0,0.0,0.0011107181195977311
2024-10-04 16:00:00,1.61335,1.61503,1.61185,1.6127,47187,12,0,0.0,0.0,0.0,0.0,0.0,0.0,0.0,0.0,0.0,0.0,-0.00040908414736939847
2024-10-04 20:00:00,1.6127,1.6154,1.61224,1.61527,16798,12,0,0.0,0.0,0.0,0.0,0.0,0.0,0.0,0.0,0.0,0.0,0.0015936007937000785
2024-10-07 00:00:00,1.61362,1.61446,1.61145,1.6131,10381,12,0,0.0,0.0,0.0,0.0,0.0,0.0,0.0,0.0,0.0,0.0,-0.001343428652794909
2024-10-07 04:00:00,1.6131,1.61402,1.61095,1.61159,18949,12,0,0.0,0.0,0.0,0.0,0.0,0.0,0.0,0.0,0.0,0.0,-0.000936085797532682
2024-10-07 08:00:00,1.61159,1.6168900000000002,1.61142,1.61661,25872,12,0,0.0,0.0,0.0,0.0,0.0,0.0,0.0,0.0,0.0,0.0,0.00311493618103853
2024-10-07 12:00:00,1.61661,1.61785,1.61398,1.61743,22031,12,0,0.0,0.0,0.0,0.0,0.0,0.0,0.0,0.0,0.0,0.0,0.0005072342741909708
2024-10-07 16:00:00,1.61745,1.62492,1.61658,1.6244,34573,12,0,0.0,0.0,0.0,0.0,0.0,0.0,0.0,0.0,0.0,0.0,0.004309305503174876
2024-10-07 20:00:00,1.62438,1.6263999999999998,1.62351,1.62399,16386,12,0,0.0,0.0,0.0,0.0,0.0,0.0,0.0,0.0,0.0,0.0,-0.0002524008864811522
2024-10-08 00:00:00,1.62347,1.6260599999999998,1.6219,1.62245,9800,12,0,0.0,0.0,0.0,0.0,0.0,0.0,0.0,0.0,0.0,0.0,-0.0009482817012420597
2024-10-08 04:00:00,1.62245,1.63397,1.62245,1.6305,38407,12,0,0.0,0.0,0.0,0.0,0.0,0.0,0.0,0.0,0.0,0.0,0.004961632099602431
2024-10-08 08:00:00,1.6305,1.63417,1.62925,1.63337,25782,12,0,0.0,0.0,0.0,0.0,0.0,0.0,0.0,0.0,0.0,0.0,0.0017601962588162934
2024-10-08 12:00:00,1.63337,1.63527,1.62859,1.63011,19315,12,0,0.0,0.0,0.0,0.0,0.0,0.0,0.0,0.0,0.0,0.0,-0.0019958735620221324
2024-10-08 16:00:00,1.63011,1.63234,1.62754,1.62872,30643,12,0,0.0,0.0,0.0,0.0,0.0,0.0,0.0,0.0,0.0,0.0,-0.0008527031918091899
2024-10-08 20:00:00,1.62872,1.6297700000000002,1.62615,1.62719,17239,12,0,0.0,0.0,0.0,0.0,0.0,0.0,0.0,0.0,0.0,0.0,-0.0009393879856575138
2024-10-09 00:00:00,1.62568,1.62922,1.6245699999999998,1.62811,7194,12,0,0.0,0.0,0.0,0.0,0.0,0.0,0.0,0.0,0.0,0.0,0.0005653918718773188
2024-10-09 04:00:00,1.62811,1.63074,1.62626,1.62889,34976,12,0,0.0,0.0,0.0,0.0,0.0,0.0,0.0,0.0,0.0,0.0,0.0004790831086352032
2024-10-09 08:00:00,1.62889,1.62955,1.62283,1.62816,34551,12,0,0.0,0.0,0.0,0.0,0.0,0.0,0.0,0.0,0.0,0.0,-0.00044815794805042053
2024-10-09 12:00:00,1.62816,1.63058,1.6269900000000002,1.63003,20123,12,0,0.0,0.0,0.0,0.0,0.0,0.0,0.0,0.0,0.0,0.0,0.0011485357704403842
2024-10-09 16:00:00,1.63003,1.63191,1.62784,1.62897,26762,12,0,0.0,0.0,0.0,0.0,0.0,0.0,0.0,0.0,0.0,0.0,-0.0006502947798506797
2024-10-09 20:00:00,1.62897,1.62964,1.62793,1.6282100000000002,15064,12,0,0.0,0.0,0.0,0.0,0.0,0.0,0.0,0.0,0.0,0.0,-0.00046655248408500327
2024-10-10 00:00:00,1.62783,1.62966,1.62679,1.62877,8046,12,0,0.0,0.0,0.0,0.0,0.0,0.0,0.0,0.0,0.0,0.0,0.00034393597877424575
2024-10-10 04:00:00,1.62881,1.62909,1.62307,1.62353,24450,12,0,0.0,0.0,0.0,0.0,0.0,0.0,0.0,0.0,0.0,0.0,-0.003217151592919909
2024-10-10 08:00:00,1.62353,1.62648,1.62258,1.6260599999999998,18996,12,0,0.0,0.0,0.0,0.0,0.0,0.0,0.0,0.0,0.0,0.0,0.0015583327687198611
2024-10-10 12:00:00,1.6260599999999998,1.62828,1.62445,1.62541,27433,12,0,0.0,0.0,0.0,0.0,0.0,0.0,0.0,0.0,0.0,0.0,-0.00039973924701419694
2024-10-10 16:00:00,1.6254,1.62907,1.6217700000000002,1.62321,37869,12,0,0.0,0.0,0.0,0.0,0.0,0.0,0.0,0.0,0.0,0.0,-0.001353504654210358
2024-10-10 20:00:00,1.62321,1.62419,1.62141,1.62226,19871,12,0,0.0,0.0,0.0,0.0,0.0,0.0,0.0,0.0,0.0,0.0,-0.0005852600710937184
2024-10-11 00:00:00,1.62044,1.62271,1.62041,1.62241,7621,12,0,0.0,0.0,0.0,0.0,0.0,0.0,0.0,0.0,0.0,0.0,9.24636001626844e-05
2024-10-11 04:00:00,1.62241,1.62244,1.62027,1.62176,11619,12,0,0.0,0.0,0.0,0.0,0.0,0.0,0.0,0.0,0.0,0.0,-0.00040063855622185507
2024-10-11 08:00:00,1.62176,1.62561,1.62144,1.62485,13829,12,0,0.0,0.0,0.0,0.0,0.0,0.0,0.0,0.0,0.0,0.0,0.001905337411207464
2024-10-11 12:00:00,1.62487,1.62538,1.6215000000000002,1.62374,21036,12,0,0.0,0.0,0.0,0.0,0.0,0.0,0.0,0.0,0.0,0.0,-0.0006831399821521922
2024-10-11 16:00:00,1.62374,1.62481,1.61937,1.61959,25487,12,0,0.0,0.0,0.0,0.0,0.0,0.0,0.0,0.0,0.0,0.0,-0.0025558279034819664
2024-10-11 20:00:00,1.61959,1.62011,1.61864,1.61946,10846,12,0,0.0,0.0,0.0,0.0,0.0,0.0,0.0,0.0,0.0,0.0,-8.026722812570775e-05
2024-10-14 00:00:00,1.62075,1.6245,1.61844,1.62175,9771,12,0,0.0,0.0,0.0,0.0,0.0,0.0,0.0,0.0,0.0,0.0,0.0014140515974461199
2024-10-14 04:00:00,1.62175,1.62412,1.62002,1.62132,22026,12,0,0.0,0.0,0.0,0.0,0.0,0.0,0.0,0.0,0.0,0.0,-0.0002651456759672488
2024-10-14 08:00:00,1.62132,1.62465,1.62037,1.62413,16128,12,0,0.0,0.0,0.0,0.0,0.0,0.0,0.0,0.0,0.0,0.0,0.0017331557002935316
2024-10-14 12:00:00,1.62413,1.62705,1.62343,1.6269,13505,12,0,0.0,0.0,0.0,0.0,0.0,0.0,0.0,0.0,0.0,0.0,0.0017055284983344965
2024-10-14 16:00:00,1.6269,1.62771,1.62038,1.62111,24535,12,0,0.0,0.0,0.0,0.0,0.0,0.0,0.0,0.0,0.0,0.0,-0.0035589157293011153
2024-10-14 20:00:00,1.62111,1.6223,1.62109,1.62161,13381,12,0,0.0,0.0,0.0,0.0,0.0,0.0,0.0,0.0,0.0,0.0,0.0003084306432012962
2024-10-15 00:00:00,1.62106,1.62276,1.62052,1.6212,7100,12,0,0.0,0.0,0.0,0.0,0.0,0.0,0.0,0.0,0.0,0.0,-0.0002528351453185973
2024-10-15 04:00:00,1.62121,1.623,1.61971,1.62249,16387,12,0,0.0,0.0,0.0,0.0,0.0,0.0,0.0,0.0,0.0,0.0,0.0007957068837898262
2024-10-15 08:00:00,1.62249,1.62602,1.62132,1.62461,20891,12,0,0.0,0.0,0.0,0.0,0.0,0.0,0.0,0.0,0.0,0.0,0.0013066336310239013
2024-10-15 12:00:00,1.62461,1.6263999999999998,1.62294,1.62422,21514,12,0,0.0,0.0,0.0,0.0,0.0,0.0,0.0,0.0,0.0,0.0,-0.00024005761382739355
2024-10-15 16:00:00,1.62422,1.62654,1.62181,1.62367,30355,12,0,0.0,0.0,0.0,0.0,0.0,0.0,0.0,0.0,0.0,0.0,-0.00033862407801898975
2024-10-15 20:00:00,1.62367,1.62529,1.62364,1.6245500000000002,15065,12,0,0.0,0.0,0.0,0.0,0.0,0.0,0.0,0.0,0.0,0.0,0.0005419820530034869
2024-10-16 00:00:00,1.62323,1.63191,1.62222,1.62951,11031,12,0,0.0,0.0,0.0,0.0,0.0,0.0,0.0,0.0,0.0,0.0,0.003053153180880841
2024-10-16 04:00:00,1.62951,1.63052,1.62578,1.62744,17628,12,0,0.0,0.0,0.0,0.0,0.0,0.0,0.0,0.0,0.0,0.0,-0.0012703205258022265
2024-10-16 08:00:00,1.62744,1.62801,1.62497,1.62685,21182,12,0,0.0,0.0,0.0,0.0,0.0,0.0,0.0,0.0,0.0,0.0,-0.0003625325664848855
2024-10-16 12:00:00,1.62684,1.63149,1.62674,1.63139,17787,12,0,0.0,0.0,0.0,0.0,0.0,0.0,0.0,0.0,0.0,0.0,0.0027906690844270443
2024-10-16 16:00:00,1.63139,1.63275,1.63003,1.63005,25125,12,0,0.0,0.0,0.0,0.0,0.0,0.0,0.0,0.0,0.0,0.0,-0.0008213854443143154
2024-10-16 20:00:00,1.63005,1.63012,1.62857,1.62922,12641,12,0,0.0,0.0,0.0,0.0,0.0,0.0,0.0,0.0,0.0,0.0,-0.0005091868347597561
2024-10-17 00:00:00,1.62812,1.6303999999999998,1.62216,1.62286,10621,12,0,0.0,0.0,0.0,0.0,0.0,0.0,0.0,0.0,0.0,0.0,-0.0039037085230968493
2024-10-17 04:00:00,1.62286,1.62402,1.61897,1.62235,24059,12,0,0.0,0.0,0.0,0.0,0.0,0.0,0.0,0.0,0.0,0.0,-0.0003142600101055937
2024-10-17 08:00:00,1.62235,1.62649,1.62123,1.62477,17791,12,0,0.0,0.0,0.0,0.0,0.0,0.0,0.0,0.0,0.0,0.0,0.001491663327888526
2024-10-17 12:00:00,1.62477,1.62479,1.62003,1.6205500000000002,23109,12,0,0.0,0.0,0.0,0.0,0.0,0.0,0.0,0.0,0.0,0.0,-0.002597290693451937
2024-10-17 16:00:00,1.62056,1.62103,1.61488,1.61563,35553,12,0,0.0,0.0,0.0,0.0,0.0,0.0,0.0,0.0,0.0,0.0,-0.0030360062941595656
2024-10-17 20:00:00,1.61563,1.61782,1.6154,1.61729,12449,12,0,0.0,0.0,0.0,0.0,0.0,0.0,0.0,0.0,0.0,0.0,0.001027462971101123
2024-10-18 00:00:00,1.61592,1.61757,1.61551,1.61662,6617,12,0,0.0,0.0,0.0,0.0,0.0,0.0,0.0,0.0,0.0,0.0,-0.0004142732595885379
2024-10-18 04:00:00,1.61662,1.61754,1.6133,1.61726,22362,12,0,0.0,0.0,0.0,0.0,0.0,0.0,0.0,0.0,0.0,0.0,0.0003958877163463548
2024-10-18 08:00:00,1.61727,1.6181100000000002,1.6135199999999998,1.61462,20957,12,0,0.0,0.0,0.0,0.0,0.0,0.0,0.0,0.0,0.0,0.0,-0.0016323905865476274
2024-10-18 12:00:00,1.61462,1.61775,1.61402,1.61757,17913,12,0,0.0,0.0,0.0,0.0,0.0,0.0,0.0,0.0,0.0,0.0,0.0018270552823573816
2024-10-18 16:00:00,1.61759,1.62032,1.61617,1.61963,20837,12,0,0.0,0.0,0.0,0.0,0.0,0.0,0.0,0.0,0.0,0.0,0.0012735152110883163
2024-10-18 20:00:00,1.61963,1.62117,1.61924,1.62026,8023,12,0,0.0,0.0,0.0,0.0,0.0,0.0,0.0,0.0,0.0,0.0,0.0003889777294814323
2024-10-21 00:00:00,1.61847,1.6213,1.6181,1.6196199999999998,7592,12,0,0.0,0.0,0.0,0.0,0.0,0.0,0.0,0.0,0.0,0.0,-0.0003949983336009044
2024-10-21 04:00:00,1.6196199999999998,1.61991,1.61621,1.6196000000000002,17735,12,0,0.0,0.0,0.0,0.0,0.0,0.0,0.0,0.0,0.0,0.0,-1.2348575591625277e-05
2024-10-21 08:00:00,1.6196000000000002,1.62405,1.61955,1.62222,17978,12,0,0.0,0.0,0.0,0.0,0.0,0.0,0.0,0.0,0.0,0.0,0.0016176833786119005
2024-10-21 12:00:00,1.62222,1.62357,1.62073,1.62233,16649,12,0,0.0,0.0,0.0,0.0,0.0,0.0,0.0,0.0,0.0,0.0,6.780831206620874e-05
2024-10-21 16:00:00,1.62233,1.62622,1.62071,1.62433,23614,12,0,0.0,0.0,0.0,0.0,0.0,0.0,0.0,0.0,0.0,0.0,0.001232794807468185
2024-10-21 20:00:00,1.62433,1.6251600000000002,1.62339,1.62403,12720,12,0,0.0,0.0,0.0,0.0,0.0,0.0,0.0,0.0,0.0,0.0,-0.0001846915343556299
2024-10-22 00:00:00,1.62117,1.62594,1.62117,1.62517,6891,12,0,0.0,0.0,0.0,0.0,0.0,0.0,0.0,0.0,0.0,0.0,0.0007019574761548686
2024-10-22 04:00:00,1.62517,1.62556,1.61753,1.61814,21814,12,0,0.0,0.0,0.0,0.0,0.0,0.0,0.0,0.0,0.0,0.0,-0.004325701311247543
2024-10-22 08:00:00,1.61814,1.62194,1.61731,1.62101,17875,12,0,0.0,0.0,0.0,0.0,0.0,0.0,0.0,0.0,0.0,0.0,0.0017736413412932084
2024-10-22 12:00:00,1.62101,1.62137,1.61672,1.61714,17555,12,0,0.0,0.0,0.0,0.0,0.0,0.0,0.0,0.0,0.0,0.0,-0.0023874004478688926
2024-10-22 16:00:00,1.61714,1.61888,1.61482,1.61709,25419,12,0,0.0,0.0,0.0,0.0,0.0,0.0,0.0,0.0,0.0,0.0,-3.0918782542133094e-05
2024-10-22 20:00:00,1.61707,1.61711,1.61473,1.61593,10782,12,0,0.0,0.0,0.0,0.0,0.0,0.0,0.0,0.0,0.0,0.0,-0.0007173379341903763
2024-10-23 00:00:00,1.61555,1.61893,1.61388,1.61827,7747,12,0,0.0,0.0,0.0,0.0,0.0,0.0,0.0,0.0,0.0,0.0,0.001448082528327399
2024-10-23 04:00:00,1.61826,1.61999,1.61463,1.61781,20504,12,0,0.0,0.0,0.0,0.0,0.0,0.0,0.0,0.0,0.0,0.0,-0.0002842541726659764
2024-10-23 08:00:00,1.61781,1.62025,1.61692,1.62011,21454,12,0,0.0,0.0,0.0,0.0,0.0,0.0,0.0,0.0,0.0,0.0,0.0014216749803745987
2024-10-23 12:00:00,1.62011,1.6241,1.61918,1.62378,19395,12,0,0.0,0.0,0.0,0.0,0.0,0.0,0.0,0.0,0.0,0.0,0.0022652782835734797
2024-10-23 16:00:00,1.62378,1.6263999999999998,1.62255,1.62553,32656,12,0,0.0,0.0,0.0,0.0,0.0,0.0,0.0,0.0,0.0,0.0,0.0010777322051016558
2024-10-23 20:00:00,1.62553,1.62833,1.62503,1.62524,20598,12,0,0.0,0.0,0.0,0.0,0.0,0.0,0.0,0.0,0.0,0.0,-0.0001784033515221939
2024-10-24 00:00:00,1.62479,1.62597,1.62416,1.62446,6811,12,0,0.0,0.0,0.0,0.0,0.0,0.0,0.0,0.0,0.0,0.0,-0.00047992911816097106
2024-10-24 04:00:00,1.62446,1.62499,1.62199,1.6236199999999998,18554,12,0,0.0,0.0,0.0,0.0,0.0,0.0,0.0,0.0,0.0,0.0,-0.0005170949115399504
2024-10-24 08:00:00,1.62363,1.62441,1.61846,1.6232,25078,12,0,0.0,0.0,0.0,0.0,0.0,0.0,0.0,0.0,0.0,0.0,-0.00025868121851169157
2024-10-24 12:00:00,1.6232,1.62403,1.62155,1.6233,22244,12,0,0.0,0.0,0.0,0.0,0.0,0.0,0.0,0.0,0.0,0.0,6.160670280919156e-05
2024-10-24 16:00:00,1.6233,1.63159,1.62311,1.63002,32468,12,0,0.0,0.0,0.0,0.0,0.0,0.0,0.0,0.0,0.0,0.0,0.00413971539456659
2024-10-24 20:00:00,1.63002,1.63109,1.62899,1.63056,20723,12,0,0.0,0.0,0.0,0.0,0.0,0.0,0.0,0.0,0.0,0.0,0.0003312842787204229
2024-10-25 00:00:00,1.62931,1.63239,1.62908,1.63112,6518,12,0,0.0,0.0,0.0,0.0,0.0,0.0,0.0,0.0,0.0,0.0,0.0003434402904523015
2024-10-25 04:00:00,1.63112,1.63511,1.63043,1.63458,17082,12,0,0.0,0.0,0.0,0.0,0.0,0.0,0.0,0.0,0.0,0.0,0.0021212418460934135
2024-10-25 08:00:00,1.63458,1.63506,1.63168,1.63306,20629,12,0,0.0,0.0,0.0,0.0,0.0,0.0,0.0,0.0,0.0,0.0,-0.0009299024825949465
2024-10-25 12:00:00,1.63306,1.63327,1.63053,1.6309399999999998,16393,12,0,0.0,0.0,0.0,0.0,0.0,0.0,0.0,0.0,0.0,0.0,-0.0012981764295250109
2024-10-25 16:00:00,1.6309399999999998,1.6343299999999998,1.62933,1.63393,28583,12,0,0.0,0.0,0.0,0.0,0.0,0.0,0.0,0.0,0.0,0.0,0.0018332985885440856
2024-10-25 20:00:00,1.63393,1.63615,1.63393,1.63442,17865,12,0,0.0,0.0,0.0,0.0,0.0,0.0,0.0,0.0,0.0,0.0,0.0002998904481832376
2024-10-28 00:00:00,1.63136,1.63595,1.63002,1.63582,12573,12,0,0.0,0.0,0.0,0.0,0.0,0.0,0.0,0.0,0.0,0.0,0.0008565729738989614
2024-10-28 04:00:00,1.63582,1.63906,1.63459,1.63683,18109,12,0,0.0,0.0,0.0,0.0,0.0,0.0,0.0,0.0,0.0,0.0,0.0006174273453070089
2024-10-28 08:00:00,1.63683,1.63864,1.63541,1.63791,16858,12,0,0.0,0.0,0.0,0.0,0.0,0.0,0.0,0.0,0.0,0.0,0.0006598119535932145
2024-10-28 12:00:00,1.6379,1.63901,1.63638,1.63679,17200,12,0,0.0,0.0,0.0,0.0,0.0,0.0,0.0,0.0,0.0,0.0,-0.0006837982550933486
2024-10-28 16:00:00,1.63679,1.64323,1.63666,1.64261,29222,12,0,0.0,0.0,0.0,0.0,0.0,0.0,0.0,0.0,0.0,0.0,0.0035557401988037807
2024-10-28 20:00:00,1.64262,1.6432,1.64183,1.64227,22304,12,0,0.0,0.0,0.0,0.0,0.0,0.0,0.0,0.0,0.0,0.0,-0.00020698765988280687
2024-10-29 00:00:00,1.64227,1.64564,1.63958,1.64467,7672,12,0,0.0,0.0,0.0,0.0,0.0,0.0,0.0,0.0,0.0,0.0,0.001461391853958327
2024-10-29 04:00:00,1.64467,1.64727,1.64259,1.64644,26502,12,0,0.0,0.0,0.0,0.0,0.0,0.0,0.0,0.0,0.0,0.0,0.0010762037369198563
2024-10-29 08:00:00,1.64643,1.64855,1.64379,1.64516,29284,12,0,0.0,0.0,0.0,0.0,0.0,0.0,0.0,0.0,0.0,0.0,-0.0007774349505599298
2024-10-29 12:00:00,1.64517,1.64644,1.6431,1.64338,25545,12,0,0.0,0.0,0.0,0.0,0.0,0.0,0.0,0.0,0.0,0.0,-0.001081961632910966
2024-10-29 16:00:00,1.64338,1.64862,1.64177,1.64785,36892,12,0,0.0,0.0,0.0,0.0,0.0,0.0,0.0,0.0,0.0,0.0,0.002720003894412626
2024-10-29 20:00:00,1.64785,1.65008,1.64724,1.64881,15760,12,0,0.0,0.0,0.0,0.0,0.0,0.0,0.0,0.0,0.0,0.0,0.000582577297691067
2024-10-30 00:00:00,1.64779,1.65102,1.64711,1.64924,6780,12,0,0.0,0.0,0.0,0.0,0.0,0.0,0.0,0.0,0.0,0.0,0.00026079414850710414
2024-10-30 04:00:00,1.64924,1.6542400000000002,1.64723,1.65312,17916,12,0,0.0,0.0,0.0,0.0,0.0,0.0,0.0,0.0,0.0,0.0,0.0023525987727679443
2024-10-30 08:00:00,1.65313,1.65407,1.64632,1.64649,18122,12,0,0.0,0.0,0.0,0.0,0.0,0.0,0.0,0.0,0.0,0.0,-0.004010598141695687
2024-10-30 12:00:00,1.64652,1.64982,1.64399,1.645,25736,12,0,0.0,0.0,0.0,0.0,0.0,0.0,0.0,0.0,0.0,0.0,-0.0009049553899507234
2024-10-30 16:00:00,1.64503,1.65145,1.6444,1.6508500000000002,33105,12,0,0.0,0.0,0.0,0.0,0.0,0.0,0.0,0.0,0.0,0.0,0.0035562310030397004
2024-10-30 20:00:00,1.6508500000000002,1.65221,1.65051,1.65171,15761,12,0,0.0,0.0,0.0,0.0,0.0,0.0,0.0,0.0,0.0,0.0,0.0005209437562467834
2024-10-31 00:00:00,1.65162,1.65339,1.65,1.65314,6576,12,0,0.0,0.0,0.0,0.0,0.0,0.0,0.0,0.0,0.0,0.0,0.0008657694147278239
2024-10-31 04:00:00,1.65314,1.65329,1.6496499999999998,1.65133,16527,12,0,0.0,0.0,0.0,0.0,0.0,0.0,0.0,0.0,0.0,0.0,-0.0010948860955515283
2024-10-31 08:00:00,1.65137,1.65204,1.64983,1.65192,18983,12,0,0.0,0.0,0.0,0.0,0.0,0.0,0.0,0.0,0.0,0.0,0.00035728776198595824
2024-10-31 12:00:00,1.65192,1.65627,1.6514,1.65455,21682,12,0,0.0,0.0,0.0,0.0,0.0,0.0,0.0,0.0,0.0,0.0,0.0015920867838634667
2024-10-31 16:00:00,1.65454,1.65999,1.6542599999999998,1.65494,40542,12,0,0.0,0.0,0.0,0.0,0.0,0.0,0.0,0.0,0.0,0.0,0.00023571363814944846
2024-10-31 20:00:00,1.65494,1.65507,1.65231,1.6536,20950,12,0,0.0,0.0,0.0,0.0,0.0,0.0,0.0,0.0,0.0,0.0,-0.0008096970282911453
2024-11-01 00:00:00,1.65322,1.65657,1.65299,1.6563,7412,12,0,0.0,0.0,0.0,0.0,0.0,0.0,0.0,0.0,0.0,0.0,0.0016328011611030924
2024-11-01 04:00:00,1.65629,1.6565,1.65225,1.65396,17726,12,0,0.0,0.0,0.0,0.0,0.0,0.0,0.0,0.0,0.0,0.0,-0.0014127875384893906
2024-11-01 08:00:00,1.65395,1.65838,1.65362,1.65457,17249,12,0,0.0,0.0,0.0,0.0,0.0,0.0,0.0,0.0,0.0,0.0,0.0003688118213258651
2024-11-01 12:00:00,1.6545800000000002,1.65603,1.65291,1.65322,21246,12,0,0.0,0.0,0.0,0.0,0.0,0.0,0.0,0.0,0.0,0.0,-0.00081592196159741
2024-11-01 16:00:00,1.65322,1.65367,1.64751,1.65018,35472,12,0,0.0,0.0,0.0,0.0,0.0,0.0,0.0,0.0,0.0,0.0,-0.0018388357266425626
2024-11-01 20:00:00,1.65018,1.65328,1.64968,1.6514600000000002,18857,12,0,0.0,0.0,0.0,0.0,0.0,0.0,0.0,0.0,0.0,0.0,0.0007756729568897391
2024-11-04 00:00:00,1.64441,1.6514600000000002,1.64371,1.64899,19707,12,0,0.0,0.0,0.0,0.0,0.0,0.0,0.0,0.0,0.0,0.0,-0.0014956462766281264
2024-11-04 04:00:00,1.64899,1.65036,1.64688,1.64846,23278,12,0,0.0,0.0,0.0,0.0,0.0,0.0,0.0,0.0,0.0,0.0,-0.00032140886239451216
2024-11-04 08:00:00,1.64846,1.65428,1.64842,1.6524,23242,12,0,0.0,0.0,0.0,0.0,0.0,0.0,0.0,0.0,0.0,0.0,0.0023901095567984143
2024-11-04 12:00:00,1.6524,1.6539899999999998,1.65116,1.65332,17195,12,0,0.0,0.0,0.0,0.0,0.0,0.0,0.0,0.0,0.0,0.0,0.000556765916242874
2024-11-04 16:00:00,1.65332,1.65368,1.64941,1.65163,29686,12,0,0.0,0.0,0.0,0.0,0.0,0.0,0.0,0.0,0.0,0.0,-0.0010221856627875558
2024-11-04 20:00:00,1.65163,1.65284,1.6509200000000002,1.6517,16818,12,0,0.0,0.0,0.0,0.0,0.0,0.0,0.0,0.0,0.0,0.0,4.238237377629517e-05
2024-11-05 00:00:00,1.65123,1.65282,1.64984,1.65022,10698,12,0,0.0,0.0,0.0,0.0,0.0,0.0,0.0,0.0,0.0,0.0,-0.000896046497547931
2024-11-05 04:00:00,1.65022,1.65171,1.64809,1.64882,17044,12,0,0.0,0.0,0.0,0.0,0.0,0.0,0.0,0.0,0.0,0.0,-0.0008483717322539386
2024-11-05 08:00:00,1.64882,1.64905,1.64518,1.6459700000000002,15910,12,0,0.0,0.0,0.0,0.0,0.0,0.0,0.0,0.0,0.0,0.0,-0.0017285088730121245
2024-11-05 12:00:00,1.6459700000000002,1.64637,1.64323,1.64376,14068,12,0,0.0,0.0,0.0,0.0,0.0,0.0,0.0,0.0,0.0,0.0,-0.0013426733172536842
2024-11-05 16:00:00,1.64376,1.64776,1.64287,1.64752,29919,12,0,0.0,0.0,0.0,0.0,0.0,0.0,0.0,0.0,0.0,0.0,0.0022874385555069487
2024-11-05 20:00:00,1.64752,1.64788,1.64578,1.64608,14486,12,0,0.0,0.0,0.0,0.0,0.0,0.0,0.0,0.0,0.0,0.0,-0.000874040982810631
2024-11-06 00:00:00,1.64549,1.64791,1.64283,1.6435,47764,12,0,0.0,0.0,0.0,0.0,0.0,0.0,0.0,0.0,0.0,0.0,-0.001567360031104248
2024-11-06 04:00:00,1.6435,1.6496300000000002,1.64105,1.64312,85081,12,0,0.0,0.0,0.0,0.0,0.0,0.0,0.0,0.0,0.0,0.0,-0.00023121387283242534
2024-11-06 08:00:00,1.64311,1.64324,1.6329,1.63292,62413,12,0,0.0,0.0,0.0,0.0,0.0,0.0,0.0,0.0,0.0,0.0,-0.0062077024197867425
2024-11-06 12:00:00,1.63293,1.6346500000000002,1.62718,1.63327,48127,12,0,0.0,0.0,0.0,0.0,0.0,0.0,0.0,0.0,0.0,0.0,0.00021433995541730866
2024-11-06 16:00:00,1.63327,1.63578,1.63014,1.63287,45642,12,0,0.0,0.0,0.0,0.0,0.0,0.0,0.0,0.0,0.0,0.0,-0.00024490745559524463
2024-11-06 20:00:00,1.63287,1.63542,1.62965,1.63243,24849,12,0,0.0,0.0,0.0,0.0,0.0,0.0,0.0,0.0,0.0,0.0,-0.00026946419494511265
2024-11-07 00:00:00,1.63299,1.63443,1.62795,1.62829,16438,12,0,0.0,0.0,0.0,0.0,0.0,0.0,0.0,0.0,0.0,0.0,-0.002536096494183515
2024-11-07 04:00:00,1.62828,1.62828,1.62133,1.62241,23189,12,0,0.0,0.0,0.0,0.0,0.0,0.0,0.0,0.0,0.0,0.0,-0.0036111503479110407
2024-11-07 08:00:00,1.6223999999999998,1.62414,1.62082,1.6208900000000002,26308,12,0,0.0,0.0,0.0,0.0,0.0,0.0,0.0,0.0,0.0,0.0,-0.0009368778545495449
2024-11-07 12:00:00,1.62085,1.62398,1.61914,1.61965,29748,12,0,0.0,0.0,0.0,0.0,0.0,0.0,0.0,0.0,0.0,0.0,-0.000765011814497063
2024-11-07 16:00:00,1.61965,1.62124,1.61633,1.61808,35844,12,0,0.0,0.0,0.0,0.0,0.0,0.0,0.0,0.0,0.0,0.0,-0.0009693452289075699
2024-11-07 20:00:00,1.61806,1.61963,1.6162,1.61695,33828,12,0,0.0,0.0,0.0,0.0,0.0,0.0,0.0,0.0,0.0,0.0,-0.0006983585484029442
2024-11-08 00:00:00,1.61724,1.61958,1.61659,1.61931,14904,12,0,0.0,0.0,0.0,0.0,0.0,0.0,0.0,0.0,0.0,0.0,0.0014595380191100293
2024-11-08 04:00:00,1.61931,1.6220599999999998,1.61862,1.62009,19422,12,0,0.0,0.0,0.0,0.0,0.0,0.0,0.0,0.0,0.0,0.0,0.0004816866443113632
2024-11-08 08:00:00,1.62009,1.62499,1.61886,1.62252,30576,12,0,0.0,0.0,0.0,0.0,0.0,0.0,0.0,0.0,0.0,0.0,0.0014999166712958978
2024-11-08 12:00:00,1.62252,1.62761,1.622,1.62727,29885,12,0,0.0,0.0,0.0,0.0,0.0,0.0,0.0,0.0,0.0,0.0,0.0029275448068437626
2024-11-08 16:00:00,1.62727,1.63048,1.62562,1.62829,42355,12,0,0.0,0.0,0.0,0.0,0.0,0.0,0.0,0.0,0.0,0.0,0.0006268166929888075
2024-11-08 20:00:00,1.6283,1.62962,1.62718,1.62721,17499,12,0,0.0,0.0,0.0,0.0,0.0,0.0,0.0,0.0,0.0,0.0,-0.0006632725128815631
2024-11-11 00:00:00,1.62386,1.6278700000000002,1.62383,1.62655,17116,12,0,0.0,0.0,0.0,0.0,0.0,0.0,0.0,0.0,0.0,0.0,-0.0004056022271250459
2024-11-11 04:00:00,1.62655,1.62805,1.62405,1.62614,14772,12,0,0.0,0.0,0.0,0.0,0.0,0.0,0.0,0.0,0.0,0.0,-0.00025206725892223947
2024-11-11 08:00:00,1.62615,1.62717,1.6220599999999998,1.62249,25390,12,0,0.0,0.0,0.0,0.0,0.0,0.0,0.0,0.0,0.0,0.0,-0.002244579187523743
2024-11-11 12:00:00,1.62251,1.6226699999999998,1.61829,1.62009,24510,12,0,0.0,0.0,0.0,0.0,0.0,0.0,0.0,0.0,0.0,0.0,-0.001479207884177991
2024-11-11 16:00:00,1.62009,1.62156,1.61836,1.62123,28897,12,0,0.0,0.0,0.0,0.0,0.0,0.0,0.0,0.0,0.0,0.0,0.0007036646112252853
2024-11-11 20:00:00,1.62123,1.62244,1.62051,1.6206,13443,12,0,0.0,0.0,0.0,0.0,0.0,0.0,0.0,0.0,0.0,0.0,-0.0003885938454135651
2024-11-12 00:00:00,1.61937,1.62341,1.61914,1.62136,14687,12,0,0.0,0.0,0.0,0.0,0.0,0.0,0.0,0.0,0.0,0.0,0.0004689621127975663
2024-11-12 04:00:00,1.62136,1.62465,1.62135,1.62418,22545,12,0,0.0,0.0,0.0,0.0,0.0,0.0,0.0,0.0,0.0,0.0,0.0017392806039373543
2024-11-12 08:00:00,1.62418,1.62448,1.62167,1.62392,28329,12,0,0.0,0.0,0.0,0.0,0.0,0.0,0.0,0.0,0.0,0.0,-0.0001600807792239145
2024-11-12 12:00:00,1.62392,1.62441,1.6202800000000002,1.62152,29495,12,0,0.0,0.0,0.0,0.0,0.0,0.0,0.0,0.0,0.0,0.0,-0.0014779053155327126
2024-11-12 16:00:00,1.62152,1.62773,1.62101,1.62757,38862,12,0,0.0,0.0,0.0,0.0,0.0,0.0,0.0,0.0,0.0,0.0,0.003731067146874434
2024-11-12 20:00:00,1.62755,1.62771,1.62364,1.62591,16499,12,0,0.0,0.0,0.0,0.0,0.0,0.0,0.0,0.0,0.0,0.0,-0.0010199254102741806
2024-11-13 00:00:00,1.625,1.62853,1.62334,1.62569,16606,12,0,0.0,0.0,0.0,0.0,0.0,0.0,0.0,0.0,0.0,0.0,-0.00013530884243273533
2024-11-13 04:00:00,1.62569,1.6263,1.62381,1.62447,17937,12,0,0.0,0.0,0.0,0.0,0.0,0.0,0.0,0.0,0.0,0.0,-0.0007504505779084569
2024-11-13 08:00:00,1.62446,1.6273300000000002,1.62424,1.62673,24715,12,0,0.0,0.0,0.0,0.0,0.0,0.0,0.0,0.0,0.0,0.0,0.0013912229834960321
2024-11-13 12:00:00,1.6267200000000002,1.6303800000000002,1.62587,1.62847,32124,12,0,0.0,0.0,0.0,0.0,0.0,0.0,0.0,0.0,0.0,0.0,0.001069630485698303
2024-11-13 16:00:00,1.62847,1.63109,1.62753,1.6289,48106,12,0,0.0,0.0,0.0,0.0,0.0,0.0,0.0,0.0,0.0,0.0,0.0002640515330341042
2024-11-13 20:00:00,1.6289,1.6296,1.62684,1.62869,18204,12,0,0.0,0.0,0.0,0.0,0.0,0.0,0.0,0.0,0.0,0.0,-0.0001289213579717119
2024-11-14 00:00:00,1.62737,1.62936,1.62531,1.62784,16962,12,0,0.0,0.0,0.0,0.0,0.0,0.0,0.0,0.0,0.0,0.0,-0.0005218918271739925
2024-11-14 04:00:00,1.62784,1.63166,1.62783,1.63156,24019,12,0,0.0,0.0,0.0,0.0,0.0,0.0,0.0,0.0,0.0,0.0,0.002285236878317276
2024-11-14 08:00:00,1.63156,1.63168,1.62668,1.62743,29633,12,0,0.0,0.0,0.0,0.0,0.0,0.0,0.0,0.0,0.0,0.0,-0.0025313197185515834
2024-11-14 12:00:00,1.62743,1.62986,1.6262,1.62886,37639,12,0,0.0,0.0,0.0,0.0,0.0,0.0,0.0,0.0,0.0,0.0,0.0008786860264342611
2024-11-14 16:00:00,1.62887,1.6329,1.62837,1.63,44878,12,0,0.0,0.0,0.0,0.0,0.0,0.0,0.0,0.0,0.0,0.0,0.0006998759868865889
2024-11-14 20:00:00,1.62997,1.63268,1.62928,1.63125,30700,12,0,0.0,0.0,0.0,0.0,0.0,0.0,0.0,0.0,0.0,0.0,0.0007668711656443339
2024-11-15 00:00:00,1.63035,1.6331099999999998,1.62929,1.6317,16684,12,0,0.0,0.0,0.0,0.0,0.0,0.0,0.0,0.0,0.0,0.0,0.00027586206896534904
2024-11-15 04:00:00,1.6317,1.63196,1.62965,1.6308,20204,12,0,0.0,0.0,0.0,0.0,0.0,0.0,0.0,0.0,0.0,0.0,-0.0005515719801433283
2024-11-15 08:00:00,1.63079,1.63527,1.63048,1.63333,28464,12,0,0.0,0.0,0.0,0.0,0.0,0.0,0.0,0.0,0.0,0.0,0.001551385822909035
2024-11-15 12:00:00,1.63333,1.6349200000000002,1.63257,1.63356,29834,12,0,0.0,0.0,0.0,0.0,0.0,0.0,0.0,0.0,0.0,0.0,0.00014081661391140976
2024-11-15 16:00:00,1.63356,1.63531,1.63054,1.63209,45319,12,0,0.0,0.0,0.0,0.0,0.0,0.0,0.0,0.0,0.0,0.0,-0.000899875119371063
2024-11-15 20:00:00,1.63209,1.63304,1.6291,1.63041,20204,12,0,0.0,0.0,0.0,0.0,0.0,0.0,0.0,0.0,0.0,0.0,-0.0010293549988052986
2024-11-18 00:00:00,1.62778,1.6310099999999998,1.62767,1.6288200000000002,16553,12,0,0.0,0.0,0.0,0.0,0.0,0.0,0.0,0.0,0.0,0.0,-0.0009752148232651248
2024-11-18 04:00:00,1.6288200000000002,1.63031,1.62755,1.62966,18217,12,0,0.0,0.0,0.0,0.0,0.0,0.0,0.0,0.0,0.0,0.0,0.0005157107599365052
2024-11-18 08:00:00,1.62966,1.636,1.62958,1.63571,25339,12,0,0.0,0.0,0.0,0.0,0.0,0.0,0.0,0.0,0.0,0.0,0.003712430813789247
2024-11-18 12:00:00,1.63565,1.63612,1.63233,1.63462,27228,12,0,0.0,0.0,0.0,0.0,0.0,0.0,0.0,0.0,0.0,0.0,-0.0006663772918182875
2024-11-18 16:00:00,1.63461,1.63473,1.6274,1.62819,32485,12,0,0.0,0.0,0.0,0.0,0.0,0.0,0.0,0.0,0.0,0.0,-0.003933635952086734
2024-11-18 20:00:00,1.62819,1.62924,1.62758,1.62842,17083,12,0,0.0,0.0,0.0,0.0,0.0,0.0,0.0,0.0,0.0,0.0,0.00014126115502488545
2024-11-19 00:00:00,1.62812,1.62997,1.62714,1.62751,13135,12,0,0.0,0.0,0.0,0.0,0.0,0.0,0.0,0.0,0.0,0.0,-0.0005588238906424348
2024-11-19 04:00:00,1.62752,1.62776,1.62473,1.62651,17292,12,0,0.0,0.0,0.0,0.0,0.0,0.0,0.0,0.0,0.0,0.0,-0.0006144355487831543
2024-11-19 08:00:00,1.62651,1.62658,1.62162,1.62549,38385,12,0,0.0,0.0,0.0,0.0,0.0,0.0,0.0,0.0,0.0,0.0,-0.0006271095781764657
2024-11-19 12:00:00,1.62547,1.62738,1.62465,1.62645,35132,12,0,0.0,0.0,0.0,0.0,0.0,0.0,0.0,0.0,0.0,0.0,0.0005905911448238488
2024-11-19 16:00:00,1.62645,1.6279,1.62154,1.62248,42614,12,0,0.0,0.0,0.0,0.0,0.0,0.0,0.0,0.0,0.0,0.0,-0.0024408988902210327
2024-11-19 20:00:00,1.62248,1.62293,1.62104,1.62198,19280,12,0,0.0,0.0,0.0,0.0,0.0,0.0,0.0,0.0,0.0,0.0,-0.000308170208569547
2024-11-20 00:00:00,1.62071,1.62312,1.62071,1.62178,10602,12,0,0.0,0.0,0.0,0.0,0.0,0.0,0.0,0.0,0.0,0.0,-0.0001233060826890675
2024-11-20 04:00:00,1.62178,1.62364,1.62132,1.6230099999999998,15072,12,0,0.0,0.0,0.0,0.0,0.0,0.0,0.0,0.0,0.0,0.0,0.0007584259270676519
2024-11-20 08:00:00,1.6230099999999998,1.62318,1.6202299999999998,1.62097,26750,12,0,0.0,0.0,0.0,0.0,0.0,0.0,0.0,0.0,0.0,0.0,-0.0012569238636852553
2024-11-20 12:00:00,1.62097,1.62365,1.62008,1.62336,25279,12,0,0.0,0.0,0.0,0.0,0.0,0.0,0.0,0.0,0.0,0.0,0.001474425806770041
2024-11-20 16:00:00,1.62336,1.62365,1.61968,1.62063,36852,12,0,0.0,0.0,0.0,0.0,0.0,0.0,0.0,0.0,0.0,0.0,-0.0016816972205794256
2024-11-20 20:00:00,1.62065,1.6226,1.62029,1.6205,21267,12,0,0.0,0.0,0.0,0.0,0.0,0.0,0.0,0.0,0.0,0.0,-8.021571857852461e-05
2024-11-21 00:00:00,1.61954,1.62065,1.61812,1.61857,11024,12,0,0.0,0.0,0.0,0.0,0.0,0.0,0.0,0.0,0.0,0.0,-0.001190990435050887
2024-11-21 04:00:00,1.61857,1.61998,1.61761,1.61961,14754,12,0,0.0,0.0,0.0,0.0,0.0,0.0,0.0,0.0,0.0,0.0,0.0006425424912113176
2024-11-21 08:00:00,1.61961,1.6197,1.61494,1.6156,32962,12,0,0.0,0.0,0.0,0.0,0.0,0.0,0.0,0.0,0.0,0.0,-0.002475904693105213
2024-11-21 12:00:00,1.6156,1.61608,1.61217,1.61393,31005,12,0,0.0,0.0,0.0,0.0,0.0,0.0,0.0,0.0,0.0,0.0,-0.0010336717009159502
2024-11-21 16:00:00,1.61394,1.61478,1.60875,1.6092,44695,12,0,0.0,0.0,0.0,0.0,0.0,0.0,0.0,0.0,0.0,0.0,-0.002930734294548154
2024-11-21 20:00:00,1.6092,1.60941,1.60824,1.60849,20480,12,0,0.0,0.0,0.0,0.0,0.0,0.0,0.0,0.0,0.0,0.0,-0.00044121302510558014
2024-11-22 00:00:00,1.60651,1.60921,1.60489,1.607,13683,12,0,0.0,0.0,0.0,0.0,0.0,0.0,0.0,0.0,0.0,0.0,-0.0009263346368333369
2024-11-22 04:00:00,1.607,1.61328,1.60606,1.61244,21027,12,0,0.0,0.0,0.0,0.0,0.0,0.0,0.0,0.0,0.0,0.0,0.0033851897946484133
2024-11-22 08:00:00,1.61244,1.6129099999999998,1.59661,1.6031,40532,12,0,0.0,0.0,0.0,0.0,0.0,0.0,0.0,0.0,0.0,0.0,-0.00579246359554475
2024-11-22 12:00:00,1.60311,1.60526,1.60067,1.60363,38503,12,0,0.0,0.0,0.0,0.0,0.0,0.0,0.0,0.0,0.0,0.0,0.0003306094442019347
2024-11-22 16:00:00,1.60363,1.60395,1.60002,1.6024500000000002,45930,12,0,0.0,0.0,0.0,0.0,0.0,0.0,0.0,0.0,0.0,0.0,-0.000735830584361663
2024-11-22 20:00:00,1.60246,1.60339,1.60147,1.60177,22541,12,0,0.0,0.0,0.0,0.0,0.0,0.0,0.0,0.0,0.0,0.0,-0.000424350213735325
2024-11-25 00:00:00,1.60162,1.6049600000000002,1.60036,1.60303,25028,12,0,0.0,0.0,0.0,0.0,0.0,0.0,0.0,0.0,0.0,0.0,0.0007866297907939135
2024-11-25 04:00:00,1.60303,1.6079,1.6027,1.60707,19510,12,0,0.0,0.0,0.0,0.0,0.0,0.0,0.0,0.0,0.0,0.0,0.002520227319513735
2024-11-25 08:00:00,1.60709,1.61085,1.60595,1.60993,33523,12,0,0.0,0.0,0.0,0.0,0.0,0.0,0.0,0.0,0.0,0.0,0.0017796362323980741
2024-11-25 12:00:00,1.60992,1.61355,1.60962,1.61347,33308,12,0,0.0,0.0,0.0,0.0,0.0,0.0,0.0,0.0,0.0,0.0,0.002198853366295328
2024-11-25 16:00:00,1.61347,1.61558,1.61256,1.6153,39001,12,0,0.0,0.0,0.0,0.0,0.0,0.0,0.0,0.0,0.0,0.0,0.0011342014416133583
2024-11-25 20:00:00,1.6153,1.61641,1.6131,1.61356,19222,12,0,0.0,0.0,0.0,0.0,0.0,0.0,0.0,0.0,0.0,0.0,-0.0010771992818670029
2024-11-26 00:00:00,1.61294,1.621,1.61248,1.61629,34367,12,0,0.0,0.0,0.0,0.0,0.0,0.0,0.0,0.0,0.0,0.0,0.0016919110538187176
2024-11-26 04:00:00,1.61629,1.61671,1.61259,1.61416,24718,12,0,0.0,0.0,0.0,0.0,0.0,0.0,0.0,0.0,0.0,0.0,-0.001317832814655806
2024-11-26 08:00:00,1.61416,1.62046,1.61343,1.62007,31280,12,0,0.0,0.0,0.0,0.0,0.0,0.0,0.0,0.0,0.0,0.0,0.003661347078356414
2024-11-26 12:00:00,1.62009,1.62112,1.61789,1.62008,36010,12,0,0.0,0.0,0.0,0.0,0.0,0.0,0.0,0.0,0.0,0.0,6.172572790008601e-06
2024-11-26 16:00:00,1.62008,1.62447,1.61918,1.62193,44624,12,0,0.0,0.0,0.0,0.0,0.0,0.0,0.0,0.0,0.0,0.0,0.0011419189175843059
2024-11-26 20:00:00,1.62194,1.62256,1.61978,1.6199599999999998,23982,12,0,0.0,0.0,0.0,0.0,0.0,0.0,0.0,0.0,0.0,0.0,-0.001214602356451988
2024-11-27 00:00:00,1.61947,1.62363,1.61697,1.6201,21250,12,0,0.0,0.0,0.0,0.0,0.0,0.0,0.0,0.0,0.0,0.0,8.642188696028619e-05
2024-11-27 04:00:00,1.6201,1.62142,1.61688,1.61853,18500,12,0,0.0,0.0,0.0,0.0,0.0,0.0,0.0,0.0,0.0,0.0,-0.0009690759829640294
2024-11-27 08:00:00,1.61853,1.62239,1.61728,1.62103,36310,12,0,0.0,0.0,0.0,0.0,0.0,0.0,0.0,0.0,0.0,0.0,0.0015446114684312118
2024-11-27 12:00:00,1.62103,1.62761,1.62069,1.62742,32140,12,0,0.0,0.0,0.0,0.0,0.0,0.0,0.0,0.0,0.0,0.0,0.003941938150435309
2024-11-27 16:00:00,1.62742,1.63066,1.62351,1.62856,46575,12,0,0.0,0.0,0.0,0.0,0.0,0.0,0.0,0.0,0.0,0.0,0.0007004952624398708
2024-11-27 20:00:00,1.6285500000000002,1.6287,1.6255,1.62621,24615,12,0,0.0,0.0,0.0,0.0,0.0,0.0,0.0,0.0,0.0,0.0,-0.0014429925824041012
2024-11-28 00:00:00,1.62559,1.62629,1.62251,1.62311,15234,12,0,0.0,0.0,0.0,0.0,0.0,0.0,0.0,0.0,0.0,0.0,-0.0019062728675877105
2024-11-28 04:00:00,1.62311,1.62741,1.6227200000000002,1.62576,18257,12,0,0.0,0.0,0.0,0.0,0.0,0.0,0.0,0.0,0.0,0.0,0.0016326681494169826
2024-11-28 08:00:00,1.62576,1.62675,1.6208399999999998,1.62088,27813,12,0,0.0,0.0,0.0,0.0,0.0,0.0,0.0,0.0,0.0,0.0,-0.0030016730636748257
2024-11-28 12:00:00,1.62088,1.62429,1.61997,1.62041,20427,12,0,0.0,0.0,0.0,0.0,0.0,0.0,0.0,0.0,0.0,0.0,-0.00028996594442531887
2024-11-28 16:00:00,1.62041,1.62503,1.62012,1.62283,20929,12,0,0.0,0.0,0.0,0.0,0.0,0.0,0.0,0.0,0.0,0.0,0.0014934491887856893
2024-11-28 20:00:00,1.6228,1.62405,1.6228,1.62383,2807,12,0,0.0,0.0,0.0,0.0,0.0,0.0,0.0,0.0,0.0,0.0,0.0006162074893858449
2024-11-29 00:00:00,1.62266,1.62485,1.6213,1.62264,19360,12,0,0.0,0.0,0.0,0.0,0.0,0.0,0.0,0.0,0.0,0.0,-0.0007328353337480165
2024-11-29 04:00:00,1.62263,1.62499,1.6208900000000002,1.622,21336,12,0,0.0,0.0,0.0,0.0,0.0,0.0,0.0,0.0,0.0,0.0,-0.0003944189715525681
2024-11-29 08:00:00,1.622,1.6242299999999998,1.62184,1.62217,29702,12,0,0.0,0.0,0.0,0.0,0.0,0.0,0.0,0.0,0.0,0.0,0.0001048088779282974
2024-11-29 12:00:00,1.62217,1.62528,1.62197,1.62397,32503,12,0,0.0,0.0,0.0,0.0,0.0,0.0,0.0,0.0,0.0,0.0,0.0011096247618931354
2024-11-29 16:00:00,1.62397,1.62398,1.61879,1.62017,38127,12,0,0.0,0.0,0.0,0.0,0.0,0.0,0.0,0.0,0.0,0.0,-0.0023399447034119225
2024-11-29 20:00:00,1.62017,1.62307,1.61993,1.6227399999999998,30623,12,0,0.0,0.0,0.0,0.0,0.0,0.0,0.0,0.0,0.0,0.0,0.0015862532944073138
2024-12-02 00:00:00,1.62134,1.62281,1.61883,1.6194,20608,12,0,0.0,0.0,0.0,0.0,0.0,0.0,0.0,0.0,0.0,0.0,-0.0020582471622070386
2024-12-02 04:00:00,1.6194,1.62086,1.61821,1.6190600000000002,26817,12,0,0.0,0.0,0.0,0.0,0.0,0.0,0.0,0.0,0.0,0.0,-0.0002099543040631202
2024-12-02 08:00:00,1.6190600000000002,1.61965,1.61584,1.61878,37835,12,0,0.0,0.0,0.0,0.0,0.0,0.0,0.0,0.0,0.0,0.0,-0.0001729398539893623
2024-12-02 12:00:00,1.61879,1.62419,1.6177,1.62366,31424,12,0,0.0,0.0,0.0,0.0,0.0,0.0,0.0,0.0,0.0,0.0,0.00301461594534147
2024-12-02 16:00:00,1.62367,1.62497,1.62199,1.6231,46534,12,0,0.0,0.0,0.0,0.0,0.0,0.0,0.0,0.0,0.0,0.0,-0.00034489979429197515
2024-12-02 20:00:00,1.6231,1.62348,1.62068,1.62086,25152,12,0,0.0,0.0,0.0,0.0,0.0,0.0,0.0,0.0,0.0,0.0,-0.0013800751648080922
2024-12-03 00:00:00,1.6206,1.6221299999999998,1.61939,1.62182,15197,12,0,0.0,0.0,0.0,0.0,0.0,0.0,0.0,0.0,0.0,0.0,0.0005922781733154192
2024-12-03 04:00:00,1.62182,1.62401,1.6203,1.62154,18436,12,0,0.0,0.0,0.0,0.0,0.0,0.0,0.0,0.0,0.0,0.0,-0.0001726455463615384
2024-12-03 08:00:00,1.62154,1.62175,1.61684,1.61952,27918,12,0,0.0,0.0,0.0,0.0,0.0,0.0,0.0,0.0,0.0,0.0,-0.00124572936837819
2024-12-03 12:00:00,1.61952,1.6227200000000002,1.61922,1.62231,23245,12,0,0.0,0.0,0.0,0.0,0.0,0.0,0.0,0.0,0.0,0.0,0.0017227326615292249
2024-12-03 16:00:00,1.6223,1.62519,1.62112,1.62205,38579,12,0,0.0,0.0,0.0,0.0,0.0,0.0,0.0,0.0,0.0,0.0,-0.00016026530071311385
2024-12-03 20:00:00,1.62205,1.6225,1.61979,1.62006,17933,12,0,0.0,0.0,0.0,0.0,0.0,0.0,0.0,0.0,0.0,0.0,-0.0012268425757528956
2024-12-04 00:00:00,1.61956,1.62829,1.61956,1.6277,14773,12,0,0.0,0.0,0.0,0.0,0.0,0.0,0.0,0.0,0.0,0.0,0.004715874720689239
2024-12-04 04:00:00,1.6277,1.6368,1.62714,1.63208,26527,12,0,0.0,0.0,0.0,0.0,0.0,0.0,0.0,0.0,0.0,0.0,0.0026909135590096334
2024-12-04 08:00:00,1.63208,1.63643,1.63161,1.63613,27900,12,0,0.0,0.0,0.0,0.0,0.0,0.0,0.0,0.0,0.0,0.0,0.0024814960050978385
2024-12-04 12:00:00,1.63612,1.63922,1.63543,1.63599,26502,12,0,0.0,0.0,0.0,0.0,0.0,0.0,0.0,0.0,0.0,0.0,-8.556777273205363e-05
2024-12-04 16:00:00,1.63599,1.63832,1.6344,1.63628,41833,12,0,0.0,0.0,0.0,0.0,0.0,0.0,0.0,0.0,0.0,0.0,0.00017726269720474974
2024-12-04 20:00:00,1.63627,1.63637,1.63237,1.63446,21092,12,0,0.0,0.0,0.0,0.0,0.0,0.0,0.0,0.0,0.0,0.0,-0.0011122790720413667
2024-12-05 00:00:00,1.63416,1.63718,1.63357,1.63511,12093,12,0,0.0,0.0,0.0,0.0,0.0,0.0,0.0,0.0,0.0,0.0,0.00039768486227864663
2024-12-05 04:00:00,1.63506,1.63618,1.63414,1.63524,12095,12,0,0.0,0.0,0.0,0.0,0.0,0.0,0.0,0.0,0.0,0.0,7.950535437983852e-05
2024-12-05 08:00:00,1.63525,1.63573,1.6334499999999998,1.63515,20108,12,0,0.0,0.0,0.0,0.0,0.0,0.0,0.0,0.0,0.0,0.0,-5.5037792617507186e-05
2024-12-05 12:00:00,1.63515,1.64026,1.63389,1.64002,26909,12,0,0.0,0.0,0.0,0.0,0.0,0.0,0.0,0.0,0.0,0.0,0.002978320031801429
2024-12-05 16:00:00,1.64002,1.64316,1.6395300000000002,1.64134,36566,12,0,0.0,0.0,0.0,0.0,0.0,0.0,0.0,0.0,0.0,0.0,0.0008048682333141599
2024-12-05 20:00:00,1.64134,1.64277,1.64005,1.64059,15592,12,0,0.0,0.0,0.0,0.0,0.0,0.0,0.0,0.0,0.0,0.0,-0.000456943716719338
2024-12-06 00:00:00,1.63881,1.6458,1.63881,1.64523,14216,12,0,0.0,0.0,0.0,0.0,0.0,0.0,0.0,0.0,0.0,0.0,0.002828250812207722
2024-12-06 04:00:00,1.64523,1.646,1.64192,1.6435300000000002,17713,12,0,0.0,0.0,0.0,0.0,0.0,0.0,0.0,0.0,0.0,0.0,-0.0010332901782728054
2024-12-06 08:00:00,1.6435300000000002,1.64737,1.6435300000000002,1.64585,19659,12,0,0.0,0.0,0.0,0.0,0.0,0.0,0.0,0.0,0.0,0.0,0.0014115957725140404
2024-12-06 12:00:00,1.64585,1.65114,1.64579,1.64796,31040,12,0,0.0,0.0,0.0,0.0,0.0,0.0,0.0,0.0,0.0,0.0,0.0012820123340524514
2024-12-06 16:00:00,1.64796,1.65603,1.64637,1.654,45371,12,0,0.0,0.0,0.0,0.0,0.0,0.0,0.0,0.0,0.0,0.0,0.0036651375033374123
2024-12-06 20:00:00,1.654,1.65433,1.65205,1.65293,13663,12,0,0.0,0.0,0.0,0.0,0.0,0.0,0.0,0.0,0.0,0.0,-0.0006469165659007681
2024-12-09 00:00:00,1.65013,1.6524299999999998,1.64849,1.64955,12558,12,0,0.0,0.0,0.0,0.0,0.0,0.0,0.0,0.0,0.0,0.0,-0.0020448536840640408
2024-12-09 04:00:00,1.64955,1.65108,1.64827,1.65011,13911,12,0,0.0,0.0,0.0,0.0,0.0,0.0,0.0,0.0,0.0,0.0,0.0003394865266284075
2024-12-09 08:00:00,1.65011,1.65189,1.64002,1.6407,26659,12,0,0.0,0.0,0.0,0.0,0.0,0.0,0.0,0.0,0.0,0.0,-0.00570265012635518
2024-12-09 12:00:00,1.6407,1.64192,1.63523,1.63602,23598,12,0,0.0,0.0,0.0,0.0,0.0,0.0,0.0,0.0,0.0,0.0,-0.002852441031267139
2024-12-09 16:00:00,1.63601,1.63846,1.63504,1.63696,28863,12,0,0.0,0.0,0.0,0.0,0.0,0.0,0.0,0.0,0.0,0.0,0.0005745651031161536
2024-12-09 20:00:00,1.63695,1.63936,1.63674,1.63853,14859,12,0,0.0,0.0,0.0,0.0,0.0,0.0,0.0,0.0,0.0,0.0,0.0009590949076336841
2024-12-10 00:00:00,1.63861,1.64332,1.63758,1.64261,13694,12,0,0.0,0.0,0.0,0.0,0.0,0.0,0.0,0.0,0.0,0.0,0.0024900368012790164
2024-12-10 04:00:00,1.64262,1.65393,1.64179,1.65117,26577,12,0,0.0,0.0,0.0,0.0,0.0,0.0,0.0,0.0,0.0,0.0,0.005211218731165701
2024-12-10 08:00:00,1.65117,1.65296,1.64601,1.6469,23863,12,0,0.0,0.0,0.0,0.0,0.0,0.0,0.0,0.0,0.0,0.0,-0.0025860450468455642
2024-12-10 12:00:00,1.6469,1.64727,1.6443,1.64567,23912,12,0,0.0,0.0,0.0,0.0,0.0,0.0,0.0,0.0,0.0,0.0,-0.0007468577327099934
2024-12-10 16:00:00,1.64567,1.64979,1.64511,1.64895,31910,12,0,0.0,0.0,0.0,0.0,0.0,0.0,0.0,0.0,0.0,0.0,0.001993109189570186
2024-12-10 20:00:00,1.64895,1.6508500000000002,1.64846,1.65057,13524,12,0,0.0,0.0,0.0,0.0,0.0,0.0,0.0,0.0,0.0,0.0,0.0009824433730556414
2024-12-11 00:00:00,1.65011,1.65295,1.6494,1.65091,10985,12,0,0.0,0.0,0.0,0.0,0.0,0.0,0.0,0.0,0.0,0.0,0.0002059894460701983
2024-12-11 04:00:00,1.65091,1.65236,1.64846,1.6516,14592,12,0,0.0,0.0,0.0,0.0,0.0,0.0,0.0,0.0,0.0,0.0,0.00041795131170063726
2024-12-11 08:00:00,1.6516,1.65755,1.6509200000000002,1.65438,29631,12,0,0.0,0.0,0.0,0.0,0.0,0.0,0.0,0.0,0.0,0.0,0.0016832162751272417
2024-12-11 12:00:00,1.65437,1.65545,1.65158,1.65256,30786,12,0,0.0,0.0,0.0,0.0,0.0,0.0,0.0,0.0,0.0,0.0,-0.0011001100110010764
2024-12-11 16:00:00,1.65256,1.65303,1.64669,1.64759,40013,12,0,0.0,0.0,0.0,0.0,0.0,0.0,0.0,0.0,0.0,0.0,-0.0030074550999660277
2024-12-11 20:00:00,1.64759,1.64812,1.64613,1.64766,20836,12,0,0.0,0.0,0.0,0.0,0.0,0.0,0.0,0.0,0.0,0.0,4.248629816872018e-05
2024-12-12 00:00:00,1.64598,1.64791,1.63766,1.63862,15203,12,0,0.0,0.0,0.0,0.0,0.0,0.0,0.0,0.0,0.0,0.0,-0.005486568830948113
2024-12-12 04:00:00,1.63862,1.64004,1.63639,1.63721,16168,12,0,0.0,0.0,0.0,0.0,0.0,0.0,0.0,0.0,0.0,0.0,-0.0008604801601347356
2024-12-12 08:00:00,1.63721,1.64128,1.63614,1.63834,24435,12,0,0.0,0.0,0.0,0.0,0.0,0.0,0.0,0.0,0.0,0.0,0.000690198569517575
2024-12-12 12:00:00,1.63834,1.64228,1.63627,1.6386699999999998,29716,12,0,0.0,0.0,0.0,0.0,0.0,0.0,0.0,0.0,0.0,0.0,0.00020142339196982384
2024-12-12 16:00:00,1.6386699999999998,1.64641,1.63788,1.64578,43896,12,0,0.0,0.0,0.0,0.0,0.0,0.0,0.0,0.0,0.0,0.0,0.0043388845832292855
2024-12-12 20:00:00,1.64577,1.6463100000000002,1.6431900000000002,1.64339,22772,12,0,0.0,0.0,0.0,0.0,0.0,0.0,0.0,0.0,0.0,0.0,-0.0014521989573333949
2024-12-13 00:00:00,1.64207,1.64618,1.63922,1.6447699999999998,14542,12,0,0.0,0.0,0.0,0.0,0.0,0.0,0.0,0.0,0.0,0.0,0.0008397276361666872
2024-12-13 04:00:00,1.6447500000000002,1.64645,1.6429,1.64441,15789,12,0,0.0,0.0,0.0,0.0,0.0,0.0,0.0,0.0,0.0,0.0,-0.00021887558746813696
2024-12-13 08:00:00,1.64441,1.64749,1.64189,1.64709,23914,12,0,0.0,0.0,0.0,0.0,0.0,0.0,0.0,0.0,0.0,0.0,0.001629763866675571
2024-12-13 12:00:00,1.64711,1.6492,1.6453,1.64711,23897,12,0,0.0,0.0,0.0,0.0,0.0,0.0,0.0,0.0,0.0,0.0,1.2142627300315567e-05
2024-12-13 16:00:00,1.64711,1.65186,1.6462,1.65099,34255,12,0,0.0,0.0,0.0,0.0,0.0,0.0,0.0,0.0,0.0,0.0,0.0023556410925802407
2024-12-13 20:00:00,1.65099,1.6517,1.64989,1.65052,18607,12,0,0.0,0.0,0.0,0.0,0.0,0.0,0.0,0.0,0.0,0.0,-0.00028467767824147394
2024-12-16 00:00:00,1.64959,1.65202,1.64833,1.6507,13433,12,0,0.0,0.0,0.0,0.0,0.0,0.0,0.0,0.0,0.0,0.0,0.00010905653975723517
2024-12-16 04:00:00,1.65068,1.65197,1.64749,1.65006,13547,12,0,0.0,0.0,0.0,0.0,0.0,0.0,0.0,0.0,0.0,0.0,-0.00038771430302297905
2024-12-16 08:00:00,1.65006,1.6514600000000002,1.648,1.6503,22184,12,0,0.0,0.0,0.0,0.0,0.0,0.0,0.0,0.0,0.0,0.0,0.00014544925639059514
2024-12-16 12:00:00,1.6503,1.65232,1.64951,1.65201,20070,12,0,0.0,0.0,0.0,0.0,0.0,0.0,0.0,0.0,0.0,0.0,0.0010361752408651892
2024-12-16 16:00:00,1.652,1.65283,1.6484299999999998,1.64947,33537,12,0,0.0,0.0,0.0,0.0,0.0,0.0,0.0,0.0,0.0,0.0,-0.001537520959316252
2024-12-16 20:00:00,1.64947,1.65116,1.64925,1.64986,13555,12,0,0.0,0.0,0.0,0.0,0.0,0.0,0.0,0.0,0.0,0.0,0.00023643958362384865
2024-12-17 00:00:00,1.64975,1.65287,1.6485,1.65071,12567,12,0,0.0,0.0,0.0,0.0,0.0,0.0,0.0,0.0,0.0,0.0,0.0005151952286859274
2024-12-17 04:00:00,1.65071,1.65438,1.6507,1.65405,14428,12,0,0.0,0.0,0.0,0.0,0.0,0.0,0.0,0.0,0.0,0.0,0.002023371761242121
2024-12-17 08:00:00,1.65405,1.65495,1.6511900000000002,1.65327,20622,12,0,0.0,0.0,0.0,0.0,0.0,0.0,0.0,0.0,0.0,0.0,-0.00047156978325924026
2024-12-17 12:00:00,1.65333,1.6556,1.65296,1.65395,26587,12,0,0.0,0.0,0.0,0.0,0.0,0.0,0.0,0.0,0.0,0.0,0.0004113060782571232
2024-12-17 16:00:00,1.65395,1.65803,1.65358,1.65574,30358,12,0,0.0,0.0,0.0,0.0,0.0,0.0,0.0,0.0,0.0,0.0,0.0010822576256839245
2024-12-17 20:00:00,1.65574,1.65621,1.65445,1.65578,13249,12,0,0.0,0.0,0.0,0.0,0.0,0.0,0.0,0.0,0.0,0.0,2.4158382354810826e-05
2024-12-18 00:00:00,1.65457,1.6595,1.65364,1.65923,11012,12,0,0.0,0.0,0.0,0.0,0.0,0.0,0.0,0.0,0.0,0.0,0.00208361014144387
2024-12-18 04:00:00,1.65923,1.6640700000000002,1.65839,1.66347,12907,12,0,0.0,0.0,0.0,0.0,0.0,0.0,0.0,0.0,0.0,0.0,0.002555402204637014
2024-12-18 08:00:00,1.66345,1.66449,1.66139,1.6638,20208,12,0,0.0,0.0,0.0,0.0,0.0,0.0,0.0,0.0,0.0,0.0,0.0001983804937870648
2024-12-18 12:00:00,1.66381,1.66389,1.65806,1.65929,20619,12,0,0.0,0.0,0.0,0.0,0.0,0.0,0.0,0.0,0.0,0.0,-0.0027106623392234575
2024-12-18 16:00:00,1.65929,1.66242,1.65861,1.6619199999999998,29899,12,0,0.0,0.0,0.0,0.0,0.0,0.0,0.0,0.0,0.0,0.0,0.0015850152776186732
2024-12-18 20:00:00,1.66193,1.66731,1.66004,1.6644,53418,12,0,0.0,0.0,0.0,0.0,0.0,0.0,0.0,0.0,0.0,0.0,0.001492249927794509
2024-12-19 00:00:00,1.66416,1.67143,1.66279,1.6671399999999998,26867,12,0,0.0,0.0,0.0,0.0,0.0,0.0,0.0,0.0,0.0,0.0,0.0016462388848832443
2024-12-19 04:00:00,1.6671399999999998,1.66988,1.66545,1.66982,20767,12,0,0.0,0.0,0.0,0.0,0.0,0.0,0.0,0.0,0.0,0.0,0.0016075434576581227
2024-12-19 08:00:00,1.66982,1.6705,1.66513,1.66766,34309,12,0,0.0,0.0,0.0,0.0,0.0,0.0,0.0,0.0,0.0,0.0,-0.0012935525984837382
2024-12-19 12:00:00,1.66766,1.66817,1.66218,1.66309,32512,12,0,0.0,0.0,0.0,0.0,0.0,0.0,0.0,0.0,0.0,0.0,-0.0027403667414220845
2024-12-19 16:00:00,1.66308,1.66317,1.65664,1.6585,45437,12,0,0.0,0.0,0.0,0.0,0.0,0.0,0.0,0.0,0.0,0.0,-0.0027599227943164717
2024-12-19 20:00:00,1.65849,1.66128,1.65828,1.66091,24426,12,0,0.0,0.0,0.0,0.0,0.0,0.0,0.0,0.0,0.0,0.0,0.0014531202894181305
2024-12-20 00:00:00,1.66075,1.66573,1.66045,1.66344,14019,12,0,0.0,0.0,0.0,0.0,0.0,0.0,0.0,0.0,0.0,0.0,0.0015232613446845011
2024-12-20 04:00:00,1.66344,1.66682,1.6631,1.6653,15259,12,0,0.0,0.0,0.0,0.0,0.0,0.0,0.0,0.0,0.0,0.0,0.0011181647669888939
2024-12-20 08:00:00,1.6653,1.66631,1.66035,1.66562,30986,12,0,0.0,0.0,0.0,0.0,0.0,0.0,0.0,0.0,0.0,0.0,0.0001921575692067634
2024-12-20 12:00:00,1.6656300000000002,1.66918,1.66513,1.66888,27039,12,0,0.0,0.0,0.0,0.0,0.0,0.0,0.0,0.0,0.0,0.0,0.0019572291398997077
2024-12-20 16:00:00,1.66888,1.6692399999999998,1.66225,1.66443,43585,12,0,0.0,0.0,0.0,0.0,0.0,0.0,0.0,0.0,0.0,0.0,-0.0026664589425242635
2024-12-20 20:00:00,1.66443,1.668,1.66415,1.66739,24245,12,0,0.0,0.0,0.0,0.0,0.0,0.0,0.0,0.0,0.0,0.0,0.0017783865948102218
2024-12-23 00:00:00,1.66542,1.6701,1.66518,1.6683,14465,12,0,0.0,0.0,0.0,0.0,0.0,0.0,0.0,0.0,0.0,0.0,0.000545763138797728
2024-12-23 04:00:00,1.6683,1.67086,1.66745,1.66748,10309,12,0,0.0,0.0,0.0,0.0,0.0,0.0,0.0,0.0,0.0,0.0,-0.0004915183120540734
2024-12-23 08:00:00,1.66749,1.66946,1.66236,1.66286,17894,12,0,0.0,0.0,0.0,0.0,0.0,0.0,0.0,0.0,0.0,0.0,-0.0027706479238132076
2024-12-23 12:00:00,1.6628500000000002,1.66946,1.66196,1.6694,19392,12,0,0.0,0.0,0.0,0.0,0.0,0.0,0.0,0.0,0.0,0.0,0.003932982933019025
2024-12-23 16:00:00,1.6694,1.6705,1.66431,1.6649500000000002,30823,12,0,0.0,0.0,0.0,0.0,0.0,0.0,0.0,0.0,0.0,0.0,-0.002665628369473927
2024-12-23 20:00:00,1.6649500000000002,1.66639,1.66459,1.66518,16778,12,0,0.0,0.0,0.0,0.0,0.0,0.0,0.0,0.0,0.0,0.0,0.00013814228655517624
2024-12-24 00:00:00,1.66467,1.66871,1.6629,1.66786,10989,12,0,0.0,0.0,0.0,0.0,0.0,0.0,0.0,0.0,0.0,0.0,0.0016094356165698986
2024-12-24 04:00:00,1.66786,1.6701,1.6652,1.66567,15174,12,0,0.0,0.0,0.0,0.0,0.0,0.0,0.0,0.0,0.0,0.0,-0.0013130598491479795
2024-12-24 08:00:00,1.66567,1.66696,1.66393,1.66637,13583,12,0,0.0,0.0,0.0,0.0,0.0,0.0,0.0,0.0,0.0,0.0,0.0004202513102835592
2024-12-24 12:00:00,1.66637,1.67009,1.66561,1.6677,12675,12,0,0.0,0.0,0.0,0.0,0.0,0.0,0.0,0.0,0.0,0.0,0.00079814206928841
2024-12-24 16:00:00,1.6677,1.66934,1.66601,1.66783,24447,12,0,0.0,0.0,0.0,0.0,0.0,0.0,0.0,0.0,0.0,0.0,7.795166996449332e-05
2024-12-24 20:00:00,1.66782,1.66782,1.66368,1.66547,6198,12,0,0.0,0.0,0.0,0.0,0.0,0.0,0.0,0.0,0.0,0.0,-0.0014150123213996224
2024-12-26 00:00:00,1.66537,1.66782,1.66408,1.66526,11820,12,0,0.0,0.0,0.0,0.0,0.0,0.0,0.0,0.0,0.0,0.0,-0.00012609053300272066
2024-12-26 04:00:00,1.66526,1.66701,1.6631200000000002,1.66682,11015,12,0,0.0,0.0,0.0,0.0,0.0,0.0,0.0,0.0,0.0,0.0,0.0009367906513098045
2024-12-26 08:00:00,1.66681,1.67076,1.66649,1.67018,11248,12,0,0.0,0.0,0.0,0.0,0.0,0.0,0.0,0.0,0.0,0.0,0.0020158145450619447
2024-12-26 12:00:00,1.67018,1.67106,1.6680199999999998,1.67095,13679,12,0,0.0,0.0,0.0,0.0,0.0,0.0,0.0,0.0,0.0,0.0,0.00046102815265425257
2024-12-26 16:00:00,1.67095,1.67486,1.66982,1.6738499999999998,23818,12,0,0.0,0.0,0.0,0.0,0.0,0.0,0.0,0.0,0.0,0.0,0.0017355396630658326
2024-12-26 20:00:00,1.67382,1.67536,1.6735799999999998,1.67526,19357,12,0,0.0,0.0,0.0,0.0,0.0,0.0,0.0,0.0,0.0,0.0,0.0008423693879380245
2024-12-27 00:00:00,1.67287,1.6768,1.67143,1.67405,13268,12,0,0.0,0.0,0.0,0.0,0.0,0.0,0.0,0.0,0.0,0.0,-0.0007222759452263361
2024-12-27 04:00:00,1.67405,1.6775,1.67343,1.67739,12763,12,0,0.0,0.0,0.0,0.0,0.0,0.0,0.0,0.0,0.0,0.0,0.001995161434843684
2024-12-27 08:00:00,1.67739,1.67784,1.67299,1.67743,17188,12,0,0.0,0.0,0.0,0.0,0.0,0.0,0.0,0.0,0.0,0.0,2.3846571161278973e-05
2024-12-27 12:00:00,1.67743,1.67919,1.6763,1.67821,16410,12,0,0.0,0.0,0.0,0.0,0.0,0.0,0.0,0.0,0.0,0.0,0.00046499704905711425
2024-12-27 16:00:00,1.67821,1.68015,1.6768,1.67892,32723,12,0,0.0,0.0,0.0,0.0,0.0,0.0,0.0,0.0,0.0,0.0,0.0004230698184375381
2024-12-27 20:00:00,1.67892,1.67915,1.67552,1.67552,16066,12,0,0.0,0.0,0.0,0.0,0.0,0.0,0.0,0.0,0.0,0.0,-0.0020251113811260435
2024-12-30 00:00:00,1.67524,1.67755,1.67274,1.67287,9359,12,0,0.0,0.0,0.0,0.0,0.0,0.0,0.0,0.0,0.0,0.0,-0.0015815985485102546
2024-12-30 04:00:00,1.67287,1.67374,1.6689699999999998,1.66991,9689,12,0,0.0,0.0,0.0,0.0,0.0,0.0,0.0,0.0,0.0,0.0,-0.0017694142401980528
2024-12-30 08:00:00,1.66991,1.67651,1.6694,1.67624,17136,12,0,0.0,0.0,0.0,0.0,0.0,0.0,0.0,0.0,0.0,0.0,0.003790623446772612
2024-12-30 12:00:00,1.67624,1.67699,1.6704599999999998,1.67089,23618,12,0,0.0,0.0,0.0,0.0,0.0,0.0,0.0,0.0,0.0,0.0,-0.00319166706438212
2024-12-30 16:00:00,1.67091,1.67391,1.6692900000000002,1.66944,37661,12,0,0.0,0.0,0.0,0.0,0.0,0.0,0.0,0.0,0.0,0.0,-0.0008678009922855612
2024-12-30 20:00:00,1.66944,1.6725,1.66907,1.6725,15800,12,0,0.0,0.0,0.0,0.0,0.0,0.0,0.0,0.0,0.0,0.0,0.0018329499712479436
2024-12-31 00:00:00,1.6704599999999998,1.67414,1.66821,1.67151,13123,12,0,0.0,0.0,0.0,0.0,0.0,0.0,0.0,0.0,0.0,0.0,-0.0005919282511210877
2024-12-31 04:00:00,1.67151,1.67591,1.67138,1.67351,10447,12,0,0.0,0.0,0.0,0.0,0.0,0.0,0.0,0.0,0.0,0.0,0.001196522904439723
2024-12-31 08:00:00,1.67354,1.67668,1.67246,1.67528,17015,12,0,0.0,0.0,0.0,0.0,0.0,0.0,0.0,0.0,0.0,0.0,0.0010576572592932987
2024-12-31 12:00:00,1.67528,1.67765,1.67487,1.67598,20365,12,0,0.0,0.0,0.0,0.0,0.0,0.0,0.0,0.0,0.0,0.0,0.00041784059978033916
2024-12-31 16:00:00,1.67598,1.6763400000000002,1.67015,1.67305,39030,12,0,0.0,0.0,0.0,0.0,0.0,0.0,0.0,0.0,0.0,0.0,-0.0017482308858101092
2024-12-31 20:00:00,1.67307,1.67396,1.67265,1.67272,10483,12,0,0.0,0.0,0.0,0.0,0.0,0.0,0.0,0.0,0.0,0.0,-0.0001972445533605649
2025-01-02 00:00:00,1.67155,1.67445,1.66612,1.66738,13744,12,0,0.0,0.0,0.0,0.0,0.0,0.0,0.0,0.0,0.0,0.0,-0.0031924051843703616
2025-01-02 04:00:00,1.66737,1.6691,1.66649,1.66705,13450,12,0,0.0,0.0,0.0,0.0,0.0,0.0,0.0,0.0,0.0,0.0,-0.00019791529225499094
2025-01-02 08:00:00,1.66705,1.67104,1.66446,1.66477,21871,12,0,0.0,0.0,0.0,0.0,0.0,0.0,0.0,0.0,0.0,0.0,-0.0013676854323504406
2025-01-02 12:00:00,1.66476,1.66613,1.65922,1.65928,32004,12,0,0.0,0.0,0.0,0.0,0.0,0.0,0.0,0.0,0.0,0.0,-0.0032977528427350355
2025-01-02 16:00:00,1.65928,1.66006,1.64897,1.65502,50625,12,0,0.0,0.0,0.0,0.0,0.0,0.0,0.0,0.0,0.0,0.0,-0.0025673786220530292
2025-01-02 20:00:00,1.65502,1.65636,1.65368,1.65491,19434,12,0,0.0,0.0,0.0,0.0,0.0,0.0,0.0,0.0,0.0,0.0,-6.646445360170006e-05
2025-01-03 00:00:00,1.6533799999999998,1.65591,1.652,1.6528,8770,12,0,0.0,0.0,0.0,0.0,0.0,0.0,0.0,0.0,0.0,0.0,-0.0012749938063096877
2025-01-03 04:00:00,1.6528,1.654,1.65079,1.65226,11894,12,0,0.0,0.0,0.0,0.0,0.0,0.0,0.0,0.0,0.0,0.0,-0.0003267182962245485
2025-01-03 08:00:00,1.65226,1.65699,1.65138,1.6560700000000002,21773,12,0,0.0,0.0,0.0,0.0,0.0,0.0,0.0,0.0,0.0,0.0,0.002305932480360262
2025-01-03 12:00:00,1.6560700000000002,1.65657,1.65378,1.65561,18867,12,0,0.0,0.0,0.0,0.0,0.0,0.0,0.0,0.0,0.0,0.0,-0.0002777660364599033
2025-01-03 16:00:00,1.65561,1.65938,1.65468,1.65793,33444,12,0,0.0,0.0,0.0,0.0,0.0,0.0,0.0,0.0,0.0,0.0,0.0014012961989839923
2025-01-03 20:00:00,1.65793,1.65814,1.6564299999999998,1.65757,12324,12,0,0.0,0.0,0.0,0.0,0.0,0.0,0.0,0.0,0.0,0.0,-0.00021713823864688564
2025-01-06 00:00:00,1.6564299999999998,1.65926,1.6522,1.6559,12684,12,0,0.0,0.0,0.0,0.0,0.0,0.0,0.0,0.0,0.0,0.0,-0.0010074989291554148
2025-01-06 04:00:00,1.65591,1.65844,1.65465,1.65483,13537,12,0,0.0,0.0,0.0,0.0,0.0,0.0,0.0,0.0,0.0,0.0,-0.0006461742858867581
2025-01-06 08:00:00,1.65483,1.65907,1.65461,1.658,21382,12,0,0.0,0.0,0.0,0.0,0.0,0.0,0.0,0.0,0.0,0.0,0.001915604624039835
2025-01-06 12:00:00,1.658,1.65957,1.65404,1.65597,44935,12,0,0.0,0.0,0.0,0.0,0.0,0.0,0.0,0.0,0.0,0.0,-0.0012243667068757569
2025-01-06 16:00:00,1.65597,1.66512,1.6541,1.66415,47875,12,0,0.0,0.0,0.0,0.0,0.0,0.0,0.0,0.0,0.0,0.0,0.0049397030139435305
2025-01-06 20:00:00,1.66415,1.66513,1.66302,1.66349,20617,12,0,0.0,0.0,0.0,0.0,0.0,0.0,0.0,0.0,0.0,0.0,-0.0003965988642851137
2025-01-07 00:00:00,1.66258,1.66461,1.66,1.66076,14233,12,0,0.0,0.0,0.0,0.0,0.0,0.0,0.0,0.0,0.0,0.0,-0.001641127989948754
2025-01-07 04:00:00,1.66076,1.66169,1.65855,1.65864,13328,12,0,0.0,0.0,0.0,0.0,0.0,0.0,0.0,0.0,0.0,0.0,-0.00127652400105982
2025-01-07 08:00:00,1.65864,1.66138,1.65785,1.65923,23977,12,0,0.0,0.0,0.0,0.0,0.0,0.0,0.0,0.0,0.0,0.0,0.00035571311435877995
2025-01-07 12:00:00,1.65923,1.65956,1.65445,1.65756,25274,12,0,0.0,0.0,0.0,0.0,0.0,0.0,0.0,0.0,0.0,0.0,-0.001006490962675466
2025-01-07 16:00:00,1.65756,1.6616,1.65506,1.65999,45112,12,0,0.0,0.0,0.0,0.0,0.0,0.0,0.0,0.0,0.0,0.0,0.001466010280170904
2025-01-07 20:00:00,1.65999,1.6609699999999998,1.65904,1.65934,18974,12,0,0.0,0.0,0.0,0.0,0.0,0.0,0.0,0.0,0.0,0.0,-0.0003915686239074345
2025-01-08 00:00:00,1.65934,1.6655600000000002,1.65782,1.66358,13581,12,0,0.0,0.0,0.0,0.0,0.0,0.0,0.0,0.0,0.0,0.0,0.002555232803403751
2025-01-08 04:00:00,1.66359,1.66396,1.65991,1.66127,11082,12,0,0.0,0.0,0.0,0.0,0.0,0.0,0.0,0.0,0.0,0.0,-0.0013885716346674348
2025-01-08 08:00:00,1.66127,1.66179,1.65779,1.65877,21926,12,0,0.0,0.0,0.0,0.0,0.0,0.0,0.0,0.0,0.0,0.0,-0.0015048727780553328
2025-01-08 12:00:00,1.65877,1.6624,1.65836,1.66064,37908,12,0,0.0,0.0,0.0,0.0,0.0,0.0,0.0,0.0,0.0,0.0,0.0011273413432844048
2025-01-08 16:00:00,1.66064,1.661,1.65839,1.66034,39377,12,0,0.0,0.0,0.0,0.0,0.0,0.0,0.0,0.0,0.0,0.0,-0.000180653242123463
2025-01-08 20:00:00,1.66034,1.6617,1.65892,1.65997,24555,12,0,0.0,0.0,0.0,0.0,0.0,0.0,0.0,0.0,0.0,0.0,-0.00022284592312415974
2025-01-09 00:00:00,1.65909,1.6634600000000002,1.65874,1.6631200000000002,13558,12,0,0.0,0.0,0.0,0.0,0.0,0.0,0.0,0.0,0.0,0.0,0.0018976246558672916
2025-01-09 04:00:00,1.6631200000000002,1.6638,1.66194,1.6623,13759,12,0,0.0,0.0,0.0,0.0,0.0,0.0,0.0,0.0,0.0,0.0,-0.0004930492087161786
2025-01-09 08:00:00,1.6623,1.66637,1.6615799999999998,1.6643,24557,12,0,0.0,0.0,0.0,0.0,0.0,0.0,0.0,0.0,0.0,0.0,0.0012031522589182053
2025-01-09 12:00:00,1.66432,1.66479,1.66066,1.6631200000000002,25970,12,0,0.0,0.0,0.0,0.0,0.0,0.0,0.0,0.0,0.0,0.0,-0.0007090067896411423
2025-01-09 16:00:00,1.6631200000000002,1.66364,1.66132,1.66207,22039,12,0,0.0,0.0,0.0,0.0,0.0,0.0,0.0,0.0,0.0,0.0,-0.000631343498965875
2025-01-09 20:00:00,1.66207,1.6626,1.66151,1.6623,8467,12,0,0.0,0.0,0.0,0.0,0.0,0.0,0.0,0.0,0.0,0.0,0.00013838165660895463
2025-01-10 00:00:00,1.66142,1.66357,1.65991,1.66152,12233,12,0,0.0,0.0,0.0,0.0,0.0,0.0,0.0,0.0,0.0,0.0,-0.00046922938097815337
2025-01-10 04:00:00,1.66152,1.66327,1.66071,1.66099,11289,12,0,0.0,0.0,0.0,0.0,0.0,0.0,0.0,0.0,0.0,0.0,-0.00031898502575966603
2025-01-10 08:00:00,1.66099,1.66596,1.66013,1.66569,19435,12,0,0.0,0.0,0.0,0.0,0.0,0.0,0.0,0.0,0.0,0.0,0.002829637746163405
2025-01-10 12:00:00,1.66569,1.66769,1.66284,1.6666,31176,12,0,0.0,0.0,0.0,0.0,0.0,0.0,0.0,0.0,0.0,0.0,0.0005463201436042286
2025-01-10 16:00:00,1.66662,1.66725,1.66264,1.66437,57902,12,0,0.0,0.0,0.0,0.0,0.0,0.0,0.0,0.0,0.0,0.0,-0.0013380535221410028
2025-01-10 20:00:00,1.66437,1.66783,1.66339,1.6655,21612,12,0,0.0,0.0,0.0,0.0,0.0,0.0,0.0,0.0,0.0,0.0,0.0006789355732199631
2025-01-13 00:00:00,1.66342,1.66748,1.6622400000000002,1.6629,13435,12,0,0.0,0.0,0.0,0.0,0.0,0.0,0.0,0.0,0.0,0.0,-0.0015610927649354345
2025-01-13 04:00:00,1.6629,1.66533,1.66198,1.66452,14626,12,0,0.0,0.0,0.0,0.0,0.0,0.0,0.0,0.0,0.0,0.0,0.0009742016958325106
2025-01-13 08:00:00,1.66452,1.66518,1.65804,1.6606800000000002,29984,12,0,0.0,0.0,0.0,0.0,0.0,0.0,0.0,0.0,0.0,0.0,-0.002306971379136269
2025-01-13 12:00:00,1.66066,1.66132,1.65722,1.65981,28026,12,0,0.0,0.0,0.0,0.0,0.0,0.0,0.0,0.0,0.0,0.0,-0.0005238817833659315
2025-01-13 16:00:00,1.65983,1.66164,1.6573600000000002,1.6585800000000002,32567,12,0,0.0,0.0,0.0,0.0,0.0,0.0,0.0,0.0,0.0,0.0,-0.0007410486742457367
2025-01-13 20:00:00,1.6585800000000002,1.65925,1.65747,1.6577,17411,12,0,0.0,0.0,0.0,0.0,0.0,0.0,0.0,0.0,0.0,0.0,-0.000530574346730428
2025-01-14 00:00:00,1.65682,1.66023,1.65448,1.65587,17997,12,0,0.0,0.0,0.0,0.0,0.0,0.0,0.0,0.0,0.0,0.0,-0.0011039391928575615
2025-01-14 04:00:00,1.65587,1.65761,1.65556,1.65669,14122,12,0,0.0,0.0,0.0,0.0,0.0,0.0,0.0,0.0,0.0,0.0,0.0004952079571465262
2025-01-14 08:00:00,1.65669,1.65776,1.6534,1.65734,26216,12,0,0.0,0.0,0.0,0.0,0.0,0.0,0.0,0.0,0.0,0.0,0.0003923485987118447
2025-01-14 12:00:00,1.65734,1.66118,1.6566800000000002,1.66053,27610,12,0,0.0,0.0,0.0,0.0,0.0,0.0,0.0,0.0,0.0,0.0,0.0019247710186203193
2025-01-14 16:00:00,1.66051,1.66499,1.65938,1.66381,39061,12,0,0.0,0.0,0.0,0.0,0.0,0.0,0.0,0.0,0.0,0.0,0.001975272955020424
2025-01-14 20:00:00,1.66381,1.66538,1.6635,1.66388,13970,12,0,0.0,0.0,0.0,0.0,0.0,0.0,0.0,0.0,0.0,0.0,4.207211159923396e-05
2025-01-15 00:00:00,1.66293,1.66637,1.66227,1.66466,8560,12,0,0.0,0.0,0.0,0.0,0.0,0.0,0.0,0.0,0.0,0.0,0.0004687838065244865
2025-01-15 04:00:00,1.66466,1.66578,1.66261,1.6634799999999998,9654,12,0,0.0,0.0,0.0,0.0,0.0,0.0,0.0,0.0,0.0,0.0,-0.000708853459565395
2025-01-15 08:00:00,1.6634799999999998,1.6643,1.66021,1.66108,22302,12,0,0.0,0.0,0.0,0.0,0.0,0.0,0.0,0.0,0.0,0.0,-0.0014427585543559385
2025-01-15 12:00:00,1.66108,1.66279,1.65584,1.65683,29140,12,0,0.0,0.0,0.0,0.0,0.0,0.0,0.0,0.0,0.0,0.0,-0.002558576347918118
2025-01-15 16:00:00,1.65684,1.6577,1.65201,1.65351,45110,12,0,0.0,0.0,0.0,0.0,0.0,0.0,0.0,0.0,0.0,0.0,-0.002003826584501711
2025-01-15 20:00:00,1.65352,1.65413,1.6522,1.6524100000000002,14458,12,0,0.0,0.0,0.0,0.0,0.0,0.0,0.0,0.0,0.0,0.0,-0.0006652514953038313
2025-01-16 00:00:00,1.65273,1.654,1.64812,1.65318,15845,12,0,0.0,0.0,0.0,0.0,0.0,0.0,0.0,0.0,0.0,0.0,0.00046598604462566584
2025-01-16 04:00:00,1.65322,1.65992,1.65262,1.65862,14632,12,0,0.0,0.0,0.0,0.0,0.0,0.0,0.0,0.0,0.0,0.0,0.003290627759832576
2025-01-16 08:00:00,1.65862,1.65862,1.65465,1.65537,22670,12,0,0.0,0.0,0.0,0.0,0.0,0.0,0.0,0.0,0.0,0.0,-0.0019594602742037948
2025-01-16 12:00:00,1.65537,1.6574,1.65515,1.65638,26675,12,0,0.0,0.0,0.0,0.0,0.0,0.0,0.0,0.0,0.0,0.0,0.0006101354984082707
2025-01-16 16:00:00,1.65639,1.65739,1.65427,1.6560700000000002,45490,12,0,0.0,0.0,0.0,0.0,0.0,0.0,0.0,0.0,0.0,0.0,-0.00018715512140921042
2025-01-16 20:00:00,1.6560700000000002,1.65899,1.65596,1.65812,16055,12,0,0.0,0.0,0.0,0.0,0.0,0.0,0.0,0.0,0.0,0.0,0.0012378703798752166
2025-01-17 00:00:00,1.6575,1.6600700000000002,1.65723,1.65881,9982,12,0,0.0,0.0,0.0,0.0,0.0,0.0,0.0,0.0,0.0,0.0,0.00041613393481765293
2025-01-17 04:00:00,1.65878,1.66127,1.65735,1.65944,13321,12,0,0.0,0.0,0.0,0.0,0.0,0.0,0.0,0.0,0.0,0.0,0.0003797903316233864
2025-01-17 08:00:00,1.65944,1.66022,1.65594,1.65986,21475,12,0,0.0,0.0,0.0,0.0,0.0,0.0,0.0,0.0,0.0,0.0,0.0002530974304584266
2025-01-17 12:00:00,1.65986,1.66611,1.65949,1.66569,23384,12,0,0.0,0.0,0.0,0.0,0.0,0.0,0.0,0.0,0.0,0.0,0.0035123444145892524
2025-01-17 16:00:00,1.66569,1.66587,1.65527,1.65688,44959,12,0,0.0,0.0,0.0,0.0,0.0,0.0,0.0,0.0,0.0,0.0,-0.005289099412255527
2025-01-17 20:00:00,1.65688,1.65883,1.65677,1.65807,14449,12,0,0.0,0.0,0.0,0.0,0.0,0.0,0.0,0.0,0.0,0.0,0.0007182173724107344
2025-01-20 00:00:00,1.65725,1.65909,1.65617,1.65746,12799,12,0,0.0,0.0,0.0,0.0,0.0,0.0,0.0,0.0,0.0,0.0,-0.00036789761590283465
2025-01-20 04:00:00,1.65746,1.65981,1.65687,1.65968,11800,13,0,0.0,0.0,0.0,0.0,0.0,0.0,0.0,0.0,0.0,0.0,0.0013393988391876555
2025-01-20 08:00:00,1.65968,1.66319,1.65771,1.66238,21492,13,0,0.0,0.0,0.0,0.0,0.0,0.0,0.0,0.0,0.0,0.0,0.0016268196278801383
2025-01-20 12:00:00,1.66238,1.66439,1.65756,1.65949,30309,13,0,0.0,0.0,0.0,0.0,0.0,0.0,0.0,0.0,0.0,0.0,-0.0017384713483078462
2025-01-20 16:00:00,1.65949,1.66252,1.65758,1.6603599999999998,46662,13,0,0.0,0.0,0.0,0.0,0.0,0.0,0.0,0.0,0.0,0.0,0.0005242574525907706
2025-01-20 20:00:00,1.6603599999999998,1.66132,1.65967,1.66001,13532,14,0,0.0,0.0,0.0,0.0,0.0,0.0,0.0,0.0,0.0,0.0,-0.00021079765833909025
2025-01-21 00:00:00,1.65799,1.66815,1.65799,1.66422,35437,13,0,0.0,0.0,0.0,0.0,0.0,0.0,0.0,0.0,0.0,0.0,0.0025361293004260155
2025-01-21 04:00:00,1.66422,1.66557,1.6610200000000002,1.6652,20716,13,0,0.0,0.0,0.0,0.0,0.0,0.0,0.0,0.0,0.0,0.0,0.0005888644530169795
2025-01-21 08:00:00,1.6652,1.66568,1.66056,1.66125,27081,13,0,0.0,0.0,0.0,0.0,0.0,0.0,0.0,0.0,0.0,0.0,-0.0023720874369446143
2025-01-21 12:00:00,1.66126,1.66494,1.66027,1.66341,30173,13,0,0.0,0.0,0.0,0.0,0.0,0.0,0.0,0.0,0.0,0.0,0.0013002257336343082
2025-01-21 16:00:00,1.66341,1.66404,1.661,1.66268,40401,13,0,0.0,0.0,0.0,0.0,0.0,0.0,0.0,0.0,0.0,0.0,-0.00043885752760897123
2025-01-21 20:00:00,1.66268,1.6634,1.66135,1.66138,14106,13,0,0.0,0.0,0.0,0.0,0.0,0.0,0.0,0.0,0.0,0.0,-0.0007818702335986583
2025-01-22 00:00:00,1.661,1.6634600000000002,1.6595,1.6619000000000002,16596,13,0,0.0,0.0,0.0,0.0,0.0,0.0,0.0,0.0,0.0,0.0,0.00031299281320351646
2025-01-22 04:00:00,1.6619000000000002,1.66313,1.66074,1.66243,10742,13,0,0.0,0.0,0.0,0.0,0.0,0.0,0.0,0.0,0.0,0.0,0.0003189120885733754
2025-01-22 08:00:00,1.66243,1.66424,1.66054,1.66218,26303,13,0,0.0,0.0,0.0,0.0,0.0,0.0,0.0,0.0,0.0,0.0,-0.00015038227173480578
2025-01-22 12:00:00,1.66218,1.6625,1.65937,1.66022,24795,13,0,0.0,0.0,0.0,0.0,0.0,0.0,0.0,0.0,0.0,0.0,-0.001179174337316069
2025-01-22 16:00:00,1.66022,1.66304,1.6589,1.65943,30837,13,0,0.0,0.0,0.0,0.0,0.0,0.0,0.0,0.0,0.0,0.0,-0.0004758405512522712
2025-01-22 20:00:00,1.65943,1.66016,1.6585,1.65906,11771,13,0,0.0,0.0,0.0,0.0,0.0,0.0,0.0,0.0,0.0,0.0,-0.00022296812761002371
2025-01-23 00:00:00,1.65782,1.6605,1.65747,1.65827,10127,14,0,0.0,0.0,0.0,0.0,0.0,0.0,0.0,0.0,0.0,0.0,-0.00047617325473470196
2025-01-23 04:00:00,1.65827,1.65956,1.65739,1.65911,12374,13,0,0.0,0.0,0.0,0.0,0.0,0.0,0.0,0.0,0.0,0.0,0.0005065520090214992
2025-01-23 08:00:00,1.65911,1.6629,1.65855,1.6621,20364,13,0,0.0,0.0,0.0,0.0,0.0,0.0,0.0,0.0,0.0,0.0,0.0018021710435112137
2025-01-23 12:00:00,1.6621,1.66232,1.65897,1.65968,23181,13,0,0.0,0.0,0.0,0.0,0.0,0.0,0.0,0.0,0.0,0.0,-0.0014559894109860139
2025-01-23 16:00:00,1.65968,1.65987,1.65638,1.6570399999999998,37225,13,0,0.0,0.0,0.0,0.0,0.0,0.0,0.0,0.0,0.0,0.0,-0.0015906680805939377
2025-01-23 20:00:00,1.65706,1.65821,1.6568,1.6572,14854,13,0,0.0,0.0,0.0,0.0,0.0,0.0,0.0,0.0,0.0,0.0,9.65577173757115e-05
2025-01-24 00:00:00,1.65648,1.6589,1.65587,1.65779,8628,13,0,0.0,0.0,0.0,0.0,0.0,0.0,0.0,0.0,0.0,0.0,0.00035602220613095703
2025-01-24 04:00:00,1.6578,1.65786,1.65195,1.65262,24305,13,0,0.0,0.0,0.0,0.0,0.0,0.0,0.0,0.0,0.0,0.0,-0.003118609715343945
2025-01-24 08:00:00,1.65262,1.66112,1.6518199999999998,1.65969,34374,13,0,0.0,0.0,0.0,0.0,0.0,0.0,0.0,0.0,0.0,0.0,0.004278055451343965
2025-01-24 12:00:00,1.65969,1.66142,1.65857,1.66028,22497,13,0,0.0,0.0,0.0,0.0,0.0,0.0,0.0,0.0,0.0,0.0,0.00035548807307383967
2025-01-24 16:00:00,1.66028,1.66428,1.65868,1.66335,34622,13,0,0.0,0.0,0.0,0.0,0.0,0.0,0.0,0.0,0.0,0.0,0.0018490856963886415
2025-01-24 20:00:00,1.66335,1.66338,1.66059,1.66067,12531,13,0,0.0,0.0,0.0,0.0,0.0,0.0,0.0,0.0,0.0,0.0,-0.001611206300538126
2025-01-27 00:00:00,1.66006,1.66527,1.66006,1.66386,14191,13,0,0.0,0.0,0.0,0.0,0.0,0.0,0.0,0.0,0.0,0.0,0.0019209114393587967
2025-01-27 04:00:00,1.66386,1.66474,1.66206,1.66309,15376,13,0,0.0,0.0,0.0,0.0,0.0,0.0,0.0,0.0,0.0,0.0,-0.00046277932037552816
2025-01-27 08:00:00,1.66309,1.66709,1.66269,1.6667,28976,13,0,0.0,0.0,0.0,0.0,0.0,0.0,0.0,0.0,0.0,0.0,0.002170658232567124
2025-01-27 12:00:00,1.6667,1.67218,1.66562,1.67166,35777,13,0,0.0,0.0,0.0,0.0,0.0,0.0,0.0,0.0,0.0,0.0,0.002975940481190209
2025-01-27 16:00:00,1.67169,1.67273,1.67011,1.67095,34359,13,0,0.0,0.0,0.0,0.0,0.0,0.0,0.0,0.0,0.0,0.0,-0.00042472751636102313
2025-01-27 20:00:00,1.67093,1.67107,1.66586,1.66716,15911,13,0,0.0,0.0,0.0,0.0,0.0,0.0,0.0,0.0,0.0,0.0,-0.002268170801041247
2025-01-28 00:00:00,1.66623,1.66926,1.66549,1.66785,23499,13,0,0.0,0.0,0.0,0.0,0.0,0.0,0.0,0.0,0.0,0.0,0.00041387749226240445
2025-01-28 04:00:00,1.66785,1.6697,1.66577,1.66898,17465,13,0,0.0,0.0,0.0,0.0,0.0,0.0,0.0,0.0,0.0,0.0,0.0006775189615371158
2025-01-28 08:00:00,1.66898,1.67014,1.66755,1.66861,24435,13,0,0.0,0.0,0.0,0.0,0.0,0.0,0.0,0.0,0.0,0.0,-0.0002216922910999175
2025-01-28 12:00:00,1.6686299999999998,1.67113,1.66736,1.6707800000000002,23448,13,0,0.0,0.0,0.0,0.0,0.0,0.0,0.0,0.0,0.0,0.0,0.001300483636080374
2025-01-28 16:00:00,1.67076,1.67082,1.66845,1.66896,29113,13,0,0.0,0.0,0.0,0.0,0.0,0.0,0.0,0.0,0.0,0.0,-0.0010893115790230334
2025-01-28 20:00:00,1.66896,1.66922,1.66763,1.6680199999999998,13752,13,0,0.0,0.0,0.0,0.0,0.0,0.0,0.0,0.0,0.0,0.0,-0.0005632250023968055
2025-01-29 00:00:00,1.66659,1.67502,1.66652,1.67312,9300,14,0,0.0,0.0,0.0,0.0,0.0,0.0,0.0,0.0,0.0,0.0,0.003057517295955714
2025-01-29 04:00:00,1.67312,1.67471,1.6714099999999998,1.6714099999999998,11074,13,0,0.0,0.0,0.0,0.0,0.0,0.0,0.0,0.0,0.0,0.0,-0.0010220426508559255
2025-01-29 08:00:00,1.6714099999999998,1.67205,1.66976,1.6709,21259,13,0,0.0,0.0,0.0,0.0,0.0,0.0,0.0,0.0,0.0,0.0,-0.00030513159547918
2025-01-29 12:00:00,1.6709,1.67213,1.66998,1.67172,24215,13,0,0.0,0.0,0.0,0.0,0.0,0.0,0.0,0.0,0.0,0.0,0.0004907534861451346
2025-01-29 16:00:00,1.67172,1.6743,1.67108,1.67242,32067,13,0,0.0,0.0,0.0,0.0,0.0,0.0,0.0,0.0,0.0,0.0,0.0004187304093985489
2025-01-29 20:00:00,1.67242,1.67318,1.6705299999999998,1.67184,35389,13,0,0.0,0.0,0.0,0.0,0.0,0.0,0.0,0.0,0.0,0.0,-0.00034680283660804
2025-01-30 00:00:00,1.67146,1.67256,1.66993,1.67027,9905,13,0,0.0,0.0,0.0,0.0,0.0,0.0,0.0,0.0,0.0,0.0,-0.0009390850799120276
2025-01-30 04:00:00,1.67027,1.67548,1.6698499999999998,1.67547,11240,13,0,0.0,0.0,0.0,0.0,0.0,0.0,0.0,0.0,0.0,0.0,0.003113269112179573
2025-01-30 08:00:00,1.67547,1.67594,1.66965,1.6713,21183,13,0,0.0,0.0,0.0,0.0,0.0,0.0,0.0,0.0,0.0,0.0,-0.002488853873838348
2025-01-30 12:00:00,1.67131,1.67733,1.66875,1.67702,26301,13,0,0.0,0.0,0.0,0.0,0.0,0.0,0.0,0.0,0.0,0.0,0.0034224854903368573
2025-01-30 16:00:00,1.67702,1.67803,1.67136,1.67205,33328,13,0,0.0,0.0,0.0,0.0,0.0,0.0,0.0,0.0,0.0,0.0,-0.002963590177815334
2025-01-30 20:00:00,1.67201,1.67562,1.67151,1.6731,21840,13,0,0.0,0.0,0.0,0.0,0.0,0.0,0.0,0.0,0.0,0.0,0.0006279716515653622
2025-01-31 00:00:00,1.67185,1.67428,1.6711399999999998,1.67168,12223,13,0,0.0,0.0,0.0,0.0,0.0,0.0,0.0,0.0,0.0,0.0,-0.0008487239256469437
2025-01-31 04:00:00,1.67168,1.67222,1.66751,1.66927,11754,13,0,0.0,0.0,0.0,0.0,0.0,0.0,0.0,0.0,0.0,0.0,-0.0014416634762633995
2025-01-31 08:00:00,1.66927,1.67061,1.66603,1.66833,23339,13,0,0.0,0.0,0.0,0.0,0.0,0.0,0.0,0.0,0.0,0.0,-0.0005631204059258765
2025-01-31 12:00:00,1.6683400000000002,1.67072,1.66759,1.669,23457,13,0,0.0,0.0,0.0,0.0,0.0,0.0,0.0,0.0,0.0,0.0,0.00040159920399429616
2025-01-31 16:00:00,1.669,1.6699199999999998,1.66416,1.6656300000000002,40251,13,0,0.0,0.0,0.0,0.0,0.0,0.0,0.0,0.0,0.0,0.0,-0.002019173157579268
2025-01-31 20:00:00,1.6656300000000002,1.67013,1.66524,1.66748,42581,13,0,0.0,0.0,0.0,0.0,0.0,0.0,0.0,0.0,0.0,0.0,0.0011106908497084955
2025-02-03 00:00:00,1.6631,1.67418,1.66095,1.6739000000000002,39692,13,0,0.0,0.0,0.0,0.0,0.0,0.0,0.0,0.0,0.0,0.0,0.0038501211408832337
2025-02-03 04:00:00,1.6739000000000002,1.6790699999999998,1.67098,1.673,31575,13,0,0.0,0.0,0.0,0.0,0.0,0.0,0.0,0.0,0.0,0.0,-0.0005376665272717185
2025-02-03 08:00:00,1.673,1.67354,1.66429,1.6657,34277,13,0,0.0,0.0,0.0,0.0,0.0,0.0,0.0,0.0,0.0,0.0,-0.004363419007770486
2025-02-03 12:00:00,1.6657,1.6696,1.66501,1.66602,31514,12,0,0.0,0.0,0.0,0.0,0.0,0.0,0.0,0.0,0.0,0.0,0.00019211142462638442
2025-02-03 16:00:00,1.66602,1.67001,1.66249,1.66365,61572,13,0,0.0,0.0,0.0,0.0,0.0,0.0,0.0,0.0,0.0,0.0,-0.0014225519501566142
2025-02-03 20:00:00,1.66365,1.66487,1.65881,1.66101,28449,13,0,0.0,0.0,0.0,0.0,0.0,0.0,0.0,0.0,0.0,0.0,-0.0015868722387520906
2025-02-04 00:00:00,1.6598000000000002,1.66332,1.65923,1.66246,17523,13,0,0.0,0.0,0.0,0.0,0.0,0.0,0.0,0.0,0.0,0.0,0.000872962835864799
2025-02-04 04:00:00,1.66246,1.66663,1.66122,1.66412,22220,13,0,0.0,0.0,0.0,0.0,0.0,0.0,0.0,0.0,0.0,0.0,0.0009985202651492386
2025-02-04 08:00:00,1.66412,1.66721,1.66089,1.6655,27013,13,0,0.0,0.0,0.0,0.0,0.0,0.0,0.0,0.0,0.0,0.0,0.0008292671201595159
2025-02-04 12:00:00,1.6655,1.66573,1.66123,1.6633,21135,13,0,0.0,0.0,0.0,0.0,0.0,0.0,0.0,0.0,0.0,0.0,-0.0013209246472530856
2025-02-04 16:00:00,1.66331,1.66475,1.65839,1.6596,37459,12,0,0.0,0.0,0.0,0.0,0.0,0.0,0.0,0.0,0.0,0.0,-0.002224493476823186
2025-02-04 20:00:00,1.6596,1.66026,1.65821,1.65895,14395,12,0,0.0,0.0,0.0,0.0,0.0,0.0,0.0,0.0,0.0,0.0,-0.0003916606411183965
2025-02-05 00:00:00,1.65806,1.66168,1.65788,1.66155,13596,13,0,0.0,0.0,0.0,0.0,0.0,0.0,0.0,0.0,0.0,0.0,0.0015672563971187436
2025-02-05 04:00:00,1.66155,1.66255,1.65957,1.65964,15040,13,0,0.0,0.0,0.0,0.0,0.0,0.0,0.0,0.0,0.0,0.0,-0.0011495290541964076
2025-02-05 08:00:00,1.65964,1.66061,1.6561,1.65692,26910,13,0,0.0,0.0,0.0,0.0,0.0,0.0,0.0,0.0,0.0,0.0,-0.0016389096430551309
2025-02-05 12:00:00,1.65692,1.65857,1.65656,1.65782,24466,13,0,0.0,0.0,0.0,0.0,0.0,0.0,0.0,0.0,0.0,0.0,0.0005431764961496555
2025-02-05 16:00:00,1.65782,1.66005,1.65488,1.65593,33430,13,0,0.0,0.0,0.0,0.0,0.0,0.0,0.0,0.0,0.0,0.0,-0.0011400513927930511
2025-02-05 20:00:00,1.65593,1.65638,1.65414,1.65503,13447,13,0,0.0,0.0,0.0,0.0,0.0,0.0,0.0,0.0,0.0,0.0,-0.0005435012349555013
2025-02-06 00:00:00,1.65412,1.65631,1.65412,1.65516,10365,13,0,0.0,0.0,0.0,0.0,0.0,0.0,0.0,0.0,0.0,0.0,7.854842510401916e-05
2025-02-06 04:00:00,1.6552099999999998,1.65953,1.65518,1.65844,13032,13,0,0.0,0.0,0.0,0.0,0.0,0.0,0.0,0.0,0.0,0.0,0.0019816815292781342
2025-02-06 08:00:00,1.65844,1.6585100000000002,1.65435,1.65445,21177,13,0,0.0,0.0,0.0,0.0,0.0,0.0,0.0,0.0,0.0,0.0,-0.0024058754009792516
2025-02-06 12:00:00,1.65445,1.6551399999999998,1.6521400000000002,1.65393,26418,13,0,0.0,0.0,0.0,0.0,0.0,0.0,0.0,0.0,0.0,0.0,-0.0003143038471999926
2025-02-06 16:00:00,1.65395,1.65545,1.65042,1.65126,26464,13,0,0.0,0.0,0.0,0.0,0.0,0.0,0.0,0.0,0.0,0.0,-0.001614336761531554
2025-02-06 20:00:00,1.65128,1.6541,1.65118,1.65215,14025,13,0,0.0,0.0,0.0,0.0,0.0,0.0,0.0,0.0,0.0,0.0,0.0005389823528698656
2025-02-07 00:00:00,1.65149,1.6535,1.65012,1.6509,10059,13,0,0.0,0.0,0.0,0.0,0.0,0.0,0.0,0.0,0.0,0.0,-0.0007565898980116392
2025-02-07 04:00:00,1.6509,1.65245,1.64951,1.65206,12221,13,0,0.0,0.0,0.0,0.0,0.0,0.0,0.0,0.0,0.0,0.0,0.0007026470410078645
2025-02-07 08:00:00,1.65206,1.65252,1.65004,1.6509,17029,13,0,0.0,0.0,0.0,0.0,0.0,0.0,0.0,0.0,0.0,0.0,-0.000702153674806083
2025-02-07 12:00:00,1.6509,1.65268,1.64897,1.65101,24522,13,0,0.0,0.0,0.0,0.0,0.0,0.0,0.0,0.0,0.0,0.0,6.66303228542553e-05
2025-02-07 16:00:00,1.65101,1.65229,1.6461,1.6465800000000002,51195,13,0,0.0,0.0,0.0,0.0,0.0,0.0,0.0,0.0,0.0,0.0,-0.0026832060375163724
2025-02-07 20:00:00,1.6465800000000002,1.64792,1.64467,1.64564,16328,13,0,0.0,0.0,0.0,0.0,0.0,0.0,0.0,0.0,0.0,0.0,-0.0005708802487581766
2025-02-10 00:00:00,1.64767,1.64915,1.64527,1.64717,15722,13,0,0.0,0.0,0.0,0.0,0.0,0.0,0.0,0.0,0.0,0.0,0.0009297294669550205
2025-02-10 04:00:00,1.64717,1.64743,1.64413,1.64471,11902,13,0,0.0,0.0,0.0,0.0,0.0,0.0,0.0,0.0,0.0,0.0,-0.0014934706193047154
2025-02-10 08:00:00,1.64471,1.64612,1.6431900000000002,1.64459,22052,13,0,0.0,0.0,0.0,0.0,0.0,0.0,0.0,0.0,0.0,0.0,-7.296119072652818e-05
2025-02-10 12:00:00,1.64459,1.64533,1.64263,1.64284,19625,13,0,0.0,0.0,0.0,0.0,0.0,0.0,0.0,0.0,0.0,0.0,-0.0010640950024017881
2025-02-10 16:00:00,1.64284,1.6432,1.64056,1.64298,23111,13,0,0.0,0.0,0.0,0.0,0.0,0.0,0.0,0.0,0.0,0.0,8.521828053864589e-05
2025-02-10 20:00:00,1.64298,1.64323,1.64101,1.64154,9135,13,0,0.0,0.0,0.0,0.0,0.0,0.0,0.0,0.0,0.0,0.0,-0.0008764561954498484
2025-02-11 00:00:00,1.64015,1.64394,1.63937,1.64236,11175,13,0,0.0,0.0,0.0,0.0,0.0,0.0,0.0,0.0,0.0,0.0,0.0004995309282747051
2025-02-11 04:00:00,1.64236,1.64417,1.6416,1.64187,12441,13,0,0.0,0.0,0.0,0.0,0.0,0.0,0.0,0.0,0.0,0.0,-0.0002983511532186345
2025-02-11 08:00:00,1.64187,1.64379,1.63916,1.64369,19695,13,0,0.0,0.0,0.0,0.0,0.0,0.0,0.0,0.0,0.0,0.0,0.001108492146150608
2025-02-11 12:00:00,1.6437,1.64594,1.64306,1.64392,18567,13,0,0.0,0.0,0.0,0.0,0.0,0.0,0.0,0.0,0.0,0.0,0.00013992906204940425
2025-02-11 16:00:00,1.64392,1.6452,1.6426500000000002,1.64436,23363,13,0,0.0,0.0,0.0,0.0,0.0,0.0,0.0,0.0,0.0,0.0,0.00026765292714969746
2025-02-11 20:00:00,1.64436,1.64728,1.64431,1.64579,13746,13,0,0.0,0.0,0.0,0.0,0.0,0.0,0.0,0.0,0.0,0.0,0.0008696392517453244
2025-02-12 00:00:00,1.6451,1.64686,1.64403,1.64421,9809,13,0,0.0,0.0,0.0,0.0,0.0,0.0,0.0,0.0,0.0,0.0,-0.0009600252766149842
2025-02-12 04:00:00,1.64421,1.6469200000000002,1.64307,1.64623,13594,13,0,0.0,0.0,0.0,0.0,0.0,0.0,0.0,0.0,0.0,0.0,0.0012285535302669626
2025-02-12 08:00:00,1.64623,1.65248,1.64578,1.65225,20121,13,0,0.0,0.0,0.0,0.0,0.0,0.0,0.0,0.0,0.0,0.0,0.0036568401742160805
2025-02-12 12:00:00,1.65225,1.65544,1.64706,1.65484,26036,13,0,0.0,0.0,0.0,0.0,0.0,0.0,0.0,0.0,0.0,0.0,0.0015675593887123362
2025-02-12 16:00:00,1.65484,1.65686,1.65242,1.65406,43829,13,0,0.0,0.0,0.0,0.0,0.0,0.0,0.0,0.0,0.0,0.0,-0.0004713446617196082
2025-02-12 20:00:00,1.65404,1.6541,1.65205,1.65351,17747,13,0,0.0,0.0,0.0,0.0,0.0,0.0,0.0,0.0,0.0,0.0,-0.000332515144553458
2025-02-13 00:00:00,1.6519,1.65637,1.65176,1.65531,11039,13,0,0.0,0.0,0.0,0.0,0.0,0.0,0.0,0.0,0.0,0.0,0.0010885933559519057
2025-02-13 04:00:00,1.65531,1.65793,1.65507,1.65714,16952,13,0,0.0,0.0,0.0,0.0,0.0,0.0,0.0,0.0,0.0,0.0,0.001105533102560896
2025-02-13 08:00:00,1.65714,1.66334,1.6571,1.66298,25314,13,0,0.0,0.0,0.0,0.0,0.0,0.0,0.0,0.0,0.0,0.0,0.003524144007144736
2025-02-13 12:00:00,1.66295,1.66324,1.65722,1.65935,27525,13,0,0.0,0.0,0.0,0.0,0.0,0.0,0.0,0.0,0.0,0.0,-0.0021828284164571166
2025-02-13 16:00:00,1.65936,1.66015,1.65624,1.65777,33394,13,0,0.0,0.0,0.0,0.0,0.0,0.0,0.0,0.0,0.0,0.0,-0.0009521800705095673
2025-02-13 20:00:00,1.65776,1.6591,1.65412,1.65631,25231,13,0,0.0,0.0,0.0,0.0,0.0,0.0,0.0,0.0,0.0,0.0,-0.0008807011829143896
2025-02-14 00:00:00,1.65523,1.65756,1.65375,1.65435,13279,13,0,0.0,0.0,0.0,0.0,0.0,0.0,0.0,0.0,0.0,0.0,-0.0011833533577650934
2025-02-14 04:00:00,1.65435,1.65512,1.65267,1.65409,13285,13,0,0.0,0.0,0.0,0.0,0.0,0.0,0.0,0.0,0.0,0.0,-0.00015716142291533064
2025-02-14 08:00:00,1.65409,1.65484,1.65197,1.65283,24304,13,0,0.0,0.0,0.0,0.0,0.0,0.0,0.0,0.0,0.0,0.0,-0.0007617481515516111
2025-02-14 12:00:00,1.65279,1.65329,1.64989,1.65069,24113,13,0,0.0,0.0,0.0,0.0,0.0,0.0,0.0,0.0,0.0,0.0,-0.001294749006249929
2025-02-14 16:00:00,1.65069,1.65248,1.65015,1.65227,27206,13,0,0.0,0.0,0.0,0.0,0.0,0.0,0.0,0.0,0.0,0.0,0.000957175484191497
2025-02-14 20:00:00,1.65226,1.65244,1.65022,1.65059,11716,13,0,0.0,0.0,0.0,0.0,0.0,0.0,0.0,0.0,0.0,0.0,-0.0010167829713060295
2025-02-17 00:00:00,1.6533799999999998,1.6533799999999998,1.6481599999999998,1.64945,13896,13,0,0.0,0.0,0.0,0.0,0.0,0.0,0.0,0.0,0.0,0.0,-0.0006906621268757407
2025-02-17 04:00:00,1.64945,1.65134,1.64581,1.64729,15921,13,0,0.0,0.0,0.0,0.0,0.0,0.0,0.0,0.0,0.0,0.0,-0.0013095274182304273
2025-02-17 08:00:00,1.64729,1.64832,1.64474,1.64505,20877,13,0,0.0,0.0,0.0,0.0,0.0,0.0,0.0,0.0,0.0,0.0,-0.001359809141074142
2025-02-17 12:00:00,1.64506,1.64817,1.6446,1.64547,16126,13,0,0.0,0.0,0.0,0.0,0.0,0.0,0.0,0.0,0.0,0.0,0.00025531138871159875
2025-02-17 16:00:00,1.64544,1.64728,1.64488,1.6468,11439,13,0,0.0,0.0,0.0,0.0,0.0,0.0,0.0,0.0,0.0,0.0,0.0008082797012403109
2025-02-17 20:00:00,1.6468,1.64961,1.64639,1.64892,4729,13,0,0.0,0.0,0.0,0.0,0.0,0.0,0.0,0.0,0.0,0.0,0.0012873451542385617
2025-02-18 00:00:00,1.64724,1.65197,1.64682,1.65055,11428,13,0,0.0,0.0,0.0,0.0,0.0,0.0,0.0,0.0,0.0,0.0,0.000988525822962938
2025-02-18 04:00:00,1.65055,1.65207,1.644,1.64466,18201,13,0,0.0,0.0,0.0,0.0,0.0,0.0,0.0,0.0,0.0,0.0,-0.0035685074672078265
2025-02-18 08:00:00,1.64466,1.64699,1.64395,1.645,20907,13,0,0.0,0.0,0.0,0.0,0.0,0.0,0.0,0.0,0.0,0.0,0.0002067296584096212
2025-02-18 12:00:00,1.645,1.64785,1.6441599999999998,1.64651,19287,13,0,0.0,0.0,0.0,0.0,0.0,0.0,0.0,0.0,0.0,0.0,0.0009179331306989891
2025-02-18 16:00:00,1.64651,1.64793,1.64497,1.6459899999999998,23450,13,0,0.0,0.0,0.0,0.0,0.0,0.0,0.0,0.0,0.0,0.0,-0.00031581952129056123
2025-02-18 20:00:00,1.6459899999999998,1.64606,1.64373,1.64435,11402,13,0,0.0,0.0,0.0,0.0,0.0,0.0,0.0,0.0,0.0,0.0,-0.00099636085273902
2025-02-19 00:00:00,1.64311,1.64646,1.64311,1.64479,13282,13,0,0.0,0.0,0.0,0.0,0.0,0.0,0.0,0.0,0.0,0.0,0.0002675829355063275
2025-02-19 04:00:00,1.64482,1.64598,1.64166,1.64212,13531,13,0,0.0,0.0,0.0,0.0,0.0,0.0,0.0,0.0,0.0,0.0,-0.0016233075347004133
2025-02-19 08:00:00,1.64212,1.64332,1.64024,1.64043,20564,13,0,0.0,0.0,0.0,0.0,0.0,0.0,0.0,0.0,0.0,0.0,-0.001029157430638472
2025-02-19 12:00:00,1.64043,1.643,1.63995,1.64295,22746,13,0,0.0,0.0,0.0,0.0,0.0,0.0,0.0,0.0,0.0,0.0,0.0015361825862729717
2025-02-19 16:00:00,1.64295,1.64392,1.63979,1.64151,26605,13,0,0.0,0.0,0.0,0.0,0.0,0.0,0.0,0.0,0.0,0.0,-0.000876472199397349
2025-02-19 20:00:00,1.64151,1.6432,1.64145,1.6424,11435,13,0,0.0,0.0,0.0,0.0,0.0,0.0,0.0,0.0,0.0,0.0,0.0005421837210861646
2025-02-20 00:00:00,1.64135,1.64659,1.64057,1.64539,13985,13,0,0.0,0.0,0.0,0.0,0.0,0.0,0.0,0.0,0.0,0.0,0.0018205065757426198
2025-02-20 04:00:00,1.64539,1.64587,1.63817,1.63881,17793,13,0,0.0,0.0,0.0,0.0,0.0,0.0,0.0,0.0,0.0,0.0,-0.00399905189651073
2025-02-20 08:00:00,1.63884,1.6393,1.63572,1.63687,20521,13,0,0.0,0.0,0.0,0.0,0.0,0.0,0.0,0.0,0.0,0.0,-0.001183785795790926
2025-02-20 12:00:00,1.63687,1.63877,1.63631,1.63875,21543,13,0,0.0,0.0,0.0,0.0,0.0,0.0,0.0,0.0,0.0,0.0,0.0011485334815837245
2025-02-20 16:00:00,1.63877,1.63978,1.63584,1.63975,28187,13,0,0.0,0.0,0.0,0.0,0.0,0.0,0.0,0.0,0.0,0.0,0.0006102212051870559
2025-02-20 20:00:00,1.63976,1.64038,1.63898,1.64025,10692,13,0,0.0,0.0,0.0,0.0,0.0,0.0,0.0,0.0,0.0,0.0,0.0003049245311785853
2025-02-21 00:00:00,1.63938,1.64115,1.63901,1.64054,12169,13,0,0.0,0.0,0.0,0.0,0.0,0.0,0.0,0.0,0.0,0.0,0.00017680231672012603
2025-02-21 04:00:00,1.64054,1.6425800000000002,1.63868,1.64225,17073,13,0,0.0,0.0,0.0,0.0,0.0,0.0,0.0,0.0,0.0,0.0,0.001042339717409968
2025-02-21 08:00:00,1.64225,1.64317,1.63891,1.6392600000000002,23177,12,0,0.0,0.0,0.0,0.0,0.0,0.0,0.0,0.0,0.0,0.0,-0.001820672857360206
2025-02-21 12:00:00,1.6392600000000002,1.64102,1.63787,1.64073,16937,13,0,0.0,0.0,0.0,0.0,0.0,0.0,0.0,0.0,0.0,0.0,0.0008967460927491455
2025-02-21 16:00:00,1.64073,1.64219,1.63907,1.64206,27149,13,0,0.0,0.0,0.0,0.0,0.0,0.0,0.0,0.0,0.0,0.0,0.0008106147873203629
2025-02-21 20:00:00,1.64206,1.64688,1.64194,1.64433,17658,13,0,0.0,0.0,0.0,0.0,0.0,0.0,0.0,0.0,0.0,0.0,0.0013824098997601286
2025-02-24 00:00:00,1.64442,1.65133,1.64212,1.65108,22278,13,0,0.0,0.0,0.0,0.0,0.0,0.0,0.0,0.0,0.0,0.0,0.004105015416613567
2025-02-24 04:00:00,1.65108,1.65195,1.64632,1.64908,22082,13,0,0.0,0.0,0.0,0.0,0.0,0.0,0.0,0.0,0.0,0.0,-0.001211328342660578
2025-02-24 08:00:00,1.64908,1.64935,1.6438199999999998,1.6450399999999998,26953,13,0,0.0,0.0,0.0,0.0,0.0,0.0,0.0,0.0,0.0,0.0,-0.0024498508259152008
2025-02-24 12:00:00,1.64501,1.64651,1.64318,1.64349,20063,13,0,0.0,0.0,0.0,0.0,0.0,0.0,0.0,0.0,0.0,0.0,-0.0009422263288429988
2025-02-24 16:00:00,1.6435,1.64931,1.6429,1.64695,30777,13,0,0.0,0.0,0.0,0.0,0.0,0.0,0.0,0.0,0.0,0.0,0.0021052759676054578
2025-02-24 20:00:00,1.64695,1.64926,1.64662,1.64856,16334,13,0,0.0,0.0,0.0,0.0,0.0,0.0,0.0,0.0,0.0,0.0,0.0009775645890890416
2025-02-25 00:00:00,1.6476,1.65073,1.64698,1.64951,12839,13,0,0.0,0.0,0.0,0.0,0.0,0.0,0.0,0.0,0.0,0.0,0.0005762604940069416
2025-02-25 04:00:00,1.64951,1.65029,1.64787,1.64859,15579,13,0,0.0,0.0,0.0,0.0,0.0,0.0,0.0,0.0,0.0,0.0,-0.0005577413898673056
2025-02-25 08:00:00,1.64859,1.65393,1.64822,1.65381,26449,13,0,0.0,0.0,0.0,0.0,0.0,0.0,0.0,0.0,0.0,0.0,0.0031663421469254605
2025-02-25 12:00:00,1.65381,1.6554799999999998,1.65276,1.65467,23556,13,0,0.0,0.0,0.0,0.0,0.0,0.0,0.0,0.0,0.0,0.0,0.0005200113676904206
2025-02-25 16:00:00,1.65468,1.66198,1.6539700000000002,1.6578,36342,13,0,0.0,0.0,0.0,0.0,0.0,0.0,0.0,0.0,0.0,0.0,0.0018916158508945902
2025-02-25 20:00:00,1.6578,1.65801,1.65658,1.6573,18125,13,0,0.0,0.0,0.0,0.0,0.0,0.0,0.0,0.0,0.0,0.0,-0.00030160453613214955
2025-02-26 00:00:00,1.65602,1.66124,1.65549,1.65906,14268,13,0,0.0,0.0,0.0,0.0,0.0,0.0,0.0,0.0,0.0,0.0,0.0010619682616304083
2025-02-26 04:00:00,1.65906,1.6612900000000002,1.6583,1.65899,16716,13,0,0.0,0.0,0.0,0.0,0.0,0.0,0.0,0.0,0.0,0.0,-4.219256687520989e-05
2025-02-26 08:00:00,1.65899,1.66002,1.65636,1.6598000000000002,22423,13,0,0.0,0.0,0.0,0.0,0.0,0.0,0.0,0.0,0.0,0.0,0.00048824887431520025
2025-02-26 12:00:00,1.6598000000000002,1.66271,1.65916,1.66266,21792,13,0,0.0,0.0,0.0,0.0,0.0,0.0,0.0,0.0,0.0,0.0,0.0017230991685743824
2025-02-26 16:00:00,1.66266,1.66504,1.65942,1.6612,37848,13,0,0.0,0.0,0.0,0.0,0.0,0.0,0.0,0.0,0.0,0.0,-0.0008781109787929786
2025-02-26 20:00:00,1.6612,1.66457,1.66069,1.66278,20230,13,0,0.0,0.0,0.0,0.0,0.0,0.0,0.0,0.0,0.0,0.0,0.0009511196725258131
2025-02-27 00:00:00,1.66108,1.66319,1.6597,1.66135,14040,13,0,0.0,0.0,0.0,0.0,0.0,0.0,0.0,0.0,0.0,0.0,-0.0008600055329026635
2025-02-27 04:00:00,1.66135,1.66442,1.65993,1.6632,18451,13,0,0.0,0.0,0.0,0.0,0.0,0.0,0.0,0.0,0.0,0.0,0.0011135522316187974
2025-02-27 08:00:00,1.6632,1.66391,1.66194,1.66344,23348,13,0,0.0,0.0,0.0,0.0,0.0,0.0,0.0,0.0,0.0,0.0,0.00014430014430022453
2025-02-27 12:00:00,1.66344,1.66611,1.66269,1.66311,29267,12,0,0.0,0.0,0.0,0.0,0.0,0.0,0.0,0.0,0.0,0.0,-0.00019838407156247406
2025-02-27 16:00:00,1.66313,1.6672,1.66269,1.6659199999999998,40819,13,0,0.0,0.0,0.0,0.0,0.0,0.0,0.0,0.0,0.0,0.0,0.0016896056183894892
2025-02-27 20:00:00,1.6659199999999998,1.6686800000000002,1.66504,1.66719,18026,13,0,0.0,0.0,0.0,0.0,0.0,0.0,0.0,0.0,0.0,0.0,0.0007623415290050062
2025-02-28 00:00:00,1.66594,1.66968,1.66594,1.66911,15646,13,0,0.0,0.0,0.0,0.0,0.0,0.0,0.0,0.0,0.0,0.0,0.0011516383855469936
2025-02-28 04:00:00,1.66911,1.67264,1.66886,1.67186,19289,13,0,0.0,0.0,0.0,0.0,0.0,0.0,0.0,0.0,0.0,0.0,0.0016475846409162997
2025-02-28 08:00:00,1.67186,1.674,1.67074,1.67267,24882,13,0,0.0,0.0,0.0,0.0,0.0,0.0,0.0,0.0,0.0,0.0,0.00048449032813757675
2025-02-28 12:00:00,1.67267,1.67527,1.6717,1.67489,22962,13,0,0.0,0.0,0.0,0.0,0.0,0.0,0.0,0.0,0.0,0.0,0.0013272193558799827
2025-02-28 16:00:00,1.67489,1.67733,1.67194,1.67516,37210,13,0,0.0,0.0,0.0,0.0,0.0,0.0,0.0,0.0,0.0,0.0,0.00016120461642255002
2025-02-28 20:00:00,1.67516,1.67577,1.66996,1.67045,27214,13,0,0.0,0.0,0.0,0.0,0.0,0.0,0.0,0.0,0.0,0.0,-0.002811671720910236
2025-03-03 00:00:00,1.67309,1.67551,1.6711399999999998,1.6732200000000002,18885,13,0,0.0,0.0,0.0,0.0,0.0,0.0,0.0,0.0,0.0,0.0,0.0016582358047234624
2025-03-03 04:00:00,1.6732200000000002,1.67646,1.67255,1.67498,17876,13,0,0.0,0.0,0.0,0.0,0.0,0.0,0.0,0.0,0.0,0.0,0.0010518640704746396
2025-03-03 08:00:00,1.67498,1.67674,1.67166,1.67524,24282,13,0,0.0,0.0,0.0,0.0,0.0,0.0,0.0,0.0,0.0,0.0,0.00015522573403869977
2025-03-03 12:00:00,1.67528,1.68197,1.67524,1.6800000000000002,28645,13,0,0.0,0.0,0.0,0.0,0.0,0.0,0.0,0.0,0.0,0.0,0.0028413839211098857
2025-03-03 16:00:00,1.68001,1.6815,1.67781,1.67896,34215,13,0,0.0,0.0,0.0,0.0,0.0,0.0,0.0,0.0,0.0,0.0,-0.0006190476190477412
2025-03-03 20:00:00,1.67898,1.68803,1.67891,1.6845599999999998,32329,13,0,0.0,0.0,0.0,0.0,0.0,0.0,0.0,0.0,0.0,0.0,0.003335398103587739
2025-03-04 00:00:00,1.68341,1.6894900000000002,1.68316,1.68878,21436,13,0,0.0,0.0,0.0,0.0,0.0,0.0,0.0,0.0,0.0,0.0,0.0025051051906730404
2025-03-04 04:00:00,1.68878,1.69289,1.68799,1.69031,27106,13,0,0.0,0.0,0.0,0.0,0.0,0.0,0.0,0.0,0.0,0.0,0.0009059794644654673
2025-03-04 08:00:00,1.69031,1.69547,1.68822,1.68942,34074,12,0,0.0,0.0,0.0,0.0,0.0,0.0,0.0,0.0,0.0,0.0,-0.0005265306363921862
2025-03-04 12:00:00,1.68942,1.694,1.68855,1.69284,35106,13,0,0.0,0.0,0.0,0.0,0.0,0.0,0.0,0.0,0.0,0.0,0.002024363390986217
2025-03-04 16:00:00,1.69285,1.6979,1.69102,1.696,50842,13,0,0.0,0.0,0.0,0.0,0.0,0.0,0.0,0.0,0.0,0.0,0.0018666855698117324
2025-03-04 20:00:00,1.69601,1.70017,1.6935,1.69435,39876,12,0,0.0,0.0,0.0,0.0,0.0,0.0,0.0,0.0,0.0,0.0,-0.0009728773584904982
2025-03-05 00:00:00,1.69377,1.69782,1.69267,1.69782,23853,13,0,0.0,0.0,0.0,0.0,0.0,0.0,0.0,0.0,0.0,0.0,0.0020479830023312218
2025-03-05 04:00:00,1.69779,1.7008299999999998,1.69701,1.69979,28727,13,0,0.0,0.0,0.0,0.0,0.0,0.0,0.0,0.0,0.0,0.0,0.001160311458222818
2025-03-05 08:00:00,1.69979,1.70511,1.69575,1.70445,39739,13,0,0.0,0.0,0.0,0.0,0.0,0.0,0.0,0.0,0.0,0.0,0.0027415151283394223
2025-03-05 12:00:00,1.70445,1.70561,1.70005,1.70234,36840,13,0,0.0,0.0,0.0,0.0,0.0,0.0,0.0,0.0,0.0,0.0,-0.0012379359910822396
2025-03-05 16:00:00,1.70231,1.70939,1.70213,1.70546,57615,13,0,0.0,0.0,0.0,0.0,0.0,0.0,0.0,0.0,0.0,0.0,0.0018327713617727337
2025-03-05 20:00:00,1.70546,1.70564,1.70154,1.70293,29001,12,0,0.0,0.0,0.0,0.0,0.0,0.0,0.0,0.0,0.0,0.0,-0.0014834707351681908
2025-03-06 00:00:00,1.70233,1.70575,1.70186,1.70268,16665,13,0,0.0,0.0,0.0,0.0,0.0,0.0,0.0,0.0,0.0,0.0,-0.00014680579941639404
2025-03-06 04:00:00,1.70268,1.70572,1.70138,1.70562,22249,13,0,0.0,0.0,0.0,0.0,0.0,0.0,0.0,0.0,0.0,0.0,0.0017266896891958705
2025-03-06 08:00:00,1.70562,1.70658,1.70284,1.7053,40694,13,0,0.0,0.0,0.0,0.0,0.0,0.0,0.0,0.0,0.0,0.0,-0.00018761506079889578
2025-03-06 12:00:00,1.7053,1.71058,1.70179,1.70954,36173,13,0,0.0,0.0,0.0,0.0,0.0,0.0,0.0,0.0,0.0,0.0,0.0024863660353016126
2025-03-06 16:00:00,1.70954,1.71083,1.70231,1.70311,57902,13,0,0.0,0.0,0.0,0.0,0.0,0.0,0.0,0.0,0.0,0.0,-0.0037612457152217393
2025-03-06 20:00:00,1.70311,1.70523,1.69917,1.70258,28625,12,0,0.0,0.0,0.0,0.0,0.0,0.0,0.0,0.0,0.0,0.0,-0.0003111954013539364
2025-03-07 00:00:00,1.70185,1.70833,1.70138,1.70728,16344,13,0,0.0,0.0,0.0,0.0,0.0,0.0,0.0,0.0,0.0,0.0,0.0027605163927686416
2025-03-07 04:00:00,1.70728,1.71631,1.70723,1.71596,20445,13,0,0.0,0.0,0.0,0.0,0.0,0.0,0.0,0.0,0.0,0.0,0.005084110397825858
2025-03-07 08:00:00,1.71596,1.72098,1.71519,1.72024,32909,13,0,0.0,0.0,0.0,0.0,0.0,0.0,0.0,0.0,0.0,0.0,0.0024942306347468524
2025-03-07 12:00:00,1.72024,1.72644,1.71984,1.72532,39304,13,0,0.0,0.0,0.0,0.0,0.0,0.0,0.0,0.0,0.0,0.0,0.002953076314932801
2025-03-07 16:00:00,1.72533,1.72694,1.71813,1.72305,54898,13,0,0.0,0.0,0.0,0.0,0.0,0.0,0.0,0.0,0.0,0.0,-0.0013156979574803218
2025-03-07 20:00:00,1.72305,1.72314,1.71673,1.71693,26100,13,0,0.0,0.0,0.0,0.0,0.0,0.0,0.0,0.0,0.0,0.0,-0.0035518412118046294
2025-03-10 00:00:00,1.71527,1.72435,1.71475,1.7213699999999998,16224,13,0,0.0,0.0,0.0,0.0,0.0,0.0,0.0,0.0,0.0,0.0,0.0025860110779121204
2025-03-10 04:00:00,1.7213699999999998,1.72159,1.71685,1.7173,19552,13,0,0.0,0.0,0.0,0.0,0.0,0.0,0.0,0.0,0.0,0.0,-0.0023643958010188815
2025-03-10 08:00:00,1.7173,1.71742,1.71034,1.7124,27558,13,0,0.0,0.0,0.0,0.0,0.0,0.0,0.0,0.0,0.0,0.0,-0.002853316252256488
2025-03-10 12:00:00,1.7124,1.71875,1.71185,1.71431,33009,13,0,0.0,0.0,0.0,0.0,0.0,0.0,0.0,0.0,0.0,0.0,0.001115393599626202
2025-03-10 16:00:00,1.71431,1.71953,1.71356,1.7191,35739,13,0,0.0,0.0,0.0,0.0,0.0,0.0,0.0,0.0,0.0,0.0,0.0027941270831997045
2025-03-10 20:00:00,1.7191,1.7275,1.71877,1.72563,24648,12,0,0.0,0.0,0.0,0.0,0.0,0.0,0.0,0.0,0.0,0.0,0.00379849921470532
2025-03-11 00:00:00,1.72529,1.72924,1.72421,1.7286899999999998,12359,13,0,0.0,0.0,0.0,0.0,0.0,0.0,0.0,0.0,0.0,0.0,0.0017732654161088934
2025-03-11 04:00:00,1.7286899999999998,1.73287,1.72656,1.7290100000000002,24578,13,0,0.0,0.0,0.0,0.0,0.0,0.0,0.0,0.0,0.0,0.0,0.00018511126922726717
2025-03-11 08:00:00,1.7290100000000002,1.73558,1.72877,1.73535,31827,13,0,0.0,0.0,0.0,0.0,0.0,0.0,0.0,0.0,0.0,0.0,0.0036668382484772444
2025-03-11 12:00:00,1.73535,1.73555,1.7318099999999998,1.73541,28395,13,0,0.0,0.0,0.0,0.0,0.0,0.0,0.0,0.0,0.0,0.0,3.4575157749072716e-05
2025-03-11 16:00:00,1.73541,1.74184,1.73286,1.73859,45753,13,0,0.0,0.0,0.0,0.0,0.0,0.0,0.0,0.0,0.0,0.0,0.0018324200044947947
2025-03-11 20:00:00,1.73856,1.74088,1.73217,1.7335,29625,12,0,0.0,0.0,0.0,0.0,0.0,0.0,0.0,0.0,0.0,0.0,-0.0029276597702736495
2025-03-12 00:00:00,1.73337,1.7348599999999998,1.73202,1.73323,10085,13,0,0.0,0.0,0.0,0.0,0.0,0.0,0.0,0.0,0.0,0.0,-0.00015575425439862123
2025-03-12 04:00:00,1.73323,1.73441,1.73238,1.73297,19930,13,0,0.0,0.0,0.0,0.0,0.0,0.0,0.0,0.0,0.0,0.0,-0.00015000894284089572
2025-03-12 08:00:00,1.73297,1.73507,1.732,1.73388,27289,13,0,0.0,0.0,0.0,0.0,0.0,0.0,0.0,0.0,0.0,0.0,0.000525110071149637
2025-03-12 12:00:00,1.73388,1.73654,1.72701,1.73073,32799,13,0,0.0,0.0,0.0,0.0,0.0,0.0,0.0,0.0,0.0,0.0,-0.0018167347221260677
2025-03-12 16:00:00,1.73073,1.73445,1.7281300000000002,1.72865,40807,13,0,0.0,0.0,0.0,0.0,0.0,0.0,0.0,0.0,0.0,0.0,-0.001201805018691604
2025-03-12 20:00:00,1.72865,1.72893,1.72192,1.7225,19422,12,0,0.0,0.0,0.0,0.0,0.0,0.0,0.0,0.0,0.0,0.0,-0.0035576895265091446
2025-03-13 00:00:00,1.72228,1.72303,1.71871,1.7213,6322,14,0,0.0,0.0,0.0,0.0,0.0,0.0,0.0,0.0,0.0,0.0,-0.0006966618287371773
2025-03-13 04:00:00,1.7211,1.72622,1.72078,1.7262,16136,13,0,0.0,0.0,0.0,0.0,0.0,0.0,0.0,0.0,0.0,0.0,0.002846685644570801
2025-03-13 08:00:00,1.7262,1.72896,1.7250299999999998,1.72829,26610,13,0,0.0,0.0,0.0,0.0,0.0,0.0,0.0,0.0,0.0,0.0,0.001210751940678989
2025-03-13 12:00:00,1.72829,1.73039,1.72437,1.72631,32275,13,0,0.0,0.0,0.0,0.0,0.0,0.0,0.0,0.0,0.0,0.0,-0.0011456410671820683
2025-03-13 16:00:00,1.72631,1.72904,1.72467,1.72851,38901,13,0,0.0,0.0,0.0,0.0,0.0,0.0,0.0,0.0,0.0,0.0,0.0012743945177864369
2025-03-13 20:00:00,1.72851,1.73064,1.72583,1.72704,19637,12,0,0.0,0.0,0.0,0.0,0.0,0.0,0.0,0.0,0.0,0.0,-0.0008504434455108845
2025-03-14 00:00:00,1.72563,1.72819,1.72459,1.72618,9247,13,0,0.0,0.0,0.0,0.0,0.0,0.0,0.0,0.0,0.0,0.0,-0.0004979618306465428
2025-03-14 04:00:00,1.72618,1.72626,1.72214,1.72241,18460,13,0,0.0,0.0,0.0,0.0,0.0,0.0,0.0,0.0,0.0,0.0,-0.0021840132547011892
2025-03-14 08:00:00,1.72241,1.72404,1.71815,1.72,23061,13,0,0.0,0.0,0.0,0.0,0.0,0.0,0.0,0.0,0.0,0.0,-0.001399202280525591
2025-03-14 12:00:00,1.71998,1.72968,1.71995,1.72351,35482,13,0,0.0,0.0,0.0,0.0,0.0,0.0,0.0,0.0,0.0,0.0,0.0020406976744187233
2025-03-14 16:00:00,1.72351,1.72483,1.7191800000000002,1.72083,34118,13,0,0.0,0.0,0.0,0.0,0.0,0.0,0.0,0.0,0.0,0.0,-0.0015549663187333085
2025-03-14 20:00:00,1.72083,1.72166,1.71793,1.71821,15055,12,0,0.0,0.0,0.0,0.0,0.0,0.0,0.0,0.0,0.0,0.0,-0.0015225211089997526
2025-03-17 00:00:00,1.71995,1.72069,1.7178,1.7188,8493,13,0,0.0,0.0,0.0,0.0,0.0,0.0,0.0,0.0,0.0,0.0,0.0003433806112176363
2025-03-17 04:00:00,1.7188,1.7208,1.71729,1.72017,14121,13,0,0.0,0.0,0.0,0.0,0.0,0.0,0.0,0.0,0.0,0.0,0.0007970677216662114
2025-03-17 08:00:00,1.72017,1.72065,1.71529,1.71645,19028,13,0,0.0,0.0,0.0,0.0,0.0,0.0,0.0,0.0,0.0,0.0,-0.0021625769546033125
2025-03-17 12:00:00,1.71645,1.71836,1.71484,1.71758,24220,13,0,0.0,0.0,0.0,0.0,0.0,0.0,0.0,0.0,0.0,0.0,0.0006583355180751482
2025-03-17 16:00:00,1.71758,1.71761,1.7115399999999998,1.71179,27740,13,0,0.0,0.0,0.0,0.0,0.0,0.0,0.0,0.0,0.0,0.0,-0.0033710220193529095
2025-03-17 20:00:00,1.71179,1.71199,1.7085,1.71056,15634,12,0,0.0,0.0,0.0,0.0,0.0,0.0,0.0,0.0,0.0,0.0,-0.0007185460833395441
2025-03-18 00:00:00,1.71016,1.71118,1.70986,1.71055,6696,13,0,0.0,0.0,0.0,0.0,0.0,0.0,0.0,0.0,0.0,0.0,-5.846038724222069e-06
2025-03-18 04:00:00,1.71055,1.71318,1.70852,1.71162,12304,13,0,0.0,0.0,0.0,0.0,0.0,0.0,0.0,0.0,0.0,0.0,0.0006255298003565724
2025-03-18 08:00:00,1.71162,1.71484,1.71082,1.71442,16991,13,0,0.0,0.0,0.0,0.0,0.0,0.0,0.0,0.0,0.0,0.0,0.0016358771222584334
2025-03-18 12:00:00,1.71443,1.71687,1.71195,1.71424,22467,13,0,0.0,0.0,0.0,0.0,0.0,0.0,0.0,0.0,0.0,0.0,-0.00010499177564426976
2025-03-18 16:00:00,1.71424,1.72065,1.71385,1.72026,28745,13,0,0.0,0.0,0.0,0.0,0.0,0.0,0.0,0.0,0.0,0.0,0.0035117603136083364
2025-03-18 20:00:00,1.72026,1.72203,1.71974,1.72039,15898,12,0,0.0,0.0,0.0,0.0,0.0,0.0,0.0,0.0,0.0,0.0,7.556997198099324e-05
2025-03-19 00:00:00,1.72028,1.7207599999999998,1.7178,1.71872,7199,13,0,0.0,0.0,0.0,0.0,0.0,0.0,0.0,0.0,0.0,0.0,-0.0009707101296799747
2025-03-19 04:00:00,1.71872,1.72024,1.71862,1.71948,10718,13,0,0.0,0.0,0.0,0.0,0.0,0.0,0.0,0.0,0.0,0.0,0.00044218953639907355
2025-03-19 08:00:00,1.71948,1.7238099999999998,1.71628,1.72372,21856,13,0,0.0,0.0,0.0,0.0,0.0,0.0,0.0,0.0,0.0,0.0,0.002465861772163791
2025-03-19 12:00:00,1.72372,1.72401,1.7204700000000002,1.72114,20497,13,0,0.0,0.0,0.0,0.0,0.0,0.0,0.0,0.0,0.0,0.0,-0.0014967628153064183
2025-03-19 16:00:00,1.72114,1.72317,1.7175,1.71898,22069,13,0,0.0,0.0,0.0,0.0,0.0,0.0,0.0,0.0,0.0,0.0,-0.001254982162984919
2025-03-19 20:00:00,1.71898,1.7195,1.71456,1.71476,32670,12,0,0.0,0.0,0.0,0.0,0.0,0.0,0.0,0.0,0.0,0.0,-0.002454944211101817
2025-03-20 00:00:00,1.71475,1.72283,1.7142,1.72019,10231,13,0,0.0,0.0,0.0,0.0,0.0,0.0,0.0,0.0,0.0,0.0,0.0031666239007208663
2025-03-20 04:00:00,1.72019,1.72316,1.71759,1.71871,17795,13,0,0.0,0.0,0.0,0.0,0.0,0.0,0.0,0.0,0.0,0.0,-0.000860370075398742
2025-03-20 08:00:00,1.71871,1.72398,1.71781,1.72155,20447,13,0,0.0,0.0,0.0,0.0,0.0,0.0,0.0,0.0,0.0,0.0,0.0016524020922668026
2025-03-20 12:00:00,1.72153,1.7268,1.72023,1.72341,27547,13,0,0.0,0.0,0.0,0.0,0.0,0.0,0.0,0.0,0.0,0.0,0.0010804217129913862
2025-03-20 16:00:00,1.72341,1.72547,1.72068,1.72376,27738,13,0,0.0,0.0,0.0,0.0,0.0,0.0,0.0,0.0,0.0,0.0,0.00020308574280059055
2025-03-20 20:00:00,1.72378,1.72393,1.72073,1.72184,11486,12,0,0.0,0.0,0.0,0.0,0.0,0.0,0.0,0.0,0.0,0.0,-0.0011138441546386657
2025-03-21 00:00:00,1.7207599999999998,1.72345,1.7207599999999998,1.72197,7261,13,0,0.0,0.0,0.0,0.0,0.0,0.0,0.0,0.0,0.0,0.0,7.550062723593598e-05
2025-03-21 04:00:00,1.72197,1.7237900000000002,1.7211,1.72204,12863,13,0,0.0,0.0,0.0,0.0,0.0,0.0,0.0,0.0,0.0,0.0,4.0651114711742764e-05
2025-03-21 08:00:00,1.72204,1.72288,1.71965,1.7219799999999998,18077,13,0,0.0,0.0,0.0,0.0,0.0,0.0,0.0,0.0,0.0,0.0,-3.4842396227863226e-05
2025-03-21 12:00:00,1.7219799999999998,1.72485,1.72138,1.72343,20266,13,0,0.0,0.0,0.0,0.0,0.0,0.0,0.0,0.0,0.0,0.0,0.0008420539146796191
2025-03-21 16:00:00,1.72343,1.72722,1.72315,1.72399,30025,13,0,0.0,0.0,0.0,0.0,0.0,0.0,0.0,0.0,0.0,0.0,0.00032493341766115513
2025-03-21 20:00:00,1.724,1.72523,1.72293,1.72329,13447,12,0,0.0,0.0,0.0,0.0,0.0,0.0,0.0,0.0,0.0,0.0,-0.0004060348377890044
2025-03-24 00:00:00,1.7236,1.72595,1.72119,1.72213,10876,13,0,0.0,0.0,0.0,0.0,0.0,0.0,0.0,0.0,0.0,0.0,-0.0006731310458484296
2025-03-24 04:00:00,1.72213,1.72482,1.72145,1.72368,15862,13,0,0.0,0.0,0.0,0.0,0.0,0.0,0.0,0.0,0.0,0.0,0.0009000481961292106
2025-03-24 08:00:00,1.72368,1.72464,1.72155,1.72236,21073,13,0,0.0,0.0,0.0,0.0,0.0,0.0,0.0,0.0,0.0,0.0,-0.0007658033973824141
2025-03-24 12:00:00,1.7224,1.72338,1.72048,1.72299,20004,13,0,0.0,0.0,0.0,0.0,0.0,0.0,0.0,0.0,0.0,0.0,0.00036577718943786586
2025-03-24 16:00:00,1.72299,1.72345,1.71648,1.72061,28541,13,0,0.0,0.0,0.0,0.0,0.0,0.0,0.0,0.0,0.0,0.0,-0.001381319682644766
2025-03-24 20:00:00,1.72061,1.72153,1.71788,1.71812,13957,12,0,0.0,0.0,0.0,0.0,0.0,0.0,0.0,0.0,0.0,0.0,-0.0014471611812089114
2025-03-25 00:00:00,1.71701,1.71927,1.71701,1.71854,6419,13,0,0.0,0.0,0.0,0.0,0.0,0.0,0.0,0.0,0.0,0.0,0.0002444532395873278
2025-03-25 04:00:00,1.71854,1.7189100000000002,1.71643,1.71837,13263,13,0,0.0,0.0,0.0,0.0,0.0,0.0,0.0,0.0,0.0,0.0,-9.892117727838823e-05
2025-03-25 08:00:00,1.71835,1.71853,1.71566,1.71704,17265,13,0,0.0,0.0,0.0,0.0,0.0,0.0,0.0,0.0,0.0,0.0,-0.000773989303817002
2025-03-25 12:00:00,1.71706,1.71743,1.71153,1.71284,23446,13,0,0.0,0.0,0.0,0.0,0.0,0.0,0.0,0.0,0.0,0.0,-0.0024460699808973585
2025-03-25 16:00:00,1.71284,1.7149100000000002,1.71113,1.71387,28010,13,0,0.0,0.0,0.0,0.0,0.0,0.0,0.0,0.0,0.0,0.0,0.0006013404637912334
2025-03-25 20:00:00,1.71387,1.71496,1.71131,1.7118799999999998,12333,12,0,0.0,0.0,0.0,0.0,0.0,0.0,0.0,0.0,0.0,0.0,-0.0011611149036975243
2025-03-26 00:00:00,1.71034,1.71468,1.70997,1.7146,7377,13,0,0.0,0.0,0.0,0.0,0.0,0.0,0.0,0.0,0.0,0.0,0.001588896417973329
2025-03-26 04:00:00,1.7146,1.71664,1.70854,1.70879,14498,13,0,0.0,0.0,0.0,0.0,0.0,0.0,0.0,0.0,0.0,0.0,-0.003388545433337109
2025-03-26 08:00:00,1.70879,1.70955,1.70596,1.70804,20611,13,0,0.0,0.0,0.0,0.0,0.0,0.0,0.0,0.0,0.0,0.0,-0.0004389070628925129
2025-03-26 12:00:00,1.70804,1.70869,1.70491,1.70764,21591,13,0,0.0,0.0,0.0,0.0,0.0,0.0,0.0,0.0,0.0,0.0,-0.00023418655300810887
2025-03-26 16:00:00,1.70764,1.71172,1.70634,1.71126,27899,13,0,0.0,0.0,0.0,0.0,0.0,0.0,0.0,0.0,0.0,0.0,0.002119884753226664
2025-03-26 20:00:00,1.71126,1.7115399999999998,1.70706,1.7072699999999998,18628,12,0,0.0,0.0,0.0,0.0,0.0,0.0,0.0,0.0,0.0,0.0,-0.00233161530100634
2025-03-27 00:00:00,1.70703,1.7097,1.70549,1.70934,11457,13,0,0.0,0.0,0.0,0.0,0.0,0.0,0.0,0.0,0.0,0.0,0.0012124620007381015
2025-03-27 04:00:00,1.70934,1.7108,1.70709,1.70758,14455,13,0,0.0,0.0,0.0,0.0,0.0,0.0,0.0,0.0,0.0,0.0,-0.001029637169901787
2025-03-27 08:00:00,1.70758,1.70891,1.70526,1.70667,24801,13,0,0.0,0.0,0.0,0.0,0.0,0.0,0.0,0.0,0.0,0.0,-0.0005329179306388099
2025-03-27 12:00:00,1.70667,1.7106400000000002,1.70557,1.70952,23565,13,0,0.0,0.0,0.0,0.0,0.0,0.0,0.0,0.0,0.0,0.0,0.0016699186134401245
2025-03-27 16:00:00,1.70949,1.7140300000000002,1.7094,1.71323,32080,13,0,0.0,0.0,0.0,0.0,0.0,0.0,0.0,0.0,0.0,0.0,0.0021701998221723695
2025-03-27 20:00:00,1.71322,1.71347,1.71196,1.71311,12366,12,0,0.0,0.0,0.0,0.0,0.0,0.0,0.0,0.0,0.0,0.0,-7.004313489733516e-05
2025-03-28 00:00:00,1.71181,1.71568,1.71107,1.71461,6680,13,0,0.0,0.0,0.0,0.0,0.0,0.0,0.0,0.0,0.0,0.0,0.000875600516020647
2025-03-28 04:00:00,1.71461,1.71824,1.71439,1.71712,14041,13,0,0.0,0.0,0.0,0.0,0.0,0.0,0.0,0.0,0.0,0.0,0.001463889747522762
2025-03-28 08:00:00,1.71714,1.71717,1.7112,1.71158,18222,13,0,0.0,0.0,0.0,0.0,0.0,0.0,0.0,0.0,0.0,0.0,-0.0032263324636599977
2025-03-28 12:00:00,1.71158,1.71221,1.71042,1.7117,19656,12,0,0.0,0.0,0.0,0.0,0.0,0.0,0.0,0.0,0.0,0.0,7.011065798856464e-05
2025-03-28 16:00:00,1.7117,1.72104,1.71106,1.71998,35646,13,0,0.0,0.0,0.0,0.0,0.0,0.0,0.0,0.0,0.0,0.0,0.004837296255185031
2025-03-28 20:00:00,1.71998,1.7231,1.71983,1.72154,14896,12,0,0.0,0.0,0.0,0.0,0.0,0.0,0.0,0.0,0.0,0.0,0.0009069872905498322
2025-03-31 00:00:00,1.71959,1.72534,1.71943,1.72444,15647,13,0,0.0,0.0,0.0,0.0,0.0,0.0,0.0,0.0,0.0,0.0,0.0016845382622534544
2025-03-31 04:00:00,1.72444,1.72631,1.7210299999999998,1.7254,19396,13,0,0.0,0.0,0.0,0.0,0.0,0.0,0.0,0.0,0.0,0.0,0.0005567024657280317
2025-03-31 08:00:00,1.7254,1.7302499999999998,1.72279,1.73024,29552,13,0,0.0,0.0,0.0,0.0,0.0,0.0,0.0,0.0,0.0,0.0,0.0028051466326648455
2025-03-31 12:00:00,1.73024,1.73263,1.72942,1.73239,22209,13,0,0.0,0.0,0.0,0.0,0.0,0.0,0.0,0.0,0.0,0.0,0.0012426021823561673
2025-03-31 16:00:00,1.73239,1.73653,1.72953,1.73226,32842,13,0,0.0,0.0,0.0,0.0,0.0,0.0,0.0,0.0,0.0,0.0,-7.504083953391305e-05
2025-03-31 20:00:00,1.73226,1.73294,1.72947,1.7311299999999998,13446,12,0,0.0,0.0,0.0,0.0,0.0,0.0,0.0,0.0,0.0,0.0,-0.0006523270178842022
2025-04-01 00:00:00,1.73156,1.73519,1.73087,1.73429,9007,13,0,0.0,0.0,0.0,0.0,0.0,0.0,0.0,0.0,0.0,0.0,0.0018253972838551125
2025-04-01 04:00:00,1.73429,1.73651,1.72674,1.72678,18358,13,0,0.0,0.0,0.0,0.0,0.0,0.0,0.0,0.0,0.0,0.0,-0.004330302313915291
2025-04-01 08:00:00,1.72678,1.73053,1.72599,1.72885,23839,13,0,0.0,0.0,0.0,0.0,0.0,0.0,0.0,0.0,0.0,0.0,0.0011987630155549933
2025-04-01 12:00:00,1.72885,1.73005,1.72414,1.72505,25891,13,0,0.0,0.0,0.0,0.0,0.0,0.0,0.0,0.0,0.0,0.0,-0.002197992885444089
2025-04-01 16:00:00,1.72505,1.72757,1.71924,1.72185,33461,13,0,0.0,0.0,0.0,0.0,0.0,0.0,0.0,0.0,0.0,0.0,-0.0018550186951101777
2025-04-01 20:00:00,1.72185,1.72284,1.71847,1.71905,14941,12,0,0.0,0.0,0.0,0.0,0.0,0.0,0.0,0.0,0.0,0.0,-0.0016261579115487423
2025-04-02 00:00:00,1.71799,1.7199,1.71617,1.71904,10681,13,0,0.0,0.0,0.0,0.0,0.0,0.0,0.0,0.0,0.0,0.0,-5.817166458310652e-06
2025-04-02 04:00:00,1.71904,1.71977,1.71315,1.7133,13043,13,0,0.0,0.0,0.0,0.0,0.0,0.0,0.0,0.0,0.0,0.0,-0.003339072970960477
2025-04-02 08:00:00,1.7133,1.71485,1.71144,1.7119,18407,13,0,0.0,0.0,0.0,0.0,0.0,0.0,0.0,0.0,0.0,0.0,-0.0008171365201657954
2025-04-02 12:00:00,1.7119,1.716,1.71108,1.71558,20937,13,0,0.0,0.0,0.0,0.0,0.0,0.0,0.0,0.0,0.0,0.0,0.0021496582744320314
2025-04-02 16:00:00,1.71558,1.72511,1.7153,1.72329,31379,13,0,0.0,0.0,0.0,0.0,0.0,0.0,0.0,0.0,0.0,0.0,0.004494106949253229
2025-04-02 20:00:00,1.72329,1.7294,1.71799,1.72432,33484,12,0,0.0,0.0,0.0,0.0,0.0,0.0,0.0,0.0,0.0,0.0,0.0005976939458827157
2025-04-03 00:00:00,1.72263,1.74136,1.7204199999999998,1.7372999999999998,42499,13,0,0.0,0.0,0.0,0.0,0.0,0.0,0.0,0.0,0.0,0.0,0.007527605084902911
2025-04-03 04:00:00,1.7372999999999998,1.74089,1.73634,1.74074,33531,14,0,0.0,0.0,0.0,0.0,0.0,0.0,0.0,0.0,0.0,0.0,0.0019800840384505136
2025-04-03 08:00:00,1.74071,1.74292,1.7367,1.73748,46643,13,0,0.0,0.0,0.0,0.0,0.0,0.0,0.0,0.0,0.0,0.0,-0.0018727667543688709
2025-04-03 12:00:00,1.73748,1.75304,1.73707,1.7419099999999998,55079,12,0,0.0,0.0,0.0,0.0,0.0,0.0,0.0,0.0,0.0,0.0,0.0025496696364850635
2025-04-03 16:00:00,1.7419,1.7457,1.73682,1.73844,63233,12,0,0.0,0.0,0.0,0.0,0.0,0.0,0.0,0.0,0.0,0.0,-0.001992066180227403
2025-04-03 20:00:00,1.73842,1.74702,1.7372999999999998,1.74609,26700,12,0,0.0,0.0,0.0,0.0,0.0,0.0,0.0,0.0,0.0,0.0,0.004400496997307934
2025-04-04 00:00:00,1.74489,1.74978,1.74434,1.74872,19819,12,0,0.0,0.0,0.0,0.0,0.0,0.0,0.0,0.0,0.0,0.0,0.0015062224742139474
2025-04-04 04:00:00,1.74872,1.77948,1.74857,1.77868,34666,12,0,0.0,0.0,0.0,0.0,0.0,0.0,0.0,0.0,0.0,0.0,0.0171325312228372
2025-04-04 08:00:00,1.77868,1.77917,1.76917,1.77177,49260,12,0,0.0,0.0,0.0,0.0,0.0,0.0,0.0,0.0,0.0,0.0,-0.003884903411518592
2025-04-04 12:00:00,1.77177,1.826,1.76899,1.80172,83656,12,0,0.0,0.0,0.0,0.0,0.0,0.0,0.0,0.0,0.0,0.0,0.01690399995484726
2025-04-04 16:00:00,1.80172,1.82926,1.79671,1.8261,91762,12,0,0.0,0.0,0.0,0.0,0.0,0.0,0.0,0.0,0.0,0.0,0.013531514330750616
2025-04-04 20:00:00,1.82607,1.82752,1.808,1.81335,59158,12,0,0.0,0.0,0.0,0.0,0.0,0.0,0.0,0.0,0.0,0.0,-0.006982092985050148
2025-04-07 00:00:00,1.81565,1.84212,1.81219,1.82759,59655,0,0,0.0,0.0,0.0,0.0,0.0,0.0,0.0,0.0,0.0,0.0,0.00785286899936577
2025-04-07 04:00:00,1.82761,1.83023,1.81485,1.82624,52699,12,0,0.0,0.0,0.0,0.0,0.0,0.0,0.0,0.0,0.0,0.0,-0.0007386777121782817
2025-04-07 08:00:00,1.82624,1.83645,1.81361,1.83144,78338,12,0,0.0,0.0,0.0,0.0,0.0,0.0,0.0,0.0,0.0,0.0,0.0028473804100226374
2025-04-07 12:00:00,1.83147,1.83359,1.80303,1.80475,77834,12,0,0.0,0.0,0.0,0.0,0.0,0.0,0.0,0.0,0.0,0.0,-0.014573231992311975
2025-04-07 16:00:00,1.80472,1.83797,1.78774,1.83734,98784,12,0,0.0,0.0,0.0,0.0,0.0,0.0,0.0,0.0,0.0,0.0,0.01805790275661434
2025-04-07 20:00:00,1.83732,1.83742,1.82043,1.82153,55158,12,0,0.0,0.0,0.0,0.0,0.0,0.0,0.0,0.0,0.0,0.0,-0.008604830896839943
2025-04-08 00:00:00,1.82051,1.82526,1.81594,1.82505,22587,12,0,0.0,0.0,0.0,0.0,0.0,0.0,0.0,0.0,0.0,0.0,0.0019324414091450581
2025-04-08 04:00:00,1.82506,1.83011,1.81068,1.81127,39823,12,0,0.0,0.0,0.0,0.0,0.0,0.0,0.0,0.0,0.0,0.0,-0.007550478069094035
2025-04-08 08:00:00,1.81127,1.81571,1.80272,1.80349,53906,12,0,0.0,0.0,0.0,0.0,0.0,0.0,0.0,0.0,0.0,0.0,-0.0042953286920226486
2025-04-08 12:00:00,1.80349,1.8121,1.80349,1.80697,52084,12,0,0.0,0.0,0.0,0.0,0.0,0.0,0.0,0.0,0.0,0.0,0.001929592068711239
2025-04-08 16:00:00,1.80697,1.82694,1.79581,1.82674,74179,12,0,0.0,0.0,0.0,0.0,0.0,0.0,0.0,0.0,0.0,0.0,0.010940967475940422
2025-04-08 20:00:00,1.82674,1.84212,1.82355,1.83955,61114,12,0,0.0,0.0,0.0,0.0,0.0,0.0,0.0,0.0,0.0,0.0,0.00701249219921829
2025-04-09 00:00:00,1.83781,1.85577,1.83544,1.84797,31326,12,0,0.0,0.0,0.0,0.0,0.0,0.0,0.0,0.0,0.0,0.0,0.004577206381995547
2025-04-09 04:00:00,1.84797,1.85476,1.83614,1.85213,55424,12,0,0.0,0.0,0.0,0.0,0.0,0.0,0.0,0.0,0.0,0.0,0.002251118795218554
2025-04-09 08:00:00,1.8521,1.85531,1.8247,1.83487,75903,12,0,0.0,0.0,0.0,0.0,0.0,0.0,0.0,0.0,0.0,0.0,-0.009319000286157064
2025-04-09 12:00:00,1.83487,1.84448,1.82401,1.83763,69931,0,0,0.0,0.0,0.0,0.0,0.0,0.0,0.0,0.0,0.0,0.0,0.0015041937575959174
2025-04-09 16:00:00,1.83763,1.84367,1.82131,1.82907,66622,12,0,0.0,0.0,0.0,0.0,0.0,0.0,0.0,0.0,0.0,0.0,-0.004658173843483215
2025-04-09 20:00:00,1.82908,1.83188,1.7747000000000002,1.77887,77425,0,0,0.0,0.0,0.0,0.0,0.0,0.0,0.0,0.0,0.0,0.0,-0.02744564177423503
2025-04-10 00:00:00,1.77841,1.79357,1.77593,1.79295,29880,12,0,0.0,0.0,0.0,0.0,0.0,0.0,0.0,0.0,0.0,0.0,0.007915137137621153
2025-04-10 04:00:00,1.79292,1.79524,1.77439,1.77554,40860,12,0,0.0,0.0,0.0,0.0,0.0,0.0,0.0,0.0,0.0,0.0,-0.00971025405058712
2025-04-10 08:00:00,1.77554,1.79992,1.76978,1.79367,54275,12,0,0.0,0.0,0.0,0.0,0.0,0.0,0.0,0.0,0.0,0.0,0.010210978068644128
2025-04-10 12:00:00,1.79367,1.79878,1.78765,1.7951,56634,12,0,0.0,0.0,0.0,0.0,0.0,0.0,0.0,0.0,0.0,0.0,0.0007972481002636034
2025-04-10 16:00:00,1.79515,1.81463,1.78789,1.80647,83254,12,0,0.0,0.0,0.0,0.0,0.0,0.0,0.0,0.0,0.0,0.0,0.0063339089744305355
2025-04-10 20:00:00,1.80645,1.80849,1.79445,1.79956,64152,12,0,0.0,0.0,0.0,0.0,0.0,0.0,0.0,0.0,0.0,0.0,-0.0038251396369715085
2025-04-11 00:00:00,1.79689,1.82998,1.79476,1.81992,40680,12,0,0.0,0.0,0.0,0.0,0.0,0.0,0.0,0.0,0.0,0.0,0.011313876725421723
2025-04-11 04:00:00,1.81992,1.82774,1.80566,1.82739,58062,12,0,0.0,0.0,0.0,0.0,0.0,0.0,0.0,0.0,0.0,0.0,0.004104576025319773
2025-04-11 08:00:00,1.8274,1.84481,1.81469,1.8376,70033,12,0,0.0,0.0,0.0,0.0,0.0,0.0,0.0,0.0,0.0,0.0,0.00558720360733056
2025-04-11 12:00:00,1.8376,1.83774,1.81416,1.82005,66175,12,0,0.0,0.0,0.0,0.0,0.0,0.0,0.0,0.0,0.0,0.0,-0.009550500653025651
2025-04-11 16:00:00,1.82005,1.82691,1.80514,1.80765,79114,12,0,0.0,0.0,0.0,0.0,0.0,0.0,0.0,0.0,0.0,0.0,-0.006812999642866968
2025-04-11 20:00:00,1.80765,1.80997,1.79777,1.80458,39773,12,0,0.0,0.0,0.0,0.0,0.0,0.0,0.0,0.0,0.0,0.0,-0.0016983376206676226
2025-04-14 00:00:00,1.79358,1.80696,1.79331,1.80637,30572,12,0,0.0,0.0,0.0,0.0,0.0,0.0,0.0,0.0,0.0,0.0,0.0009919205576920387
2025-04-14 04:00:00,1.80637,1.81146,1.80387,1.80537,37737,12,0,0.0,0.0,0.0,0.0,0.0,0.0,0.0,0.0,0.0,0.0,-0.0005535964392677784
2025-04-14 08:00:00,1.80537,1.80872,1.79534,1.79701,41768,12,0,0.0,0.0,0.0,0.0,0.0,0.0,0.0,0.0,0.0,0.0,-0.004630629732409353
2025-04-14 12:00:00,1.79701,1.8054,1.79593,1.80088,38650,12,0,0.0,0.0,0.0,0.0,0.0,0.0,0.0,0.0,0.0,0.0,0.002153577331233558
2025-04-14 16:00:00,1.80081,1.80234,1.79442,1.79607,56240,12,0,0.0,0.0,0.0,0.0,0.0,0.0,0.0,0.0,0.0,0.0,-0.0026709164408511565
2025-04-14 20:00:00,1.79606,1.79676,1.79089,1.79369,28645,12,0,0.0,0.0,0.0,0.0,0.0,0.0,0.0,0.0,0.0,0.0,-0.001325115390825582
2025-04-15 00:00:00,1.79298,1.7967,1.78861,1.79024,15724,12,0,0.0,0.0,0.0,0.0,0.0,0.0,0.0,0.0,0.0,0.0,-0.0019234092847705275
2025-04-15 04:00:00,1.79024,1.79061,1.78134,1.78303,26064,12,0,0.0,0.0,0.0,0.0,0.0,0.0,0.0,0.0,0.0,0.0,-0.004027392975243682
2025-04-15 08:00:00,1.78303,1.78874,1.77853,1.78679,38162,12,0,0.0,0.0,0.0,0.0,0.0,0.0,0.0,0.0,0.0,0.0,0.002108769902918084
2025-04-15 12:00:00,1.78677,1.78823,1.77523,1.77555,31640,12,0,0.0,0.0,0.0,0.0,0.0,0.0,0.0,0.0,0.0,0.0,-0.006290610536213048
2025-04-15 16:00:00,1.77555,1.7798500000000002,1.77159,1.7747000000000002,49301,12,0,0.0,0.0,0.0,0.0,0.0,0.0,0.0,0.0,0.0,0.0,-0.00047872490214284635
2025-04-15 20:00:00,1.7747000000000002,1.77886,1.77359,1.77765,22928,12,0,0.0,0.0,0.0,0.0,0.0,0.0,0.0,0.0,0.0,0.0,0.0016622527751168903
2025-04-16 00:00:00,1.77765,1.7873,1.77424,1.78636,20051,12,0,0.0,0.0,0.0,0.0,0.0,0.0,0.0,0.0,0.0,0.0,0.004899727167890111
2025-04-16 04:00:00,1.78636,1.78855,1.78111,1.786,27432,12,0,0.0,0.0,0.0,0.0,0.0,0.0,0.0,0.0,0.0,0.0,-0.00020152712779053505
2025-04-16 08:00:00,1.786,1.7943,1.77862,1.78542,41761,12,0,0.0,0.0,0.0,0.0,0.0,0.0,0.0,0.0,0.0,0.0,-0.00032474804031357163
2025-04-16 12:00:00,1.78544,1.78707,1.78065,1.78417,40105,12,0,0.0,0.0,0.0,0.0,0.0,0.0,0.0,0.0,0.0,0.0,-0.0007001153790144876
2025-04-16 16:00:00,1.7841900000000002,1.78627,1.77808,1.78182,48875,12,0,0.0,0.0,0.0,0.0,0.0,0.0,0.0,0.0,0.0,0.0,-0.001317139061860706
2025-04-16 20:00:00,1.78182,1.79247,1.77991,1.78883,38662,12,0,0.0,0.0,0.0,0.0,0.0,0.0,0.0,0.0,0.0,0.0,0.003934179659000225
2025-04-17 00:00:00,1.78763,1.78979,1.7854100000000002,1.78695,20467,12,0,0.0,0.0,0.0,0.0,0.0,0.0,0.0,0.0,0.0,0.0,-0.0010509662740449954
2025-04-17 04:00:00,1.78695,1.79317,1.78527,1.79244,30620,12,0,0.0,0.0,0.0,0.0,0.0,0.0,0.0,0.0,0.0,0.0,0.0030722739864013082
2025-04-17 08:00:00,1.79244,1.7939,1.7890899999999998,1.79049,36500,12,0,0.0,0.0,0.0,0.0,0.0,0.0,0.0,0.0,0.0,0.0,-0.0010879025239338702
2025-04-17 12:00:00,1.79049,1.79083,1.7789,1.77954,39106,12,0,0.0,0.0,0.0,0.0,0.0,0.0,0.0,0.0,0.0,0.0,-0.0061156443208283395
2025-04-17 16:00:00,1.77954,1.78473,1.77701,1.77772,53357,12,0,0.0,0.0,0.0,0.0,0.0,0.0,0.0,0.0,0.0,0.0,-0.0010227362127290807
2025-04-17 20:00:00,1.77773,1.78064,1.77612,1.77788,26169,12,0,0.0,0.0,0.0,0.0,0.0,0.0,0.0,0.0,0.0,0.0,9.000292509497854e-05
2025-04-18 00:00:00,1.7776,1.78193,1.77639,1.78067,18381,12,0,0.0,0.0,0.0,0.0,0.0,0.0,0.0,0.0,0.0,0.0,0.0015692847661259446
2025-04-18 04:00:00,1.78065,1.78643,1.77989,1.78159,90195,12,0,0.0,0.0,0.0,0.0,0.0,0.0,0.0,0.0,0.0,0.0,0.0005166594596415219
2025-04-18 08:00:00,1.78159,1.78543,1.7801399999999998,1.78521,83830,12,0,0.0,0.0,0.0,0.0,0.0,0.0,0.0,0.0,0.0,0.0,0.0020318928597489183
2025-04-18 12:00:00,1.78521,1.78615,1.78282,1.78569,106793,12,0,0.0,0.0,0.0,0.0,0.0,0.0,0.0,0.0,0.0,0.0,0.00026887593056290626
2025-04-18 16:00:00,1.78573,1.78867,1.78438,1.78735,71306,12,0,0.0,0.0,0.0,0.0,0.0,0.0,0.0,0.0,0.0,0.0,0.0009296126427318363
2025-04-18 20:00:00,1.78738,1.7874,1.78533,1.78669,45210,12,0,0.0,0.0,0.0,0.0,0.0,0.0,0.0,0.0,0.0,0.0,-0.0003692617562313094
2025-04-21 00:00:00,1.78759,1.79577,1.78558,1.79542,29665,0,0,0.0,0.0,0.0,0.0,0.0,0.0,0.0,0.0,0.0,0.0,0.004886130218448637
2025-04-21 04:00:00,1.79542,1.80159,1.79176,1.79464,30708,12,0,0.0,0.0,0.0,0.0,0.0,0.0,0.0,0.0,0.0,0.0,-0.00043443873856818804
2025-04-21 08:00:00,1.79464,1.79878,1.79188,1.79755,32054,12,0,0.0,0.0,0.0,0.0,0.0,0.0,0.0,0.0,0.0,0.0,0.0016214951187982773
2025-04-21 12:00:00,1.79755,1.79987,1.79191,1.79501,30684,12,0,0.0,0.0,0.0,0.0,0.0,0.0,0.0,0.0,0.0,0.0,-0.0014130344079441581
2025-04-21 16:00:00,1.79501,1.79586,1.78983,1.79461,37886,12,0,0.0,0.0,0.0,0.0,0.0,0.0,0.0,0.0,0.0,0.0,-0.00022283998417838013
2025-04-21 20:00:00,1.79461,1.7986,1.79265,1.79408,24351,12,0,0.0,0.0,0.0,0.0,0.0,0.0,0.0,0.0,0.0,0.0,-0.0002953287900993029
2025-04-22 00:00:00,1.79316,1.79657,1.79174,1.79287,18116,12,0,0.0,0.0,0.0,0.0,0.0,0.0,0.0,0.0,0.0,0.0,-0.0006744403816997258
2025-04-22 04:00:00,1.79287,1.79532,1.7890700000000002,1.79261,30610,12,0,0.0,0.0,0.0,0.0,0.0,0.0,0.0,0.0,0.0,0.0,-0.0001450188803426844
2025-04-22 08:00:00,1.79261,1.79608,1.78925,1.7942900000000002,43940,12,0,0.0,0.0,0.0,0.0,0.0,0.0,0.0,0.0,0.0,0.0,0.0009371809819203047
2025-04-22 12:00:00,1.7942900000000002,1.79786,1.79349,1.79472,35570,12,0,0.0,0.0,0.0,0.0,0.0,0.0,0.0,0.0,0.0,0.0,0.00023964910911833393
2025-04-22 16:00:00,1.79472,1.79828,1.78654,1.7874,47178,12,0,0.0,0.0,0.0,0.0,0.0,0.0,0.0,0.0,0.0,0.0,-0.004078630649906434
2025-04-22 20:00:00,1.7874,1.79603,1.78586,1.79423,28836,12,0,0.0,0.0,0.0,0.0,0.0,0.0,0.0,0.0,0.0,0.0,0.0038211927940023926
2025-04-23 00:00:00,1.7925,1.79412,1.77944,1.78226,36594,12,0,0.0,0.0,0.0,0.0,0.0,0.0,0.0,0.0,0.0,0.0,-0.006671385496842652
2025-04-23 04:00:00,1.78226,1.78546,1.77909,1.78126,32942,12,0,0.0,0.0,0.0,0.0,0.0,0.0,0.0,0.0,0.0,0.0,-0.0005610853635271695
2025-04-23 08:00:00,1.78125,1.78209,1.77242,1.78005,39566,12,0,0.0,0.0,0.0,0.0,0.0,0.0,0.0,0.0,0.0,0.0,-0.0006792944320312966
2025-04-23 12:00:00,1.78007,1.78364,1.77745,1.77762,33897,12,0,0.0,0.0,0.0,0.0,0.0,0.0,0.0,0.0,0.0,0.0,-0.0013651301929720194
2025-04-23 16:00:00,1.77764,1.78614,1.76615,1.78053,66924,0,0,0.0,0.0,0.0,0.0,0.0,0.0,0.0,0.0,0.0,0.0,0.0016370202855502392
2025-04-23 20:00:00,1.78054,1.78242,1.77756,1.77946,31475,12,0,0.0,0.0,0.0,0.0,0.0,0.0,0.0,0.0,0.0,0.0,-0.0006009446625442338
2025-04-24 00:00:00,1.77733,1.7829000000000002,1.77638,1.78225,18461,12,0,0.0,0.0,0.0,0.0,0.0,0.0,0.0,0.0,0.0,0.0,0.0015678913827790186
2025-04-24 04:00:00,1.78225,1.78679,1.78156,1.78311,25741,12,0,0.0,0.0,0.0,0.0,0.0,0.0,0.0,0.0,0.0,0.0,0.000482536120073096
2025-04-24 08:00:00,1.78311,1.78691,1.78127,1.78465,36071,12,0,0.0,0.0,0.0,0.0,0.0,0.0,0.0,0.0,0.0,0.0,0.0008636595611040132
2025-04-24 12:00:00,1.78463,1.78513,1.78015,1.78279,31714,12,0,0.0,0.0,0.0,0.0,0.0,0.0,0.0,0.0,0.0,0.0,-0.0010422211638135837
2025-04-24 16:00:00,1.78278,1.78354,1.77474,1.77617,41352,12,0,0.0,0.0,0.0,0.0,0.0,0.0,0.0,0.0,0.0,0.0,-0.003713280868750668
2025-04-24 20:00:00,1.77613,1.77841,1.77579,1.77683,21107,12,0,0.0,0.0,0.0,0.0,0.0,0.0,0.0,0.0,0.0,0.0,0.0003715860531368076
2025-04-25 00:00:00,1.7755999999999998,1.77739,1.77218,1.77222,15110,12,0,0.0,0.0,0.0,0.0,0.0,0.0,0.0,0.0,0.0,0.0,-0.0025945081971826545
2025-04-25 04:00:00,1.77222,1.77479,1.76501,1.7694,26513,12,0,0.0,0.0,0.0,0.0,0.0,0.0,0.0,0.0,0.0,0.0,-0.0015912245657987434
2025-04-25 08:00:00,1.7694,1.7776999999999998,1.7685499999999998,1.77622,34558,12,0,0.0,0.0,0.0,0.0,0.0,0.0,0.0,0.0,0.0,0.0,0.003854413925624467
2025-04-25 12:00:00,1.77622,1.78135,1.77606,1.77898,31080,12,0,0.0,0.0,0.0,0.0,0.0,0.0,0.0,0.0,0.0,0.0,0.0015538615712018533
2025-04-25 16:00:00,1.77898,1.78088,1.77525,1.77752,36729,12,0,0.0,0.0,0.0,0.0,0.0,0.0,0.0,0.0,0.0,0.0,-0.0008206950050029249
2025-04-25 20:00:00,1.77752,1.78086,1.77386,1.77506,19072,12,0,0.0,0.0,0.0,0.0,0.0,0.0,0.0,0.0,0.0,0.0,-0.001383950672847467
2025-04-28 00:00:00,1.77766,1.78036,1.77239,1.77906,15333,12,0,0.0,0.0,0.0,0.0,0.0,0.0,0.0,0.0,0.0,0.0,0.0022534449539732826
2025-04-28 04:00:00,1.77905,1.78139,1.77528,1.7761,21600,12,0,0.0,0.0,0.0,0.0,0.0,0.0,0.0,0.0,0.0,0.0,-0.0016637999842613604
2025-04-28 08:00:00,1.77609,1.7816999999999998,1.7743,1.77793,30190,12,0,0.0,0.0,0.0,0.0,0.0,0.0,0.0,0.0,0.0,0.0,0.001030347390349684
2025-04-28 12:00:00,1.77793,1.77817,1.773,1.77487,28013,12,0,0.0,0.0,0.0,0.0,0.0,0.0,0.0,0.0,0.0,0.0,-0.0017211026305873345
2025-04-28 16:00:00,1.77487,1.7792400000000002,1.77109,1.77794,42854,12,0,0.0,0.0,0.0,0.0,0.0,0.0,0.0,0.0,0.0,0.0,0.0017297041473460784
2025-04-28 20:00:00,1.77794,1.77945,1.77488,1.77545,20156,12,0,0.0,0.0,0.0,0.0,0.0,0.0,0.0,0.0,0.0,0.0,-0.0014004972046300912
2025-04-29 00:00:00,1.77423,1.77669,1.7733,1.77335,13629,12,0,0.0,0.0,0.0,0.0,0.0,0.0,0.0,0.0,0.0,0.0,-0.0011827987270832674
2025-04-29 04:00:00,1.77335,1.77606,1.77006,1.77433,23603,12,0,0.0,0.0,0.0,0.0,0.0,0.0,0.0,0.0,0.0,0.0,0.000552626385090349
2025-04-29 08:00:00,1.77433,1.7767,1.77237,1.77365,30888,12,0,0.0,0.0,0.0,0.0,0.0,0.0,0.0,0.0,0.0,0.0,-0.0003832432523825924
2025-04-29 12:00:00,1.77368,1.7798500000000002,1.77361,1.7797,27616,12,0,0.0,0.0,0.0,0.0,0.0,0.0,0.0,0.0,0.0,0.0,0.0034110450201563225
2025-04-29 16:00:00,1.7797,1.78878,1.77887,1.78563,44687,12,0,0.0,0.0,0.0,0.0,0.0,0.0,0.0,0.0,0.0,0.0,0.0033320222509412023
2025-04-29 20:00:00,1.78562,1.78587,1.7816800000000002,1.78302,19052,12,0,0.0,0.0,0.0,0.0,0.0,0.0,0.0,0.0,0.0,0.0,-0.001461668990776377
2025-04-30 00:00:00,1.78114,1.78478,1.7811,1.78308,12324,12,0,0.0,0.0,0.0,0.0,0.0,0.0,0.0,0.0,0.0,0.0,3.365077228512092e-05
2025-04-30 04:00:00,1.7831,1.78348,1.7731,1.77315,22058,12,0,0.0,0.0,0.0,0.0,0.0,0.0,0.0,0.0,0.0,0.0,-0.005569015411535094
2025-04-30 08:00:00,1.77312,1.78038,1.77227,1.77946,27762,12,0,0.0,0.0,0.0,0.0,0.0,0.0,0.0,0.0,0.0,0.0,0.003558638581056428
2025-04-30 12:00:00,1.7795,1.78686,1.77614,1.78474,32830,12,0,0.0,0.0,0.0,0.0,0.0,0.0,0.0,0.0,0.0,0.0,0.002967192294291543
2025-04-30 16:00:00,1.78467,1.78821,1.7706499999999998,1.77561,51512,12,0,0.0,0.0,0.0,0.0,0.0,0.0,0.0,0.0,0.0,0.0,-0.005115591066485958
2025-04-30 20:00:00,1.77561,1.77655,1.76702,1.76932,28852,12,0,0.0,0.0,0.0,0.0,0.0,0.0,0.0,0.0,0.0,0.0,-0.0035424445683455152
2025-05-01 00:00:00,1.76926,1.77031,1.7649,1.76526,12698,12,0,0.0,0.0,0.0,0.0,0.0,0.0,0.0,0.0,0.0,0.0,-0.002294666877670437
2025-05-01 04:00:00,1.76526,1.76757,1.75978,1.76581,20463,12,0,0.0,0.0,0.0,0.0,0.0,0.0,0.0,0.0,0.0,0.0,0.0003115688340527001
2025-05-01 08:00:00,1.76581,1.77395,1.76457,1.77222,28630,12,0,0.0,0.0,0.0,0.0,0.0,0.0,0.0,0.0,0.0,0.0,0.0036300621244640396
2025-05-01 12:00:00,1.7722099999999998,1.7752599999999998,1.7703799999999998,1.77174,29120,12,0,0.0,0.0,0.0,0.0,0.0,0.0,0.0,0.0,0.0,0.0,-0.00027084673460398
2025-05-01 16:00:00,1.77173,1.77381,1.76572,1.77173,40763,12,0,0.0,0.0,0.0,0.0,0.0,0.0,0.0,0.0,0.0,0.0,-5.644169009055844e-06
2025-05-01 20:00:00,1.77173,1.77184,1.76657,1.76847,21443,12,0,0.0,0.0,0.0,0.0,0.0,0.0,0.0,0.0,0.0,0.0,-0.0018400094822574875
2025-05-02 00:00:00,1.76741,1.77023,1.75939,1.76119,16453,12,0,0.0,0.0,0.0,0.0,0.0,0.0,0.0,0.0,0.0,0.0,-0.004116552726368017
2025-05-02 04:00:00,1.76119,1.76581,1.76074,1.76266,26050,12,0,0.0,0.0,0.0,0.0,0.0,0.0,0.0,0.0,0.0,0.0,0.0008346629267710348
2025-05-02 08:00:00,1.76266,1.76716,1.76258,1.76517,29787,12,0,0.0,0.0,0.0,0.0,0.0,0.0,0.0,0.0,0.0,0.0,0.0014239842056891217
2025-05-02 12:00:00,1.76521,1.76553,1.75531,1.75607,36715,12,0,0.0,0.0,0.0,0.0,0.0,0.0,0.0,0.0,0.0,0.0,-0.005155310819920933
2025-05-02 16:00:00,1.75606,1.7618,1.75392,1.75526,51863,12,0,0.0,0.0,0.0,0.0,0.0,0.0,0.0,0.0,0.0,0.0,-0.00046125723917611605
2025-05-02 20:00:00,1.75526,1.75629,1.75164,1.75255,21124,12,0,0.0,0.0,0.0,0.0,0.0,0.0,0.0,0.0,0.0,0.0,-0.0015439308136686591
2025-05-05 00:00:00,1.7495699999999998,1.75867,1.74883,1.75656,14729,12,0,0.0,0.0,0.0,0.0,0.0,0.0,0.0,0.0,0.0,0.0,0.002288094490884518
2025-05-05 04:00:00,1.75657,1.75683,1.74927,1.75266,24524,12,0,0.0,0.0,0.0,0.0,0.0,0.0,0.0,0.0,0.0,0.0,-0.002220248667850644
2025-05-05 08:00:00,1.75266,1.7527,1.74641,1.74837,30836,12,0,0.0,0.0,0.0,0.0,0.0,0.0,0.0,0.0,0.0,0.0,-0.002447708055184794
2025-05-05 12:00:00,1.74839,1.75134,1.74624,1.75102,28220,12,0,0.0,0.0,0.0,0.0,0.0,0.0,0.0,0.0,0.0,0.0,0.0015156974782226662
2025-05-05 16:00:00,1.75102,1.75312,1.7471100000000002,1.74834,34611,12,0,0.0,0.0,0.0,0.0,0.0,0.0,0.0,0.0,0.0,0.0,-0.0015305364873045013
2025-05-05 20:00:00,1.74837,1.74985,1.74787,1.74907,14762,12,0,0.0,0.0,0.0,0.0,0.0,0.0,0.0,0.0,0.0,0.0,0.00041753892263507453
2025-05-06 00:00:00,1.74868,1.75098,1.74804,1.7501,11304,12,0,0.0,0.0,0.0,0.0,0.0,0.0,0.0,0.0,0.0,0.0,0.000588884378555532
2025-05-06 04:00:00,1.7501,1.75304,1.74846,1.75038,23259,12,0,0.0,0.0,0.0,0.0,0.0,0.0,0.0,0.0,0.0,0.0,0.00015999085766527088
2025-05-06 08:00:00,1.75038,1.75732,1.75031,1.75547,31169,12,0,0.0,0.0,0.0,0.0,0.0,0.0,0.0,0.0,0.0,0.0,0.0029079399901736913
2025-05-06 12:00:00,1.75547,1.75754,1.75188,1.75297,28886,12,0,0.0,0.0,0.0,0.0,0.0,0.0,0.0,0.0,0.0,0.0,-0.0014241200362297146
2025-05-06 16:00:00,1.75297,1.7548,1.7464499999999998,1.74936,34081,12,0,0.0,0.0,0.0,0.0,0.0,0.0,0.0,0.0,0.0,0.0,-0.002059362111159868
2025-05-06 20:00:00,1.74936,1.75235,1.74873,1.75041,18714,12,0,0.0,0.0,0.0,0.0,0.0,0.0,0.0,0.0,0.0,0.0,0.0006002195088490314
2025-05-07 00:00:00,1.7489599999999998,1.75183,1.73855,1.7446700000000002,24834,12,0,0.0,0.0,0.0,0.0,0.0,0.0,0.0,0.0,0.0,0.0,-0.003279231722853382
2025-05-07 04:00:00,1.7446700000000002,1.75139,1.74205,1.75056,29190,12,0,0.0,0.0,0.0,0.0,0.0,0.0,0.0,0.0,0.0,0.0,0.003375996606808096
2025-05-07 08:00:00,1.75056,1.75572,1.74994,1.75486,30787,12,0,0.0,0.0,0.0,0.0,0.0,0.0,0.0,0.0,0.0,0.0,0.0024563568229596378
2025-05-07 12:00:00,1.75486,1.7565,1.75399,1.75579,24729,12,0,0.0,0.0,0.0,0.0,0.0,0.0,0.0,0.0,0.0,0.0,0.000529956805671139
2025-05-07 16:00:00,1.75579,1.75867,1.75545,1.75608,30364,12,0,0.0,0.0,0.0,0.0,0.0,0.0,0.0,0.0,0.0,0.0,0.0001651678161966874
2025-05-07 20:00:00,1.75608,1.76224,1.75507,1.75852,37570,12,0,0.0,0.0,0.0,0.0,0.0,0.0,0.0,0.0,0.0,0.0,0.001389458339027927
2025-05-08 00:00:00,1.75824,1.76042,1.75476,1.7557,11493,12,0,0.0,0.0,0.0,0.0,0.0,0.0,0.0,0.0,0.0,0.0,-0.00160362122694091
2025-05-08 04:00:00,1.7557,1.75624,1.75293,1.7542,23688,12,0,0.0,0.0,0.0,0.0,0.0,0.0,0.0,0.0,0.0,0.0,-0.0008543600842968457
2025-05-08 08:00:00,1.7542,1.7612,1.75369,1.75987,36282,12,0,0.0,0.0,0.0,0.0,0.0,0.0,0.0,0.0,0.0,0.0,0.0032322426177175956
2025-05-08 12:00:00,1.75987,1.76297,1.7568899999999998,1.7606000000000002,32977,12,0,0.0,0.0,0.0,0.0,0.0,0.0,0.0,0.0,0.0,0.0,0.0004148033661577344
2025-05-08 16:00:00,1.7606000000000002,1.76076,1.75041,1.75101,45796,12,0,0.0,0.0,0.0,0.0,0.0,0.0,0.0,0.0,0.0,0.0,-0.005447006702260726
2025-05-08 20:00:00,1.75101,1.75518,1.75066,1.75432,20075,12,0,0.0,0.0,0.0,0.0,0.0,0.0,0.0,0.0,0.0,0.0,0.001890337576598622
2025-05-09 00:00:00,1.75276,1.75676,1.75212,1.75676,12696,12,0,0.0,0.0,0.0,0.0,0.0,0.0,0.0,0.0,0.0,0.0,0.0013908522960464076
2025-05-09 04:00:00,1.75676,1.75769,1.75145,1.75171,25405,12,0,0.0,0.0,0.0,0.0,0.0,0.0,0.0,0.0,0.0,0.0,-0.0028746100776428918
2025-05-09 08:00:00,1.75171,1.75806,1.7517,1.75652,26530,12,0,0.0,0.0,0.0,0.0,0.0,0.0,0.0,0.0,0.0,0.0,0.002745888303429256
2025-05-09 12:00:00,1.75652,1.75842,1.75531,1.75597,23237,12,0,0.0,0.0,0.0,0.0,0.0,0.0,0.0,0.0,0.0,0.0,-0.00031311912190012947
2025-05-09 16:00:00,1.75597,1.75717,1.7522799999999998,1.75517,32048,12,0,0.0,0.0,0.0,0.0,0.0,0.0,0.0,0.0,0.0,0.0,-0.00045558864900885343
2025-05-09 20:00:00,1.75517,1.7559399999999998,1.7528,1.7528,12338,12,0,0.0,0.0,0.0,0.0,0.0,0.0,0.0,0.0,0.0,0.0,-0.0013502965524706534
2025-05-12 00:00:00,1.74213,1.75151,1.74129,1.75011,19553,12,0,0.0,0.0,0.0,0.0,0.0,0.0,0.0,0.0,0.0,0.0,-0.0015346873573709452
2025-05-12 04:00:00,1.75011,1.7509,1.74542,1.74599,23999,12,0,0.0,0.0,0.0,0.0,0.0,0.0,0.0,0.0,0.0,0.0,-0.0023541377399135532
2025-05-12 08:00:00,1.74599,1.74599,1.73116,1.73749,49865,12,0,0.0,0.0,0.0,0.0,0.0,0.0,0.0,0.0,0.0,0.0,-0.00486829821476642
2025-05-12 12:00:00,1.73749,1.74164,1.73418,1.73988,43029,12,0,0.0,0.0,0.0,0.0,0.0,0.0,0.0,0.0,0.0,0.0,0.0013755474851655514
2025-05-12 16:00:00,1.73988,1.7461799999999998,1.73872,1.74168,42613,12,0,0.0,0.0,0.0,0.0,0.0,0.0,0.0,0.0,0.0,0.0,0.0010345541071796749
2025-05-12 20:00:00,1.74168,1.74246,1.73952,1.73964,19420,12,0,0.0,0.0,0.0,0.0,0.0,0.0,0.0,0.0,0.0,0.0,-0.001171282899269599
2025-05-13 00:00:00,1.73857,1.74487,1.73857,1.74473,13097,12,0,0.0,0.0,0.0,0.0,0.0,0.0,0.0,0.0,0.0,0.0,0.0029258927134347967
2025-05-13 04:00:00,1.74473,1.74529,1.73271,1.73366,23461,12,0,0.0,0.0,0.0,0.0,0.0,0.0,0.0,0.0,0.0,0.0,-0.006344821261742406
2025-05-13 08:00:00,1.73366,1.73553,1.73129,1.73459,30215,12,0,0.0,0.0,0.0,0.0,0.0,0.0,0.0,0.0,0.0,0.0,0.0005364373637277708
2025-05-13 12:00:00,1.73456,1.73507,1.7302499999999998,1.73097,28447,12,0,0.0,0.0,0.0,0.0,0.0,0.0,0.0,0.0,0.0,0.0,-0.002086948500798602
2025-05-13 16:00:00,1.73097,1.7349,1.72554,1.72633,40457,12,0,0.0,0.0,0.0,0.0,0.0,0.0,0.0,0.0,0.0,0.0,-0.0026805779418476172
2025-05-13 20:00:00,1.72633,1.72939,1.72528,1.7284000000000002,14882,12,0,0.0,0.0,0.0,0.0,0.0,0.0,0.0,0.0,0.0,0.0,0.0011990754954152028
2025-05-14 00:00:00,1.72729,1.7299,1.7271,1.72914,11146,12,0,0.0,0.0,0.0,0.0,0.0,0.0,0.0,0.0,0.0,0.0,0.00042814163388094073
2025-05-14 04:00:00,1.72914,1.72967,1.72473,1.7290100000000002,23560,12,0,0.0,0.0,0.0,0.0,0.0,0.0,0.0,0.0,0.0,0.0,-7.518188232280565e-05
2025-05-14 08:00:00,1.7290100000000002,1.7324000000000002,1.7265,1.73143,33169,12,0,0.0,0.0,0.0,0.0,0.0,0.0,0.0,0.0,0.0,0.0,0.0013996448834880937
2025-05-14 12:00:00,1.73143,1.73663,1.73066,1.7357200000000002,35378,12,0,0.0,0.0,0.0,0.0,0.0,0.0,0.0,0.0,0.0,0.0,0.002477720727953159
2025-05-14 16:00:00,1.7357200000000002,1.74029,1.73512,1.7389,41294,12,0,0.0,0.0,0.0,0.0,0.0,0.0,0.0,0.0,0.0,0.0,0.0018320927338508763
2025-05-14 20:00:00,1.7389,1.73959,1.73685,1.73798,19078,12,0,0.0,0.0,0.0,0.0,0.0,0.0,0.0,0.0,0.0,0.0,-0.0005290701017883759
2025-05-15 00:00:00,1.7360799999999998,1.74167,1.7359,1.73965,12156,12,0,0.0,0.0,0.0,0.0,0.0,0.0,0.0,0.0,0.0,0.0,0.0009608856258414011
2025-05-15 04:00:00,1.73965,1.74077,1.73392,1.74029,22087,0,0,0.0,0.0,0.0,0.0,0.0,0.0,0.0,0.0,0.0,0.0,0.00036789009283477725
2025-05-15 08:00:00,1.74029,1.74626,1.73916,1.74577,28101,12,0,0.0,0.0,0.0,0.0,0.0,0.0,0.0,0.0,0.0,0.0,0.0031489004706113377
2025-05-15 12:00:00,1.74577,1.74926,1.74463,1.7471100000000002,27406,12,0,0.0,0.0,0.0,0.0,0.0,0.0,0.0,0.0,0.0,0.0,0.0007675696111171249
2025-05-15 16:00:00,1.7471100000000002,1.74947,1.74545,1.74609,38126,12,0,0.0,0.0,0.0,0.0,0.0,0.0,0.0,0.0,0.0,0.0,-0.0005838212820029609
2025-05-15 20:00:00,1.74609,1.74654,1.74453,1.74551,15428,12,0,0.0,0.0,0.0,0.0,0.0,0.0,0.0,0.0,0.0,0.0,-0.0003321707357581971
2025-05-16 00:00:00,1.74546,1.75189,1.74513,1.75119,12001,12,0,0.0,0.0,0.0,0.0,0.0,0.0,0.0,0.0,0.0,0.0,0.00325406328236455
2025-05-16 04:00:00,1.75119,1.75136,1.74174,1.74344,20370,12,0,0.0,0.0,0.0,0.0,0.0,0.0,0.0,0.0,0.0,0.0,-0.004425562046379894
2025-05-16 08:00:00,1.74344,1.74621,1.7419,1.74227,24285,12,0,0.0,0.0,0.0,0.0,0.0,0.0,0.0,0.0,0.0,0.0,-0.0006710870462993679
2025-05-16 12:00:00,1.74227,1.7467899999999998,1.74223,1.74558,22322,12,0,0.0,0.0,0.0,0.0,0.0,0.0,0.0,0.0,0.0,0.0,0.0018998203493143517
2025-05-16 16:00:00,1.74558,1.74688,1.74074,1.74156,31908,12,0,0.0,0.0,0.0,0.0,0.0,0.0,0.0,0.0,0.0,0.0,-0.002302959474787647
2025-05-16 20:00:00,1.74156,1.74333,1.73996,1.74229,13687,12,0,0.0,0.0,0.0,0.0,0.0,0.0,0.0,0.0,0.0,0.0,0.0004191644272950601
2025-05-19 00:00:00,1.74265,1.74699,1.74209,1.74563,15467,12,0,0.0,0.0,0.0,0.0,0.0,0.0,0.0,0.0,0.0,0.0,0.0019170172588949264
2025-05-19 04:00:00,1.74563,1.7465000000000002,1.74206,1.74566,20966,12,0,0.0,0.0,0.0,0.0,0.0,0.0,0.0,0.0,0.0,0.0,1.7185772471783878e-05
2025-05-19 08:00:00,1.74566,1.75191,1.7451,1.74961,30577,12,0,0.0,0.0,0.0,0.0,0.0,0.0,0.0,0.0,0.0,0.0,0.0022627544882738437
2025-05-19 12:00:00,1.74961,1.75114,1.74686,1.74802,32192,12,0,0.0,0.0,0.0,0.0,0.0,0.0,0.0,0.0,0.0,0.0,-0.0009087739553387264
2025-05-19 16:00:00,1.74805,1.74905,1.73951,1.74028,32417,12,0,0.0,0.0,0.0,0.0,0.0,0.0,0.0,0.0,0.0,0.0,-0.004427866958043869
2025-05-19 20:00:00,1.74028,1.74185,1.73889,1.74053,12627,12,0,0.0,0.0,0.0,0.0,0.0,0.0,0.0,0.0,0.0,0.0,0.00014365504401592233
2025-05-20 00:00:00,1.7394699999999998,1.7416,1.73889,1.7415500000000002,8803,12,0,0.0,0.0,0.0,0.0,0.0,0.0,0.0,0.0,0.0,0.0,0.0005860283936502952
2025-05-20 04:00:00,1.7415500000000002,1.7511,1.7415500000000002,1.74968,21224,12,0,0.0,0.0,0.0,0.0,0.0,0.0,0.0,0.0,0.0,0.0,0.0046682552898278384
2025-05-20 08:00:00,1.74968,1.7556699999999998,1.7480099999999998,1.75403,31953,12,0,0.0,0.0,0.0,0.0,0.0,0.0,0.0,0.0,0.0,0.0,0.002486168899455965
2025-05-20 12:00:00,1.75403,1.75686,1.7526000000000002,1.7561,23895,12,0,0.0,0.0,0.0,0.0,0.0,0.0,0.0,0.0,0.0,0.0,0.0011801394502943818
2025-05-20 16:00:00,1.75612,1.76066,1.75324,1.75406,33715,12,0,0.0,0.0,0.0,0.0,0.0,0.0,0.0,0.0,0.0,0.0,-0.0011616650532429995
2025-05-20 20:00:00,1.75406,1.75819,1.7533,1.75643,16556,12,0,0.0,0.0,0.0,0.0,0.0,0.0,0.0,0.0,0.0,0.0,0.001351151043863963
2025-05-21 00:00:00,1.75543,1.75783,1.75407,1.7542,13462,12,0,0.0,0.0,0.0,0.0,0.0,0.0,0.0,0.0,0.0,0.0,-0.0012696207648468238
2025-05-21 04:00:00,1.7542,1.75899,1.75364,1.7559900000000002,23550,12,0,0.0,0.0,0.0,0.0,0.0,0.0,0.0,0.0,0.0,0.0,0.0010204081632654294
2025-05-21 08:00:00,1.7559900000000002,1.75939,1.75514,1.75812,32278,12,0,0.0,0.0,0.0,0.0,0.0,0.0,0.0,0.0,0.0,0.0,0.0012129909623630475
2025-05-21 12:00:00,1.75812,1.76231,1.75485,1.75853,29516,12,0,0.0,0.0,0.0,0.0,0.0,0.0,0.0,0.0,0.0,0.0,0.00023320364935264237
2025-05-21 16:00:00,1.75854,1.75956,1.75312,1.75433,35099,12,0,0.0,0.0,0.0,0.0,0.0,0.0,0.0,0.0,0.0,0.0,-0.0023883584584851736
2025-05-21 20:00:00,1.75433,1.76144,1.75413,1.76011,26693,12,0,0.0,0.0,0.0,0.0,0.0,0.0,0.0,0.0,0.0,0.0,0.003294705101092754
2025-05-22 00:00:00,1.75873,1.76172,1.75727,1.7589,14970,12,0,0.0,0.0,0.0,0.0,0.0,0.0,0.0,0.0,0.0,0.0,-0.000687457033935468
2025-05-22 04:00:00,1.7589,1.76353,1.75614,1.75659,22800,12,0,0.0,0.0,0.0,0.0,0.0,0.0,0.0,0.0,0.0,0.0,-0.001313320825515829
2025-05-22 08:00:00,1.75659,1.76024,1.75374,1.7556500000000002,33032,12,0,0.0,0.0,0.0,0.0,0.0,0.0,0.0,0.0,0.0,0.0,-0.0005351277190465131
2025-05-22 12:00:00,1.7556500000000002,1.76204,1.75564,1.75882,31395,12,0,0.0,0.0,0.0,0.0,0.0,0.0,0.0,0.0,0.0,0.0,0.0018055990658729648
2025-05-22 16:00:00,1.75882,1.7616,1.75766,1.75799,39477,12,0,0.0,0.0,0.0,0.0,0.0,0.0,0.0,0.0,0.0,0.0,-0.000471907301486274
2025-05-22 20:00:00,1.75802,1.76086,1.75643,1.75937,16634,12,0,0.0,0.0,0.0,0.0,0.0,0.0,0.0,0.0,0.0,0.0,0.0007849874003835744
2025-05-23 00:00:00,1.75789,1.7611,1.75752,1.76013,10218,12,0,0.0,0.0,0.0,0.0,0.0,0.0,0.0,0.0,0.0,0.0,0.000431972808448311
2025-05-23 04:00:00,1.76013,1.76075,1.75711,1.75884,18659,12,0,0.0,0.0,0.0,0.0,0.0,0.0,0.0,0.0,0.0,0.0,-0.0007329004107651249
2025-05-23 08:00:00,1.75884,1.76024,1.75612,1.75742,26577,12,0,0.0,0.0,0.0,0.0,0.0,0.0,0.0,0.0,0.0,0.0,-0.0008073502990607606
2025-05-23 12:00:00,1.75738,1.76034,1.75409,1.75471,43956,12,0,0.0,0.0,0.0,0.0,0.0,0.0,0.0,0.0,0.0,0.0,-0.0015420332077704657
2025-05-23 16:00:00,1.75475,1.7571,1.7494,1.75064,41260,12,0,0.0,0.0,0.0,0.0,0.0,0.0,0.0,0.0,0.0,0.0,-0.002319471593596689
2025-05-23 20:00:00,1.75064,1.75064,1.74673,1.74786,17563,12,0,0.0,0.0,0.0,0.0,0.0,0.0,0.0,0.0,0.0,0.0,-0.0015879906776949948
2025-05-26 00:00:00,1.74882,1.75208,1.74779,1.75189,18102,12,0,0.0,0.0,0.0,0.0,0.0,0.0,0.0,0.0,0.0,0.0,0.002305676656024991
2025-05-26 04:00:00,1.75188,1.7522799999999998,1.74633,1.74942,23361,12,0,0.0,0.0,0.0,0.0,0.0,0.0,0.0,0.0,0.0,0.0,-0.0014099058730856484
2025-05-26 08:00:00,1.74942,1.75023,1.74747,1.74812,22700,12,0,0.0,0.0,0.0,0.0,0.0,0.0,0.0,0.0,0.0,0.0,-0.000743103428564984
2025-05-26 12:00:00,1.74813,1.74986,1.74748,1.74924,15250,12,0,0.0,0.0,0.0,0.0,0.0,0.0,0.0,0.0,0.0,0.0,0.0006406882822689308
2025-05-26 16:00:00,1.74924,1.75409,1.7487,1.75397,13452,12,0,0.0,0.0,0.0,0.0,0.0,0.0,0.0,0.0,0.0,0.0,0.0027040314650934594
2025-05-26 20:00:00,1.75397,1.7556500000000002,1.75369,1.75498,4304,12,0,0.0,0.0,0.0,0.0,0.0,0.0,0.0,0.0,0.0,0.0,0.0005758365308414781
2025-05-27 00:00:00,1.75297,1.75828,1.75269,1.75578,11041,12,0,0.0,0.0,0.0,0.0,0.0,0.0,0.0,0.0,0.0,0.0,0.00045584565066270066
2025-05-27 04:00:00,1.75578,1.7596699999999998,1.75568,1.75815,18397,12,0,0.0,0.0,0.0,0.0,0.0,0.0,0.0,0.0,0.0,0.0,0.0013498274271264155
2025-05-27 08:00:00,1.75815,1.76034,1.7550599999999998,1.75968,34088,12,0,0.0,0.0,0.0,0.0,0.0,0.0,0.0,0.0,0.0,0.0,0.0008702329152801003
2025-05-27 12:00:00,1.75966,1.76271,1.75831,1.76076,27857,12,0,0.0,0.0,0.0,0.0,0.0,0.0,0.0,0.0,0.0,0.0,0.0006137479541736823
2025-05-27 16:00:00,1.76076,1.7623799999999998,1.75807,1.75876,31257,12,0,0.0,0.0,0.0,0.0,0.0,0.0,0.0,0.0,0.0,0.0,-0.001135873145687083
2025-05-27 20:00:00,1.75876,1.7599200000000002,1.75783,1.75823,13995,12,0,0.0,0.0,0.0,0.0,0.0,0.0,0.0,0.0,0.0,0.0,-0.0003013486774774421
2025-05-28 00:00:00,1.75681,1.75887,1.75679,1.75756,9841,12,0,0.0,0.0,0.0,0.0,0.0,0.0,0.0,0.0,0.0,0.0,-0.00038106504837243094
2025-05-28 04:00:00,1.75756,1.76104,1.75444,1.7593,26270,12,0,0.0,0.0,0.0,0.0,0.0,0.0,0.0,0.0,0.0,0.0,0.0009900088759415837
2025-05-28 08:00:00,1.7593,1.75969,1.75572,1.75767,27256,12,0,0.0,0.0,0.0,0.0,0.0,0.0,0.0,0.0,0.0,0.0,-0.0009265048598874337
2025-05-28 12:00:00,1.75767,1.76191,1.75745,1.76135,25557,12,0,0.0,0.0,0.0,0.0,0.0,0.0,0.0,0.0,0.0,0.0,0.0020936808388376527
2025-05-28 16:00:00,1.76135,1.7637,1.75819,1.7585,37203,12,0,0.0,0.0,0.0,0.0,0.0,0.0,0.0,0.0,0.0,0.0,-0.0016180770431770686
2025-05-28 20:00:00,1.75853,1.75863,1.7563,1.7567,17571,12,0,0.0,0.0,0.0,0.0,0.0,0.0,0.0,0.0,0.0,0.0,-0.0010235996588001672
2025-05-29 00:00:00,1.756,1.75832,1.74733,1.74978,27435,12,0,0.0,0.0,0.0,0.0,0.0,0.0,0.0,0.0,0.0,0.0,-0.003939204189673862
2025-05-29 04:00:00,1.74978,1.75465,1.7488,1.7491,28086,12,0,0.0,0.0,0.0,0.0,0.0,0.0,0.0,0.0,0.0,0.0,-0.00038862028369268664
2025-05-29 08:00:00,1.7491,1.75339,1.7480099999999998,1.7511,31265,12,0,0.0,0.0,0.0,0.0,0.0,0.0,0.0,0.0,0.0,0.0,0.0011434452003886708
2025-05-29 12:00:00,1.7511,1.75802,1.74972,1.75783,31136,12,0,0.0,0.0,0.0,0.0,0.0,0.0,0.0,0.0,0.0,0.0,0.0038432984980869556
2025-05-29 16:00:00,1.75783,1.76537,1.75709,1.76336,40365,12,0,0.0,0.0,0.0,0.0,0.0,0.0,0.0,0.0,0.0,0.0,0.003145924236132025
2025-05-29 20:00:00,1.76337,1.76488,1.76262,1.76411,16062,12,0,0.0,0.0,0.0,0.0,0.0,0.0,0.0,0.0,0.0,0.0,0.0004253243807277318
2025-05-30 00:00:00,1.76286,1.76677,1.76176,1.76407,16080,12,0,0.0,0.0,0.0,0.0,0.0,0.0,0.0,0.0,0.0,0.0,-2.2674323029714394e-05
2025-05-30 04:00:00,1.76407,1.7687,1.76315,1.76444,24411,12,0,0.0,0.0,0.0,0.0,0.0,0.0,0.0,0.0,0.0,0.0,0.00020974224378855766
2025-05-30 08:00:00,1.76444,1.76828,1.76191,1.76518,28240,12,0,0.0,0.0,0.0,0.0,0.0,0.0,0.0,0.0,0.0,0.0,0.0004193965224092988
2025-05-30 12:00:00,1.76518,1.76983,1.76305,1.76655,30134,12,0,0.0,0.0,0.0,0.0,0.0,0.0,0.0,0.0,0.0,0.0,0.0007761248144666499
2025-05-30 16:00:00,1.76655,1.76735,1.76167,1.76656,44758,12,0,0.0,0.0,0.0,0.0,0.0,0.0,0.0,0.0,0.0,0.0,5.660751181579826e-06
2025-05-30 20:00:00,1.76656,1.76681,1.76113,1.76348,19682,12,0,0.0,0.0,0.0,0.0,0.0,0.0,0.0,0.0,0.0,0.0,-0.001743501494429811
2025-06-02 00:00:00,1.76183,1.76422,1.76042,1.76079,14613,12,0,0.0,0.0,0.0,0.0,0.0,0.0,0.0,0.0,0.0,0.0,-0.0015253929729851512
2025-06-02 04:00:00,1.76079,1.76205,1.75803,1.7605300000000002,20786,12,0,0.0,0.0,0.0,0.0,0.0,0.0,0.0,0.0,0.0,0.0,-0.0001476609930769479
2025-06-02 08:00:00,1.7605300000000002,1.76313,1.76011,1.76292,29528,12,0,0.0,0.0,0.0,0.0,0.0,0.0,0.0,0.0,0.0,0.0,0.0013575457390671009
2025-06-02 12:00:00,1.7629,1.76417,1.75975,1.75981,26974,12,0,0.0,0.0,0.0,0.0,0.0,0.0,0.0,0.0,0.0,0.0,-0.0017641186213781523
2025-06-02 16:00:00,1.75981,1.7654800000000002,1.75899,1.76038,36614,12,0,0.0,0.0,0.0,0.0,0.0,0.0,0.0,0.0,0.0,0.0,0.00032389860269010917
2025-06-02 20:00:00,1.76038,1.76246,1.76002,1.76129,14611,12,0,0.0,0.0,0.0,0.0,0.0,0.0,0.0,0.0,0.0,0.0,0.0005169338438291149
2025-06-03 00:00:00,1.75975,1.76407,1.75957,1.76228,11601,12,0,0.0,0.0,0.0,0.0,0.0,0.0,0.0,0.0,0.0,0.0,0.0005620880150345453
2025-06-03 04:00:00,1.76228,1.76722,1.76136,1.7667199999999998,23112,12,0,0.0,0.0,0.0,0.0,0.0,0.0,0.0,0.0,0.0,0.0,0.002519463422384405
2025-06-03 08:00:00,1.7667199999999998,1.77076,1.76595,1.76768,28705,12,0,0.0,0.0,0.0,0.0,0.0,0.0,0.0,0.0,0.0,0.0,0.0005433798224958597
2025-06-03 12:00:00,1.76766,1.76799,1.76293,1.76398,25817,12,0,0.0,0.0,0.0,0.0,0.0,0.0,0.0,0.0,0.0,0.0,-0.002093139029688551
2025-06-03 16:00:00,1.76398,1.76442,1.75966,1.76058,32585,12,0,0.0,0.0,0.0,0.0,0.0,0.0,0.0,0.0,0.0,0.0,-0.0019274594950056123
2025-06-03 20:00:00,1.76058,1.76079,1.75838,1.75941,11287,12,0,0.0,0.0,0.0,0.0,0.0,0.0,0.0,0.0,0.0,0.0,-0.0006645537266128931
2025-06-04 00:00:00,1.75885,1.76253,1.75777,1.76175,11331,12,0,0.0,0.0,0.0,0.0,0.0,0.0,0.0,0.0,0.0,0.0,0.0013299913039030997
2025-06-04 04:00:00,1.76175,1.76399,1.75704,1.76049,23047,12,0,0.0,0.0,0.0,0.0,0.0,0.0,0.0,0.0,0.0,0.0,-0.0007151979565771516
2025-06-04 08:00:00,1.76049,1.76248,1.75878,1.76054,26269,12,0,0.0,0.0,0.0,0.0,0.0,0.0,0.0,0.0,0.0,0.0,2.840118376123968e-05
2025-06-04 12:00:00,1.76054,1.76064,1.75428,1.7572299999999998,26939,12,0,0.0,0.0,0.0,0.0,0.0,0.0,0.0,0.0,0.0,0.0,-0.0018801049677940052
2025-06-04 16:00:00,1.75725,1.76066,1.75519,1.75794,34361,12,0,0.0,0.0,0.0,0.0,0.0,0.0,0.0,0.0,0.0,0.0,0.00040404500264634713
2025-06-04 20:00:00,1.75794,1.75907,1.75682,1.7586,12959,12,0,0.0,0.0,0.0,0.0,0.0,0.0,0.0,0.0,0.0,0.0,0.00037543943479301234
2025-06-05 00:00:00,1.75713,1.76012,1.75651,1.75795,11359,12,0,0.0,0.0,0.0,0.0,0.0,0.0,0.0,0.0,0.0,0.0,-0.0003696121915159889
2025-06-05 04:00:00,1.75795,1.75949,1.75622,1.75738,21444,12,0,0.0,0.0,0.0,0.0,0.0,0.0,0.0,0.0,0.0,0.0,-0.0003242413037912728
2025-06-05 08:00:00,1.75738,1.75849,1.75433,1.75451,22387,12,0,0.0,0.0,0.0,0.0,0.0,0.0,0.0,0.0,0.0,0.0,-0.001633112929474545
2025-06-05 12:00:00,1.75451,1.7566000000000002,1.75229,1.7536,28927,12,0,0.0,0.0,0.0,0.0,0.0,0.0,0.0,0.0,0.0,0.0,-0.0005186633305025445
2025-06-05 16:00:00,1.75359,1.7605300000000002,1.75241,1.75746,47522,12,0,0.0,0.0,0.0,0.0,0.0,0.0,0.0,0.0,0.0,0.0,0.0022011861313868675
2025-06-05 20:00:00,1.75745,1.75923,1.7550400000000002,1.7591,17903,12,0,0.0,0.0,0.0,0.0,0.0,0.0,0.0,0.0,0.0,0.0,0.0009331649084474147
2025-06-06 00:00:00,1.75736,1.76021,1.7568899999999998,1.75892,11253,12,0,0.0,0.0,0.0,0.0,0.0,0.0,0.0,0.0,0.0,0.0,-0.00010232505258378488
2025-06-06 04:00:00,1.75892,1.76134,1.75792,1.75898,18671,12,0,0.0,0.0,0.0,0.0,0.0,0.0,0.0,0.0,0.0,0.0,3.411184135715395e-05
2025-06-06 08:00:00,1.75898,1.76092,1.75691,1.75893,23421,12,0,0.0,0.0,0.0,0.0,0.0,0.0,0.0,0.0,0.0,0.0,-2.842556481585934e-05
2025-06-06 12:00:00,1.75895,1.75987,1.75405,1.75536,27990,12,0,0.0,0.0,0.0,0.0,0.0,0.0,0.0,0.0,0.0,0.0,-0.002029643021609795
2025-06-06 16:00:00,1.75536,1.75686,1.7538200000000002,1.75495,43794,12,0,0.0,0.0,0.0,0.0,0.0,0.0,0.0,0.0,0.0,0.0,-0.00023357032175741477
2025-06-06 20:00:00,1.75495,1.75536,1.7534,1.75487,15353,12,0,0.0,0.0,0.0,0.0,0.0,0.0,0.0,0.0,0.0,0.0,-4.5585344311871445e-05
2025-06-09 00:00:00,1.75583,1.75584,1.7523,1.75317,10149,0,0,0.0,0.0,0.0,0.0,0.0,0.0,0.0,0.0,0.0,0.0,-0.0009687327266407753
2025-06-09 04:00:00,1.75317,1.75435,1.75192,1.75276,17356,12,0,0.0,0.0,0.0,0.0,0.0,0.0,0.0,0.0,0.0,0.0,-0.00023386208981435175
2025-06-09 08:00:00,1.75276,1.75439,1.74919,1.75086,20426,12,0,0.0,0.0,0.0,0.0,0.0,0.0,0.0,0.0,0.0,0.0,-0.0010840046555147254
2025-06-09 12:00:00,1.75084,1.75182,1.74939,1.75044,20417,12,0,0.0,0.0,0.0,0.0,0.0,0.0,0.0,0.0,0.0,0.0,-0.00023988211507497414
2025-06-09 16:00:00,1.75044,1.75164,1.74915,1.75153,25020,12,0,0.0,0.0,0.0,0.0,0.0,0.0,0.0,0.0,0.0,0.0,0.0006227005781402895
2025-06-09 20:00:00,1.75153,1.75303,1.75093,1.75246,11668,12,0,0.0,0.0,0.0,0.0,0.0,0.0,0.0,0.0,0.0,0.0,0.0005309643568764955
2025-06-10 00:00:00,1.75129,1.75364,1.75121,1.75276,9678,12,0,0.0,0.0,0.0,0.0,0.0,0.0,0.0,0.0,0.0,0.0,0.00017118793010983957
2025-06-10 04:00:00,1.75276,1.75278,1.74614,1.74809,21904,12,0,0.0,0.0,0.0,0.0,0.0,0.0,0.0,0.0,0.0,0.0,-0.002664369337502137
2025-06-10 08:00:00,1.74806,1.7550599999999998,1.74739,1.75112,34533,12,0,0.0,0.0,0.0,0.0,0.0,0.0,0.0,0.0,0.0,0.0,0.001733320366800406
2025-06-10 12:00:00,1.75112,1.75448,1.75092,1.75431,24996,12,0,0.0,0.0,0.0,0.0,0.0,0.0,0.0,0.0,0.0,0.0,0.0018216912604505087
2025-06-10 16:00:00,1.7543,1.7543,1.74975,1.75171,28014,12,0,0.0,0.0,0.0,0.0,0.0,0.0,0.0,0.0,0.0,0.0,-0.0014820641733787054
2025-06-10 20:00:00,1.75171,1.7528899999999998,1.75093,1.75161,13584,12,0,0.0,0.0,0.0,0.0,0.0,0.0,0.0,0.0,0.0,0.0,-5.7087074915473934e-05
2025-06-11 00:00:00,1.74996,1.75392,1.74975,1.75326,14666,12,0,0.0,0.0,0.0,0.0,0.0,0.0,0.0,0.0,0.0,0.0,0.0009419905115866101
2025-06-11 04:00:00,1.75326,1.75639,1.75164,1.75315,18677,12,0,0.0,0.0,0.0,0.0,0.0,0.0,0.0,0.0,0.0,0.0,-6.274026670316513e-05
2025-06-11 08:00:00,1.75315,1.75667,1.75118,1.75581,21951,12,0,0.0,0.0,0.0,0.0,0.0,0.0,0.0,0.0,0.0,0.0,0.0015172689159512753
2025-06-11 12:00:00,1.75582,1.75899,1.75351,1.75529,31382,12,0,0.0,0.0,0.0,0.0,0.0,0.0,0.0,0.0,0.0,0.0,-0.00029615960724682644
2025-06-11 16:00:00,1.75531,1.76302,1.75494,1.76156,34714,12,0,0.0,0.0,0.0,0.0,0.0,0.0,0.0,0.0,0.0,0.0,0.0035720593178334425
2025-06-11 20:00:00,1.76156,1.76783,1.76049,1.76702,20180,12,0,0.0,0.0,0.0,0.0,0.0,0.0,0.0,0.0,0.0,0.0,0.00309952542064984
2025-06-12 00:00:00,1.7658,1.77197,1.76511,1.77153,14632,12,0,0.0,0.0,0.0,0.0,0.0,0.0,0.0,0.0,0.0,0.0,0.002552319724734353
2025-06-12 04:00:00,1.77153,1.77651,1.77018,1.77305,24153,12,0,0.0,0.0,0.0,0.0,0.0,0.0,0.0,0.0,0.0,0.0,0.0008580153878285923
2025-06-12 08:00:00,1.77305,1.77884,1.77088,1.77551,31316,12,0,0.0,0.0,0.0,0.0,0.0,0.0,0.0,0.0,0.0,0.0,0.001387439722511985
2025-06-12 12:00:00,1.77552,1.7832599999999998,1.7752599999999998,1.7788,39717,12,0,0.0,0.0,0.0,0.0,0.0,0.0,0.0,0.0,0.0,0.0,0.0018529887187344052
2025-06-12 16:00:00,1.7788,1.77986,1.77249,1.77338,37480,12,0,0.0,0.0,0.0,0.0,0.0,0.0,0.0,0.0,0.0,0.0,-0.003046997976163701
2025-06-12 20:00:00,1.77338,1.77448,1.77241,1.77342,14313,12,0,0.0,0.0,0.0,0.0,0.0,0.0,0.0,0.0,0.0,0.0,2.2555797403844835e-05
2025-06-13 00:00:00,1.77215,1.78542,1.77215,1.78454,19023,12,0,0.0,0.0,0.0,0.0,0.0,0.0,0.0,0.0,0.0,0.0,0.0062703702450632726
2025-06-13 04:00:00,1.78454,1.78827,1.77848,1.7813,41243,12,0,0.0,0.0,0.0,0.0,0.0,0.0,0.0,0.0,0.0,0.0,-0.0018155939345713135
2025-06-13 08:00:00,1.7813,1.784,1.77617,1.77647,40051,12,0,0.0,0.0,0.0,0.0,0.0,0.0,0.0,0.0,0.0,0.0,-0.002711502835008206
2025-06-13 12:00:00,1.77647,1.7798500000000002,1.77493,1.77742,35433,12,0,0.0,0.0,0.0,0.0,0.0,0.0,0.0,0.0,0.0,0.0,0.0005347683889962429
2025-06-13 16:00:00,1.77742,1.779,1.77356,1.77395,35921,12,0,0.0,0.0,0.0,0.0,0.0,0.0,0.0,0.0,0.0,0.0,-0.0019522678939136728
2025-06-13 20:00:00,1.77392,1.78013,1.77365,1.77917,23710,12,0,0.0,0.0,0.0,0.0,0.0,0.0,0.0,0.0,0.0,0.0,0.0029425857549536527
2025-06-16 00:00:00,1.77521,1.7792599999999998,1.77516,1.7770899999999998,25820,12,0,0.0,0.0,0.0,0.0,0.0,0.0,0.0,0.0,0.0,0.0,-0.0011690844607317175
2025-06-16 04:00:00,1.77702,1.7823099999999998,1.77697,1.77991,26375,12,0,0.0,0.0,0.0,0.0,0.0,0.0,0.0,0.0,0.0,0.0,0.001586863917978354
2025-06-16 08:00:00,1.77992,1.7802099999999998,1.77748,1.77778,31053,12,0,0.0,0.0,0.0,0.0,0.0,0.0,0.0,0.0,0.0,0.0,-0.0011966897202668747
2025-06-16 12:00:00,1.77778,1.77888,1.77306,1.77464,24947,12,0,0.0,0.0,0.0,0.0,0.0,0.0,0.0,0.0,0.0,0.0,-0.0017662477921902564
2025-06-16 16:00:00,1.77464,1.77684,1.7688199999999998,1.76969,35798,12,0,0.0,0.0,0.0,0.0,0.0,0.0,0.0,0.0,0.0,0.0,-0.0027892981111662385
2025-06-16 20:00:00,1.76969,1.7723,1.76901,1.77197,16294,12,0,0.0,0.0,0.0,0.0,0.0,0.0,0.0,0.0,0.0,0.0,0.0012883612384089194
2025-06-17 00:00:00,1.77023,1.77567,1.77013,1.77311,19368,12,0,0.0,0.0,0.0,0.0,0.0,0.0,0.0,0.0,0.0,0.0,0.0006433517497475005
2025-06-17 04:00:00,1.77311,1.77472,1.7687,1.76905,25479,12,0,0.0,0.0,0.0,0.0,0.0,0.0,0.0,0.0,0.0,0.0,-0.0022897620564995558
2025-06-17 08:00:00,1.76905,1.77016,1.7663,1.768,28077,12,0,0.0,0.0,0.0,0.0,0.0,0.0,0.0,0.0,0.0,0.0,-0.0005935389050620854
2025-06-17 12:00:00,1.76803,1.77206,1.76662,1.7709,27334,12,0,0.0,0.0,0.0,0.0,0.0,0.0,0.0,0.0,0.0,0.0,0.0016402714932126639
2025-06-17 16:00:00,1.7709,1.77225,1.76783,1.77134,39137,12,0,0.0,0.0,0.0,0.0,0.0,0.0,0.0,0.0,0.0,0.0,0.00024846123440047663
2025-06-17 20:00:00,1.7713299999999998,1.77513,1.7702,1.7726,26658,12,0,0.0,0.0,0.0,0.0,0.0,0.0,0.0,0.0,0.0,0.0,0.000711325888875125
2025-06-18 00:00:00,1.77074,1.77418,1.77006,1.77273,14813,12,0,0.0,0.0,0.0,0.0,0.0,0.0,0.0,0.0,0.0,0.0,7.333859866864856e-05
2025-06-18 04:00:00,1.77273,1.77363,1.76872,1.76898,21504,12,0,0.0,0.0,0.0,0.0,0.0,0.0,0.0,0.0,0.0,0.0,-0.0021153813609516847
2025-06-18 08:00:00,1.76898,1.77235,1.76771,1.77007,25601,12,0,0.0,0.0,0.0,0.0,0.0,0.0,0.0,0.0,0.0,0.0,0.0006161742925301361
2025-06-18 12:00:00,1.7701,1.77169,1.76929,1.77023,25092,12,0,0.0,0.0,0.0,0.0,0.0,0.0,0.0,0.0,0.0,0.0,9.039190540494069e-05
2025-06-18 16:00:00,1.77023,1.7706499999999998,1.76482,1.76564,36781,12,0,0.0,0.0,0.0,0.0,0.0,0.0,0.0,0.0,0.0,0.0,-0.0025928834106301313
2025-06-18 20:00:00,1.76564,1.76629,1.76309,1.76412,39312,12,0,0.0,0.0,0.0,0.0,0.0,0.0,0.0,0.0,0.0,0.0,-0.0008608776421015207
2025-06-19 00:00:00,1.76244,1.76715,1.76226,1.7668,14568,12,0,0.0,0.0,0.0,0.0,0.0,0.0,0.0,0.0,0.0,0.0,0.0015191710314490514
2025-06-19 04:00:00,1.7668,1.77028,1.7647,1.76745,25633,12,0,0.0,0.0,0.0,0.0,0.0,0.0,0.0,0.0,0.0,0.0,0.00036789676250847947
2025-06-19 08:00:00,1.76745,1.774,1.76725,1.77236,31660,12,0,0.0,0.0,0.0,0.0,0.0,0.0,0.0,0.0,0.0,0.0,0.002778013522306111
2025-06-19 12:00:00,1.77236,1.77673,1.77164,1.77597,25564,12,0,0.0,0.0,0.0,0.0,0.0,0.0,0.0,0.0,0.0,0.0,0.0020368322462704924
2025-06-19 16:00:00,1.77597,1.7789,1.77437,1.77545,24180,12,0,0.0,0.0,0.0,0.0,0.0,0.0,0.0,0.0,0.0,0.0,-0.000292797738700612
2025-06-19 20:00:00,1.77545,1.77548,1.77356,1.77383,9540,12,0,0.0,0.0,0.0,0.0,0.0,0.0,0.0,0.0,0.0,0.0,-0.0009124447323213269
2025-06-20 00:00:00,1.77393,1.77644,1.77294,1.7762,13776,12,0,0.0,0.0,0.0,0.0,0.0,0.0,0.0,0.0,0.0,0.0,0.0013360919592069198
2025-06-20 04:00:00,1.7762,1.77886,1.77471,1.77547,21685,12,0,0.0,0.0,0.0,0.0,0.0,0.0,0.0,0.0,0.0,0.0,-0.0004109897534061435
2025-06-20 08:00:00,1.77547,1.77856,1.7746300000000002,1.77599,25291,12,0,0.0,0.0,0.0,0.0,0.0,0.0,0.0,0.0,0.0,0.0,0.00029288019510320673
2025-06-20 12:00:00,1.776,1.7769,1.7728199999999998,1.77397,24461,12,0,0.0,0.0,0.0,0.0,0.0,0.0,0.0,0.0,0.0,0.0,-0.0011373937916316912
2025-06-20 16:00:00,1.77394,1.78616,1.77376,1.78603,35689,12,0,0.0,0.0,0.0,0.0,0.0,0.0,0.0,0.0,0.0,0.0,0.006798311132657275
2025-06-20 20:00:00,1.7860399999999998,1.78804,1.7850899999999998,1.78619,17962,12,0,0.0,0.0,0.0,0.0,0.0,0.0,0.0,0.0,0.0,0.0,8.958416152027304e-05
2025-06-23 00:00:00,1.78067,1.78879,1.78038,1.78495,20943,12,0,0.0,0.0,0.0,0.0,0.0,0.0,0.0,0.0,0.0,0.0,-0.0006942150611076725
2025-06-23 04:00:00,1.78495,1.79624,1.78357,1.79401,29740,12,0,0.0,0.0,0.0,0.0,0.0,0.0,0.0,0.0,0.0,0.0,0.005075772430600312
2025-06-23 08:00:00,1.79401,1.7970000000000002,1.78891,1.79329,33676,12,0,0.0,0.0,0.0,0.0,0.0,0.0,0.0,0.0,0.0,0.0,-0.0004013355555432252
2025-06-23 12:00:00,1.79329,1.79906,1.79234,1.79426,34233,12,0,0.0,0.0,0.0,0.0,0.0,0.0,0.0,0.0,0.0,0.0,0.0005409052635101386
2025-06-23 16:00:00,1.79426,1.79825,1.7922,1.79778,48130,12,0,0.0,0.0,0.0,0.0,0.0,0.0,0.0,0.0,0.0,0.0,0.001961811554624271
2025-06-23 20:00:00,1.79777,1.79832,1.79166,1.79239,26038,12,0,0.0,0.0,0.0,0.0,0.0,0.0,0.0,0.0,0.0,0.0,-0.002998142153099903
2025-06-24 00:00:00,1.79125,1.79288,1.78866,1.78986,22517,12,0,0.0,0.0,0.0,0.0,0.0,0.0,0.0,0.0,0.0,0.0,-0.0014115231618118118
2025-06-24 04:00:00,1.78986,1.79078,1.78636,1.7866300000000002,25297,12,0,0.0,0.0,0.0,0.0,0.0,0.0,0.0,0.0,0.0,0.0,-0.0018046104164570753
2025-06-24 08:00:00,1.7866300000000002,1.78776,1.78192,1.78259,37830,12,0,0.0,0.0,0.0,0.0,0.0,0.0,0.0,0.0,0.0,0.0,-0.002261240435904588
2025-06-24 12:00:00,1.78259,1.78481,1.78112,1.78369,26708,12,0,0.0,0.0,0.0,0.0,0.0,0.0,0.0,0.0,0.0,0.0,0.0006170796425426506
2025-06-24 16:00:00,1.78369,1.78734,1.78281,1.78671,39959,12,0,0.0,0.0,0.0,0.0,0.0,0.0,0.0,0.0,0.0,0.0,0.0016931193200613315
2025-06-24 20:00:00,1.78671,1.78923,1.78608,1.78881,15943,12,0,0.0,0.0,0.0,0.0,0.0,0.0,0.0,0.0,0.0,0.0,0.0011753446278355284
2025-06-25 00:00:00,1.78691,1.79004,1.78673,1.78891,11767,12,0,0.0,0.0,0.0,0.0,0.0,0.0,0.0,0.0,0.0,0.0,5.5903086409347935e-05
2025-06-25 04:00:00,1.78891,1.79019,1.78556,1.78687,21981,12,0,0.0,0.0,0.0,0.0,0.0,0.0,0.0,0.0,0.0,0.0,-0.0011403592131521423
2025-06-25 08:00:00,1.78687,1.78854,1.78369,1.78683,25868,12,0,0.0,0.0,0.0,0.0,0.0,0.0,0.0,0.0,0.0,0.0,-2.238551209654549e-05
2025-06-25 12:00:00,1.78683,1.78795,1.78511,1.78574,22083,12,0,0.0,0.0,0.0,0.0,0.0,0.0,0.0,0.0,0.0,0.0,-0.000610018860216055
2025-06-25 16:00:00,1.78574,1.79145,1.78539,1.7886,28607,12,0,0.0,0.0,0.0,0.0,0.0,0.0,0.0,0.0,0.0,0.0,0.0016015769372921262
2025-06-25 20:00:00,1.7886,1.79139,1.78849,1.79008,17767,12,0,0.0,0.0,0.0,0.0,0.0,0.0,0.0,0.0,0.0,0.0,0.000827462820082614
2025-06-26 00:00:00,1.78825,1.79199,1.78809,1.79169,12126,12,0,0.0,0.0,0.0,0.0,0.0,0.0,0.0,0.0,0.0,0.0,0.0008994011440830452
2025-06-26 04:00:00,1.79169,1.79345,1.78948,1.79059,23208,12,0,0.0,0.0,0.0,0.0,0.0,0.0,0.0,0.0,0.0,0.0,-0.0006139454928029142
2025-06-26 08:00:00,1.7906,1.79315,1.78839,1.7919,32152,12,0,0.0,0.0,0.0,0.0,0.0,0.0,0.0,0.0,0.0,0.0,0.0007316024327177484
2025-06-26 12:00:00,1.7919,1.79422,1.78891,1.78967,32931,12,0,0.0,0.0,0.0,0.0,0.0,0.0,0.0,0.0,0.0,0.0,-0.0012444890897929106
2025-06-26 16:00:00,1.78967,1.79096,1.78588,1.78923,38828,12,0,0.0,0.0,0.0,0.0,0.0,0.0,0.0,0.0,0.0,0.0,-0.0002458553811596209
2025-06-26 20:00:00,1.78924,1.78924,1.78648,1.78738,18199,12,0,0.0,0.0,0.0,0.0,0.0,0.0,0.0,0.0,0.0,0.0,-0.0010339643310250946
2025-06-27 00:00:00,1.7853599999999998,1.78804,1.78361,1.78377,12989,12,0,0.0,0.0,0.0,0.0,1.0,1.0,0.0,0.0,0.0,0.10206207261596575,-0.0020197160089068245
2025-06-27 04:00:00,1.78376,1.7869199999999998,1.7833,1.78605,20688,12,0,0.0,0.0,0.0,0.0,1.0,1.0,0.0,0.0,0.0,0.14357588616379596,0.0012781916951174477
2025-06-27 08:00:00,1.78605,1.7896999999999998,1.78525,1.78736,25559,12,0,0.0,0.0,0.0,0.0,1.0,1.0,0.0,0.0,0.0,0.17490598978639324,0.0007334621091235061
2025-06-27 12:00:00,1.78735,1.79502,1.78718,1.79472,26457,12,0,0.0,0.0,0.0,0.0,1.0,1.0,0.0,0.0,0.0,0.20087527770480482,0.004117805030883659
2025-06-27 16:00:00,1.79472,1.79738,1.79288,1.79376,35921,12,0,0.0,0.0,0.0,0.0,1.0,1.0,0.0,0.0,0.0,0.2233614802896708,-0.0005349023803156161
2025-06-27 20:00:00,1.79376,1.79629,1.79261,1.79376,26104,12,0,0.0,0.0,0.0,0.0,1.0,1.0,0.0,0.0,0.0,0.2433321316961438,0.0
2025-06-30 00:00:00,1.79304,1.7961200000000002,1.79231,1.7944,14020,12,0,0.0,0.0,0.0,0.0,0.0,0.0,0.0,0.0,0.0,0.2433321316961438,0.0003567924360003971
2025-06-30 04:00:00,1.7944,1.79503,1.79201,1.79268,21418,12,0,0.0,0.0,0.0,0.0,0.0,0.0,0.0,0.0,0.0,0.2433321316961438,-0.0009585376727596628
2025-06-30 08:00:00,1.79268,1.79593,1.78987,1.79404,28466,12,0,0.0,0.0,0.0,0.0,0.0,0.0,0.0,0.0,0.0,0.2433321316961438,0.0007586406943793644
2025-06-30 12:00:00,1.79406,1.79642,1.7927,1.79327,21570,12,0,0.0,0.0,0.0,0.0,0.0,0.0,0.0,0.0,0.0,0.2433321316961438,-0.00042919890303461106
2025-06-30 16:00:00,1.79327,1.79375,1.78932,1.78962,34173,12,0,0.0,0.0,0.0,0.0,0.0,0.0,0.0,0.0,0.0,0.2433321316961438,-0.002035387866857752
2025-06-30 20:00:00,1.78962,1.7911,1.78931,1.79107,18661,12,0,0.0,0.0,0.0,0.0,0.0,0.0,0.0,0.0,0.0,0.2433321316961438,0.000810227869603608
2025-07-01 00:00:00,1.78947,1.79406,1.78928,1.79403,11808,12,0,0.0,0.0,0.0,0.0,1.0,1.0,0.0,0.0,0.0,0.26136450315368365,0.001652643391939046
2025-07-01 04:00:00,1.79403,1.79737,1.79292,1.79316,18484,12,0,0.0,0.0,0.0,0.0,1.0,1.0,0.0,0.0,0.0,0.27783625115549687,-0.00048494172338253705
2025-07-01 08:00:00,1.79316,1.7933400000000002,1.7885,1.79196,25664,12,0,0.0,0.0,0.0,0.0,1.0,1.0,0.0,0.0,0.0,0.2930106877878258,-0.000669209663387571
2025-07-01 12:00:00,1.79195,1.7961,1.79181,1.79563,26580,12,0,0.0,0.0,0.0,0.0,1.0,1.0,0.0,0.0,0.0,0.3070801941090227,0.002048036786535423
2025-07-01 16:00:00,1.79563,1.79631,1.7905799999999998,1.79147,38129,12,0,0.0,0.0,0.0,0.0,1.0,1.0,0.0,0.0,0.0,0.320190458671962,-0.0023167356303916975
2025-07-01 20:00:00,1.79147,1.79378,1.79139,1.79325,15458,12,0,0.0,0.0,0.0,0.0,1.0,1.0,0.0,0.0,0.0,0.33245498310218435,0.0009935974367418776
2025-07-02 00:00:00,1.79283,1.79435,1.79238,1.79387,10084,12,0,0.0,0.0,0.0,0.0,0.0,0.0,0.0,0.0,0.0,0.33245498310218435,0.000345740973093589
2025-07-02 04:00:00,1.79387,1.7961200000000002,1.792,1.79253,17371,12,0,0.0,0.0,0.0,0.0,0.0,0.0,0.0,0.0,0.0,0.33245498310218435,-0.0007469883547860379
2025-07-02 08:00:00,1.79253,1.79482,1.79154,1.79396,22974,12,0,0.0,0.0,0.0,0.0,0.0,0.0,0.0,0.0,0.0,0.33245498310218435,0.0007977551282265516
2025-07-02 12:00:00,1.79396,1.79647,1.79121,1.7945600000000002,30168,12,0,0.0,0.0,0.0,0.0,0.0,0.0,0.0,0.0,0.0,0.33245498310218435,0.000334455617739593
2025-07-02 16:00:00,1.7945600000000002,1.79649,1.79207,1.79313,36190,12,0,0.0,0.0,0.0,0.0,0.0,0.0,0.0,0.0,0.0,0.33245498310218435,-0.0007968527104138534
2025-07-02 20:00:00,1.79313,1.79372,1.79065,1.79194,14975,12,0,0.0,0.0,0.0,0.0,0.0,0.0,0.0,0.0,0.0,0.33245498310218435,-0.0006636440191173376
2025-07-03 00:00:00,1.79111,1.79508,1.79041,1.7942900000000002,9313,12,0,0.0,0.0,0.0,0.0,0.0,0.0,0.0,0.0,0.0,0.33245498310218435,0.001311427837985768
2025-07-03 04:00:00,1.7943,1.79648,1.79409,1.7943099999999998,14828,12,0,0.0,0.0,0.0,0.0,0.0,0.0,0.0,0.0,0.0,0.33245498310218435,1.1146470191292224e-05
2025-07-03 08:00:00,1.7943099999999998,1.79613,1.7927300000000002,1.79354,21329,12,0,0.0,0.0,0.0,0.0,0.0,0.0,0.0,0.0,0.0,0.33245498310218435,-0.00042913431904179067
2025-07-03 12:00:00,1.79356,1.79488,1.78935,1.79312,28140,12,0,0.0,0.0,0.0,0.0,0.0,0.0,0.0,0.0,0.0,0.33245498310218435,-0.00023417375692758036
2025-07-03 16:00:00,1.79312,1.79404,1.78748,1.78843,38769,12,0,0.0,0.0,0.0,0.0,0.0,0.0,0.0,0.0,0.0,0.33245498310218435,-0.002615552779512864
2025-07-03 20:00:00,1.78841,1.78937,1.78806,1.7890700000000002,9044,12,0,0.0,0.0,0.0,0.0,0.0,0.0,0.0,0.0,0.0,0.33245498310218435,0.00035785577294067394
2025-07-04 00:00:00,1.78831,1.79017,1.78799,1.78929,9627,12,0,0.0,0.0,0.0,0.0,0.0,0.0,0.0,0.0,0.0,0.33245498310218435,0.00012296891681140565
2025-07-04 04:00:00,1.78929,1.79411,1.78843,1.79258,16672,12,0,0.0,0.0,0.0,0.0,0.0,0.0,0.0,0.0,0.0,0.33245498310218435,0.001838718150774854
2025-07-04 08:00:00,1.79258,1.79729,1.7911899999999998,1.79524,23057,12,0,0.0,0.0,0.0,0.0,0.0,0.0,0.0,0.0,0.0,0.33245498310218435,0.001483894721574508
2025-07-04 12:00:00,1.79524,1.79642,1.79419,1.79608,20269,12,0,0.0,0.0,0.0,0.0,0.0,0.0,0.0,0.0,0.0,0.33245498310218435,0.0004679040128339196
2025-07-04 16:00:00,1.79607,1.7991700000000002,1.79564,1.79748,17096,12,0,0.0,0.0,0.0,0.0,0.0,0.0,0.0,0.0,0.0,0.33245498310218435,0.000779475301768251
2025-07-04 20:00:00,1.79748,1.79898,1.7954,1.79604,41973,12,0,0.0,0.0,0.0,0.0,0.0,0.0,0.0,0.0,0.0,0.33245498310218435,-0.0008011215701981822
2025-07-07 00:00:00,1.79373,1.80216,1.79373,1.8012,11460,12,0,0.0,0.0,0.0,0.0,0.0,0.0,0.0,0.0,0.0,0.33245498310218435,0.002872987238591529
2025-07-07 04:00:00,1.8012,1.80932,1.80103,1.80888,21428,12,0,0.0,0.0,0.0,0.0,0.0,0.0,0.0,0.0,0.0,0.33245498310218435,0.004263824117255233
2025-07-07 08:00:00,1.80888,1.80974,1.80439,1.80615,27231,12,0,0.0,0.0,0.0,0.0,0.0,0.0,0.0,0.0,0.0,0.33245498310218435,-0.0015092211755340923
2025-07-07 12:00:00,1.80615,1.80763,1.8023,1.80276,23013,12,0,0.0,0.0,0.0,0.0,0.0,0.0,0.0,0.0,0.0,0.33245498310218435,-0.0018769205215514173
2025-07-07 16:00:00,1.80276,1.80468,1.80061,1.80156,30141,12,0,0.0,0.0,0.0,0.0,0.0,0.0,0.0,0.0,0.0,0.33245498310218435,-0.00066564600945207
2025-07-07 20:00:00,1.80156,1.80424,1.80017,1.80387,21887,12,0,0.0,0.0,0.0,0.0,0.0,0.0,0.0,0.0,0.0,0.33245498310218435,0.001282222074202366
2025-07-08 00:00:00,1.80223,1.8058,1.80209,1.80307,12742,12,0,0.0,0.0,0.0,0.0,0.0,0.0,0.0,0.0,0.0,0.33245498310218435,-0.0004434909389258168
2025-07-08 04:00:00,1.80305,1.80425,1.79148,1.7952,20368,12,0,0.0,0.0,0.0,0.0,0.0,0.0,0.0,0.0,0.0,0.33245498310218435,-0.004364777851109558
2025-07-08 08:00:00,1.7952,1.79865,1.79289,1.79597,29330,12,0,0.0,0.0,0.0,0.0,0.0,0.0,0.0,0.0,0.0,0.33245498310218435,0.00042892156862750497
2025-07-08 12:00:00,1.79597,1.79683,1.79074,1.79148,23318,12,0,0.0,0.0,0.0,0.0,0.0,0.0,0.0,0.0,0.0,0.33245498310218435,-0.002500041760163052
2025-07-08 16:00:00,1.79147,1.79592,1.79139,1.79437,37173,12,0,0.0,0.0,0.0,0.0,0.0,0.0,0.0,0.0,0.0,0.33245498310218435,0.0016131913278407684
2025-07-08 20:00:00,1.79438,1.7965,1.79347,1.79557,21887,12,0,0.0,0.0,0.0,0.0,0.0,0.0,0.0,0.0,0.0,0.33245498310218435,0.0006687583943112418
2025-07-09 00:00:00,1.79437,1.79743,1.79345,1.79632,10331,12,0,0.0,0.0,0.0,0.0,0.0,0.0,0.0,0.0,0.0,0.33245498310218435,0.00041769465963437113
2025-07-09 04:00:00,1.79632,1.7978,1.7902900000000002,1.79194,21815,12,0,0.0,0.0,0.0,0.0,0.0,0.0,0.0,0.0,0.0,0.33245498310218435,-0.0024383183397166386
2025-07-09 08:00:00,1.79194,1.79554,1.78994,1.7936299999999998,27112,12,0,0.0,0.0,0.0,0.0,0.0,0.0,0.0,0.0,0.0,0.33245498310218435,0.0009431119345513217
2025-07-09 12:00:00,1.7936299999999998,1.79552,1.79206,1.79306,23059,12,0,0.0,0.0,0.0,0.0,0.0,0.0,0.0,0.0,0.0,0.33245498310218435,-0.0003177912947485151
2025-07-09 16:00:00,1.79306,1.79402,1.78946,1.79161,28316,12,0,0.0,0.0,0.0,0.0,0.0,0.0,0.0,0.0,0.0,0.33245498310218435,-0.0008086734409334939
2025-07-09 20:00:00,1.79161,1.7938,1.79022,1.79374,14670,12,0,0.0,0.0,0.0,0.0,0.0,0.0,0.0,0.0,0.0,0.33245498310218435,0.0011888748109243341
2025-07-10 00:00:00,1.79216,1.79653,1.79166,1.7945799999999998,9292,12,0,0.0,0.0,0.0,0.0,0.0,0.0,0.0,0.0,0.0,0.33245498310218435,0.0004682952936323481
2025-07-10 04:00:00,1.7945799999999998,1.79518,1.79163,1.79296,14522,12,0,0.0,0.0,0.0,0.0,0.0,0.0,0.0,0.0,0.0,0.33245498310218435,-0.0009027181847561794
2025-07-10 08:00:00,1.79296,1.79377,1.78784,1.78853,19420,12,0,0.0,0.0,0.0,0.0,0.0,0.0,0.0,0.0,0.0,0.33245498310218435,-0.0024707745850438556
2025-07-10 12:00:00,1.78853,1.78872,1.78552,1.78688,19222,12,0,0.0,0.0,0.0,0.0,0.0,0.0,0.0,0.0,0.0,0.33245498310218435,-0.0009225453305228282
2025-07-10 16:00:00,1.78688,1.78762,1.77698,1.7776,31588,12,0,0.0,0.0,0.0,0.0,0.0,0.0,0.0,0.0,0.0,0.33245498310218435,-0.005193409742120347
2025-07-10 20:00:00,1.77761,1.77787,1.77427,1.77563,14074,12,0,0.0,0.0,0.0,0.0,0.0,0.0,0.0,0.0,0.0,0.33245498310218435,-0.0011082358235823264
2025-07-11 00:00:00,1.77626,1.7801900000000002,1.7742,1.77766,16084,12,0,0.0,0.0,0.0,0.0,0.0,0.0,0.0,0.0,0.0,0.33245498310218435,0.0011432561963922172
2025-07-11 04:00:00,1.77769,1.77903,1.7719,1.77549,23823,12,0,0.0,0.0,0.0,0.0,0.0,0.0,0.0,0.0,0.0,0.33245498310218435,-0.0012207058717640384
2025-07-11 08:00:00,1.77549,1.77776,1.77292,1.77738,25530,12,0,0.0,0.0,0.0,0.0,0.0,0.0,0.0,0.0,0.0,0.33245498310218435,0.0010644948718381286
2025-07-11 12:00:00,1.77736,1.77833,1.77428,1.77643,24267,12,0,0.0,0.0,0.0,0.0,0.0,0.0,0.0,0.0,0.0,0.33245498310218435,-0.0005344945931652356
2025-07-11 16:00:00,1.77643,1.77966,1.77468,1.77698,32839,12,0,0.0,0.0,0.0,0.0,0.0,0.0,0.0,0.0,0.0,0.33245498310218435,0.0003096097228711958
2025-07-11 20:00:00,1.77698,1.77776,1.77581,1.77686,16025,12,0,0.0,0.0,0.0,0.0,0.0,0.0,0.0,0.0,0.0,0.33245498310218435,-6.753030422401718e-05
2025-07-14 00:00:00,1.77617,1.77823,1.77395,1.77664,13574,12,0,0.0,0.0,0.0,0.0,0.0,0.0,0.0,0.0,0.0,0.33245498310218435,-0.00012381391893567795
2025-07-14 04:00:00,1.77664,1.78209,1.77611,1.77913,18656,12,0,0.0,0.0,0.0,0.0,0.0,0.0,0.0,0.0,0.0,0.33245498310218435,0.0014015219740635132
2025-07-14 08:00:00,1.77913,1.7798,1.77654,1.77921,21766,12,0,0.0,0.0,0.0,0.0,0.0,0.0,0.0,0.0,0.0,0.33245498310218435,4.4965797889817694e-05
2025-07-14 12:00:00,1.77921,1.78219,1.77861,1.78182,18999,12,0,0.0,0.0,0.0,0.0,0.0,0.0,0.0,0.0,0.0,0.33245498310218435,0.0014669431938894029
2025-07-14 16:00:00,1.78181,1.78311,1.77974,1.78115,26568,12,0,0.0,0.0,0.0,0.0,0.0,0.0,0.0,0.0,0.0,0.33245498310218435,-0.0003760200244693479
2025-07-14 20:00:00,1.78115,1.78274,1.78072,1.78211,11624,12,0,0.0,0.0,0.0,0.0,0.0,0.0,0.0,0.0,0.0,0.33245498310218435,0.0005389776268140967
2025-07-15 00:00:00,1.78044,1.78306,1.77966,1.78224,9894,12,0,0.0,0.0,0.0,0.0,0.0,0.0,0.0,0.0,0.0,0.33245498310218435,7.294723670248082e-05
2025-07-15 04:00:00,1.78224,1.78476,1.78074,1.78413,16021,12,0,0.0,0.0,0.0,0.0,0.0,0.0,0.0,0.0,0.0,0.33245498310218435,0.0010604632372743783
2025-07-15 08:00:00,1.78413,1.7846,1.77871,1.77988,19304,12,0,0.0,0.0,0.0,0.0,0.0,0.0,0.0,0.0,0.0,0.33245498310218435,-0.0023821134110183495
2025-07-15 12:00:00,1.77988,1.7801,1.77496,1.77705,23159,12,0,0.0,0.0,0.0,0.0,0.0,0.0,0.0,0.0,0.0,0.33245498310218435,-0.001589994831112107
2025-07-15 16:00:00,1.77704,1.7829700000000002,1.77527,1.78138,41652,12,0,0.0,0.0,0.0,0.0,0.0,0.0,0.0,0.0,0.0,0.33245498310218435,0.002436622492332674
2025-07-15 20:00:00,1.78139,1.78162,1.77947,1.7810700000000002,14602,12,0,0.0,0.0,0.0,0.0,0.0,0.0,0.0,0.0,0.0,0.33245498310218435,-0.00017402238713792872
2025-07-16 00:00:00,1.77971,1.78178,1.77717,1.77848,9624,12,0,0.0,0.0,0.0,0.0,0.0,0.0,0.0,0.0,0.0,0.33245498310218435,-0.0014541820366409386
2025-07-16 04:00:00,1.77843,1.78098,1.77778,1.78038,14768,12,0,0.0,0.0,0.0,0.0,0.0,0.0,0.0,0.0,0.0,0.33245498310218435,0.0010683280104359927
2025-07-16 08:00:00,1.78038,1.78267,1.77946,1.78254,20482,12,0,0.0,0.0,0.0,0.0,0.0,0.0,0.0,0.0,0.0,0.33245498310218435,0.0012132241431603852
2025-07-16 12:00:00,1.78256,1.78314,1.7780399999999998,1.77935,23775,12,0,0.0,0.0,0.0,0.0,0.0,0.0,0.0,0.0,0.0,0.33245498310218435,-0.0017895811594690336
2025-07-16 16:00:00,1.77935,1.78983,1.77697,1.7835800000000002,57645,12,0,0.0,0.0,0.0,0.0,0.0,0.0,0.0,0.0,0.0,0.33245498310218435,0.0023772725995447885
2025-07-16 20:00:00,1.78356,1.78442,1.78189,1.78288,20513,12,0,0.0,0.0,0.0,0.0,0.0,0.0,0.0,0.0,0.0,0.33245498310218435,-0.00039246907904333383
2025-07-17 00:00:00,1.78165,1.78529,1.78119,1.78439,10745,12,0,0.0,0.0,0.0,0.0,0.0,0.0,0.0,0.0,0.0,0.33245498310218435,0.000846944269945249
2025-07-17 04:00:00,1.78439,1.7945799999999998,1.7824,1.79082,20601,12,0,0.0,0.0,0.0,0.0,0.0,0.0,0.0,0.0,0.0,0.33245498310218435,0.003603472335083735
2025-07-17 08:00:00,1.79082,1.79409,1.78868,1.79233,25756,12,0,0.0,0.0,0.0,0.0,0.0,0.0,0.0,0.0,0.0,0.33245498310218435,0.0008431891535720659
2025-07-17 12:00:00,1.79233,1.79354,1.7903099999999998,1.79112,21308,12,0,0.0,0.0,0.0,0.0,0.0,0.0,0.0,0.0,0.0,0.33245498310218435,-0.0006750988936188307
2025-07-17 16:00:00,1.79112,1.79294,1.78722,1.7872599999999998,29944,12,0,0.0,0.0,0.0,0.0,0.0,0.0,0.0,0.0,0.0,0.33245498310218435,-0.002155076153468327
2025-07-17 20:00:00,1.7872599999999998,1.78752,1.78554,1.78749,13753,12,0,0.0,0.0,0.0,0.0,0.0,0.0,0.0,0.0,0.0,0.33245498310218435,0.0001286886071416582
2025-07-18 00:00:00,1.7864,1.78857,1.78601,1.78667,10612,12,0,0.0,0.0,0.0,0.0,0.0,0.0,0.0,0.0,0.0,0.33245498310218435,-0.00045874382514032863
2025-07-18 04:00:00,1.78667,1.78816,1.7859,1.7877999999999998,15202,12,0,0.0,0.0,0.0,0.0,0.0,0.0,0.0,0.0,0.0,0.33245498310218435,0.0006324615066015671
2025-07-18 08:00:00,1.7877999999999998,1.78791,1.78496,1.78503,19124,12,0,0.0,0.0,0.0,0.0,0.0,0.0,0.0,0.0,0.0,0.33245498310218435,-0.0015493903121154284
2025-07-18 12:00:00,1.785,1.7856999999999998,1.78342,1.78442,20403,12,0,0.0,0.0,0.0,0.0,0.0,0.0,0.0,0.0,0.0,0.33245498310218435,-0.0003417309513005229
2025-07-18 16:00:00,1.78442,1.7861,1.78321,1.78553,28675,12,0,0.0,0.0,0.0,0.0,0.0,0.0,0.0,0.0,0.0,0.33245498310218435,0.000622050862465251
2025-07-18 20:00:00,1.78551,1.78687,1.78505,1.78586,15707,12,0,0.0,0.0,0.0,0.0,0.0,0.0,0.0,0.0,0.0,0.33245498310218435,0.0001848190733282351
2025-07-21 00:00:00,1.78425,1.78761,1.78216,1.78603,13943,12,0,0.0,0.0,0.0,0.0,0.0,0.0,0.0,0.0,0.0,0.320190458671962,9.519223231380103e-05
2025-07-21 04:00:00,1.78603,1.7876,1.78491,1.7867,14427,12,0,0.0,0.0,0.0,0.0,0.0,0.0,0.0,0.0,0.0,0.3070801941090227,0.0003751336763659907
2025-07-21 08:00:00,1.7867,1.78906,1.78531,1.78644,21311,12,0,0.0,0.0,0.0,0.0,0.0,0.0,0.0,0.0,0.0,0.2930106877878258,-0.00014551967314035963
2025-07-21 12:00:00,1.78644,1.78951,1.78644,1.78841,19623,12,0,0.0,0.0,0.0,0.0,0.0,0.0,0.0,0.0,0.0,0.27783625115549687,0.0011027518416515392
2025-07-21 16:00:00,1.78841,1.79299,1.78786,1.79121,26911,12,0,0.0,0.0,0.0,0.0,0.0,0.0,0.0,0.0,0.0,0.26136450315368365,0.001565636515116653
2025-07-21 20:00:00,1.79121,1.79261,1.79074,1.79239,12689,12,0,0.0,0.0,0.0,0.0,0.0,0.0,0.0,0.0,0.0,0.2433321316961438,0.0006587725615645468
2025-07-22 00:00:00,1.79047,1.79354,1.79047,1.79312,7880,12,0,0.7506,0.0,0.7506,0.7506,0.7506,0.7506,1.0,0.007818750000000001,0.7506,0.25316328423932666,0.00040727743404067596
2025-07-22 04:00:00,1.79312,1.79393,1.79125,1.79341,13301,12,0,0.7506,0.0,0.7506,0.7506,0.7506,0.7506,1.0,0.015637500000000002,0.0,0.26239134503136424,0.00016172927634516832
2025-07-22 08:00:00,1.79341,1.79692,1.7932,1.79672,19126,12,0,0.7506,0.0,0.7506,0.7506,0.7506,0.7506,1.0,0.02345625,0.0,0.2710779125959333,0.0018456460039812939
2025-07-22 12:00:00,1.79672,1.79743,1.79037,1.79125,19360,12,0,0.7506,0.0,0.7506,0.7506,0.7506,0.7506,1.0,0.031275000000000004,0.0,0.2792735195768516,-0.003044436528785832
2025-07-22 16:00:00,1.79125,1.79396,1.78798,1.79384,33454,12,0,0.7506,0.0,0.7506,0.7506,0.7506,0.7506,1.0,0.039093750000000003,0.0,0.2870202258827581,0.0014459176552688024
2025-07-22 20:00:00,1.79384,1.79418,1.7924099999999998,1.7929,13033,12,0,0.7506,0.0,0.7506,0.7506,0.7506,0.7506,1.0,0.0469125,0.0,0.29435347574678056,-0.0005240155197788754
2025-07-23 00:00:00,1.7921200000000002,1.79399,1.79036,1.79146,12551,12,0,0.0,0.0,0.0,0.0,0.0,0.0,0.0,0.0469125,-0.7506,0.27984178534407866,-0.0008031680517596174
2025-07-23 04:00:00,1.79145,1.79152,1.78669,1.78685,20145,12,0,0.0,0.0,0.0,0.0,0.0,0.0,0.0,0.0469125,0.0,0.2641203943645743,-0.00257332008529354
2025-07-23 08:00:00,1.78685,1.78794,1.78194,1.78219,22715,12,0,0.0,0.0,0.0,0.0,0.0,0.0,0.0,0.0469125,0.0,0.2469583818549617,-0.0026079413493018677
2025-07-23 12:00:00,1.78219,1.78274,1.77667,1.77965,21958,12,0,0.0,0.0,0.0,0.0,0.0,0.0,0.0,0.0469125,0.0,0.2280307079582262,-0.0014252127999820896
2025-07-23 16:00:00,1.77965,1.78527,1.77827,1.78498,32472,12,0,0.0,0.0,0.0,0.0,0.0,0.0,0.0,0.0469125,0.0,0.20685324974441321,0.002994970921248674
2025-07-23 20:00:00,1.78498,1.78592,1.7821,1.78298,18977,12,0,0.0,0.0,0.0,0.0,0.0,0.0,0.0,0.0469125,0.0,0.1826450980511256,-0.001120460733453621
2025-07-24 00:00:00,1.78217,1.78427,1.7820399999999998,1.78257,9899,12,0,0.0,0.0,0.0,0.0,0.0,0.0,0.0,0.0469125,0.0,0.1826450980511256,-0.00022995210265963628
2025-07-24 04:00:00,1.78257,1.78285,1.7787,1.77878,18714,12,0,0.0,0.0,0.0,0.0,0.0,0.0,0.0,0.0469125,0.0,0.1826450980511256,-0.002126143713851336
2025-07-24 08:00:00,1.77878,1.78009,1.7755,1.77602,23078,12,0,0.0,0.0,0.0,0.0,0.0,0.0,0.0,0.0469125,0.0,0.1826450980511256,-0.0015516252712534095
2025-07-24 12:00:00,1.77603,1.77826,1.7749899999999998,1.7766,22936,12,0,0.0,0.0,0.0,0.0,0.0,0.0,0.0,0.0469125,0.0,0.1826450980511256,0.00032657289895388075
2025-07-24 16:00:00,1.7766,1.78393,1.776,1.78309,35430,12,0,0.0,0.0,0.0,0.0,0.0,0.0,0.0,0.0469125,0.0,0.1826450980511256,0.00365304514240683
2025-07-24 20:00:00,1.78309,1.78433,1.78217,1.78277,14729,12,0,0.0,0.0,0.0,0.0,0.0,0.0,0.0,0.0469125,0.0,0.1826450980511256,-0.0001794637399121779
2025-07-25 00:00:00,1.7805,1.78329,1.77841,1.7823600000000002,10438,12,0,0.0,0.0,0.0,0.0,0.0,0.0,0.0,0.0469125,0.0,0.1826450980511256,-0.00022997918968781228
2025-07-25 04:00:00,1.78237,1.78713,1.78215,1.7865,16928,12,0,0.0,0.0,0.0,0.0,0.0,0.0,0.0,0.0469125,0.0,0.1826450980511256,0.0023227630781659236
2025-07-25 08:00:00,1.7865,1.78905,1.78437,1.78777,25577,12,0,0.0,0.0,0.0,0.0,0.0,0.0,0.0,0.0469125,0.0,0.1826450980511256,0.000710887209627753
2025-07-25 12:00:00,1.78777,1.78932,1.78442,1.78641,22310,12,0,0.0,0.0,0.0,0.0,0.0,0.0,0.0,0.0469125,0.0,0.1826450980511256,-0.000760724254238565
2025-07-25 16:00:00,1.78641,1.78993,1.78566,1.78776,34980,12,0,0.0,0.0,0.0,0.0,0.0,0.0,0.0,0.0469125,0.0,0.1826450980511256,0.0007557055771072463
2025-07-25 20:00:00,1.78776,1.78965,1.78775,1.78797,13576,12,0,0.0,0.0,0.0,0.0,0.0,0.0,0.0,0.0469125,0.0,0.1826450980511256,0.00011746543160162659
2025-07-28 00:00:00,1.78603,1.78953,1.78584,1.78747,13387,12,0,0.0,0.0,0.0,0.0,0.0,0.0,0.0,0.0469125,0.0,0.1826450980511256,-0.00027964675022518204
2025-07-28 04:00:00,1.78746,1.7904,1.78667,1.78891,18010,12,0,0.0,0.0,0.0,0.0,0.0,0.0,0.0,0.0469125,0.0,0.1826450980511256,0.000805607926287033
2025-07-28 08:00:00,1.78891,1.7921200000000002,1.78824,1.79043,28583,12,0,0.0,0.0,0.0,0.0,0.0,0.0,0.0,0.0469125,0.0,0.1826450980511256,0.0008496794137211605
2025-07-28 12:00:00,1.79048,1.79103,1.7838,1.7841399999999998,30693,12,0,0.0,0.0,0.0,0.0,0.0,0.0,0.0,0.0469125,0.0,0.1826450980511256,-0.0035131225459806847
2025-07-28 16:00:00,1.7841399999999998,1.78525,1.77971,1.77988,33708,12,0,0.0,0.0,0.0,0.0,0.0,0.0,0.0,0.0469125,0.0,0.1826450980511256,-0.0023877050007286016
2025-07-28 20:00:00,1.77988,1.77991,1.7768199999999998,1.77707,14591,12,0,0.0,0.0,0.0,0.0,0.0,0.0,0.0,0.0469125,0.0,0.1826450980511256,-0.0015787581185248145
2025-07-29 00:00:00,1.77643,1.77974,1.7762,1.77854,8662,12,0,0.0,0.0,0.0,0.0,0.0,0.0,0.0,0.0469125,0.0,0.1826450980511256,0.0008272043307242516
2025-07-29 04:00:00,1.77854,1.77909,1.7749899999999998,1.77637,17017,12,0,0.0,0.0,0.0,0.0,0.0,0.0,0.0,0.0469125,0.0,0.1826450980511256,-0.0012201018813183806
2025-07-29 08:00:00,1.77637,1.77779,1.77273,1.77586,29437,12,0,0.0,0.0,0.0,0.0,0.0,0.0,0.0,0.0469125,0.0,0.1826450980511256,-0.0002871023491727298
2025-07-29 12:00:00,1.77586,1.77859,1.7732,1.77344,26111,12,0,0.0,0.0,0.0,0.0,0.0,0.0,0.0,0.0469125,0.0,0.1826450980511256,-0.001362720034236986
2025-07-29 16:00:00,1.77344,1.77484,1.77044,1.7728199999999998,36699,12,0,0.0,0.0,0.0,0.0,0.0,0.0,0.0,0.0469125,0.0,0.1826450980511256,-0.0003496030313966392
2025-07-29 20:00:00,1.77283,1.7740200000000002,1.77188,1.77335,17236,12,0,0.0,0.0,0.0,0.0,0.0,0.0,0.0,0.0469125,0.0,0.1826450980511256,0.0002989587211337241
2025-07-30 00:00:00,1.7732,1.77423,1.77211,1.77254,8848,12,0,0.0,0.0,0.0,0.0,0.0,0.0,0.0,0.0469125,0.0,0.1826450980511256,-0.0004567626244114109
2025-07-30 04:00:00,1.7725300000000002,1.7777500000000002,1.7722,1.77395,20327,12,0,0.0,0.0,0.0,0.0,0.0,0.0,0.0,0.0469125,0.0,0.1826450980511256,0.0007954686495086349
2025-07-30 08:00:00,1.77395,1.77826,1.77244,1.77753,24284,12,0,0.0,0.0,0.0,0.0,0.0,0.0,0.0,0.0469125,0.0,0.1826450980511256,0.002018095211251847
2025-07-30 12:00:00,1.77753,1.77826,1.77311,1.77407,28187,12,0,0.0,0.0,0.0,0.0,0.0,0.0,0.0,0.0469125,0.0,0.1826450980511256,-0.0019465212964057121
2025-07-30 16:00:00,1.77408,1.77869,1.7740399999999998,1.77708,33860,12,0,0.0,0.0,0.0,0.0,0.0,0.0,0.0,0.0469125,0.0,0.1826450980511256,0.0016966636040292027
2025-07-30 20:00:00,1.77708,1.77853,1.77157,1.77243,40778,12,0,0.0,0.0,0.0,0.0,0.0,0.0,0.0,0.0469125,0.0,0.1826450980511256,-0.002616652035924094
2025-07-31 00:00:00,1.77172,1.77528,1.77134,1.77473,12183,12,0,0.0,0.0,0.0,0.0,0.0,0.0,0.0,0.0469125,0.0,0.1826450980511256,0.0012976535039466164
2025-07-31 04:00:00,1.77475,1.77617,1.76791,1.7681,22320,12,0,0.0,0.0,0.0,0.0,0.0,0.0,0.0,0.0469125,0.0,0.1826450980511256,-0.003735779527026639
2025-07-31 08:00:00,1.76812,1.77326,1.76732,1.7731599999999998,26758,12,0,0.0,0.0,0.0,0.0,0.0,0.0,0.0,0.0469125,0.0,0.1826450980511256,0.002861829082065448
2025-07-31 12:00:00,1.7731599999999998,1.77694,1.77231,1.77478,27034,12,0,0.0,0.0,0.0,0.0,0.0,0.0,0.0,0.0469125,0.0,0.1826450980511256,0.0009136231360962199
2025-07-31 16:00:00,1.77478,1.77988,1.77258,1.77589,36044,12,0,0.0,0.0,0.0,0.0,0.0,0.0,0.0,0.0469125,0.0,0.1826450980511256,0.0006254296307146578
2025-07-31 20:00:00,1.77589,1.7781,1.77515,1.77658,21253,12,0,0.0,0.0,0.0,0.0,0.0,0.0,0.0,0.0469125,0.0,0.1826450980511256,0.00038853757834100833
2025-08-01 00:00:00,1.77519,1.77794,1.7740200000000002,1.77635,14238,12,0,0.0,0.0,0.0,0.0,0.0,0.0,0.0,0.0469125,0.0,0.1826450980511256,-0.0001294622251741817
2025-08-01 04:00:00,1.77635,1.77701,1.77329,1.7743600000000002,20982,12,0,0.0,0.0,0.0,0.0,0.0,0.0,0.0,0.0469125,0.0,0.1826450980511256,-0.0011202747206350283
2025-08-01 08:00:00,1.7743600000000002,1.77841,1.77386,1.77591,23145,12,0,0.0,0.0,0.0,0.0,0.0,0.0,0.0,0.0469125,0.0,0.1826450980511256,0.0008735544083500191
2025-08-01 12:00:00,1.77591,1.78305,1.77437,1.78142,32926,12,0,0.0,0.0,0.0,0.0,0.0,0.0,0.0,0.0469125,0.0,0.1826450980511256,0.0031026347055875814
2025-08-01 16:00:00,1.78145,1.78984,1.7804799999999998,1.7879,56963,12,0,0.0,0.0,0.0,0.0,0.0,0.0,0.0,0.0469125,0.0,0.1826450980511256,0.0036375475744070407
2025-08-01 20:00:00,1.78793,1.79306,1.78762,1.78982,31958,12,0,0.0,0.0,0.0,0.0,0.0,0.0,0.0,0.0469125,0.0,0.1826450980511256,0.00107388556406951
2025-08-04 00:00:00,1.79044,1.79355,1.7848000000000002,1.78528,18056,12,0,0.0,0.0,0.0,0.0,0.0,0.0,0.0,0.0469125,0.0,0.1826450980511256,-0.002536567923031363
2025-08-04 04:00:00,1.78528,1.78738,1.78389,1.78553,22182,12,0,0.0,0.0,0.0,0.0,0.0,0.0,0.0,0.0469125,0.0,0.1826450980511256,0.00014003405628248977
2025-08-04 08:00:00,1.78553,1.78657,1.78405,1.78413,28289,12,0,0.0,0.0,0.0,0.0,0.0,0.0,0.0,0.0469125,0.0,0.1826450980511256,-0.0007840809171506535
2025-08-04 12:00:00,1.78413,1.78745,1.78404,1.78593,28879,12,0,0.0,0.0,0.0,0.0,0.0,0.0,0.0,0.0469125,0.0,0.1826450980511256,0.0010088950917253037
2025-08-04 16:00:00,1.78593,1.7902,1.78506,1.79004,35508,12,0,0.0,0.0,0.0,0.0,0.0,0.0,0.0,0.0469125,0.0,0.1826450980511256,0.0023013220003023083
2025-08-04 20:00:00,1.79004,1.79095,1.78882,1.78945,18163,12,0,0.0,0.0,0.0,0.0,0.0,0.0,0.0,0.0469125,0.0,0.1826450980511256,-0.00032960157314920746
2025-08-05 00:00:00,1.788,1.79016,1.78638,1.78783,11744,12,0,0.0,0.0,0.0,0.0,0.0,0.0,0.0,0.0469125,0.0,0.1826450980511256,-0.000905306099639569
2025-08-05 04:00:00,1.78784,1.79041,1.78702,1.78797,17626,12,0,0.0,0.0,0.0,0.0,0.0,0.0,0.0,0.0469125,0.0,0.1826450980511256,7.830722160395709e-05
2025-08-05 08:00:00,1.78797,1.7888,1.78588,1.78779,25523,12,0,0.0,0.0,0.0,0.0,0.0,0.0,0.0,0.0469125,0.0,0.1826450980511256,-0.0001006728300810833
2025-08-05 12:00:00,1.78777,1.78781,1.78362,1.78436,25918,12,0,0.0,0.0,0.0,0.0,0.0,0.0,0.0,0.0469125,0.0,0.1826450980511256,-0.0019185698544013086
2025-08-05 16:00:00,1.78439,1.79149,1.78377,1.7887,38004,12,0,0.0,0.0,0.0,0.0,0.0,0.0,0.0,0.0469125,0.0,0.1826450980511256,0.0024322446143154597
2025-08-05 20:00:00,1.7887,1.78949,1.78755,1.78825,18026,12,0,0.0,0.0,0.0,0.0,0.0,0.0,0.0,0.0469125,0.0,0.1826450980511256,-0.0002515793593113047
2025-08-06 00:00:00,1.78694,1.78938,1.7864,1.78688,10637,12,0,0.0,0.0,0.0,0.0,0.0,0.0,0.0,0.0469125,0.0,0.1826450980511256,-0.0007661121207883648
2025-08-06 04:00:00,1.78688,1.78705,1.7835100000000002,1.78373,16419,12,0,0.0,0.0,0.0,0.0,0.0,0.0,0.0,0.0469125,0.0,0.1826450980511256,-0.0017628492120344008
2025-08-06 08:00:00,1.78372,1.78558,1.7820399999999998,1.78316,21616,12,0,0.0,0.0,0.0,0.0,0.0,0.0,0.0,0.0469125,0.0,0.1826450980511256,-0.0003195550896155641
2025-08-06 12:00:00,1.78309,1.78792,1.78302,1.78715,23399,12,0,0.0,0.0,0.0,0.0,0.0,0.0,0.0,0.0469125,0.0,0.1826450980511256,0.002237600663989703
2025-08-06 16:00:00,1.78715,1.79216,1.7865,1.7903,35604,12,0,0.0,0.0,0.0,0.0,0.0,0.0,0.0,0.0469125,0.0,0.1826450980511256,0.0017625828833618407
2025-08-06 20:00:00,1.7903,1.79309,1.78999,1.79272,18611,12,0,0.0,0.0,0.0,0.0,0.0,0.0,0.0,0.0469125,0.0,0.1826450980511256,0.001351728760542903
2025-08-07 00:00:00,1.79146,1.79444,1.7911899999999998,1.79352,12208,12,0,0.0,0.0,0.0,0.0,0.0,0.0,0.0,0.0469125,0.0,0.1826450980511256,0.00044624927484493426
2025-08-07 04:00:00,1.79353,1.79364,1.79012,1.79087,18420,12,0,0.0,0.0,0.0,0.0,0.0,0.0,0.0,0.0469125,0.0,0.1826450980511256,-0.0014775413711584084
2025-08-07 08:00:00,1.7909000000000002,1.79206,1.78784,1.78876,24635,12,0,0.0,0.0,0.0,0.0,0.0,0.0,0.0,0.0469125,0.0,0.1826450980511256,-0.001178198305851419
2025-08-07 12:00:00,1.7887499999999998,1.78928,1.78397,1.78552,30428,12,0,0.0,0.0,0.0,0.0,0.0,0.0,0.0,0.0469125,0.0,0.1826450980511256,-0.0018113106285918557
2025-08-07 16:00:00,1.78552,1.79106,1.78399,1.79017,36993,12,0,0.0,0.0,0.0,0.0,0.0,0.0,0.0,0.0469125,0.0,0.1826450980511256,0.0026042833460280246
2025-08-07 20:00:00,1.79017,1.7906300000000002,1.78752,1.78801,23328,12,0,0.0,0.0,0.0,0.0,0.0,0.0,0.0,0.0469125,0.0,0.1826450980511256,-0.0012065893183328402
2025-08-08 00:00:00,1.78764,1.79047,1.7871899999999998,1.78978,13947,12,0,0.0,0.0,0.0,0.0,0.0,0.0,0.0,0.0469125,0.0,0.1826450980511256,0.000989927349399622
2025-08-08 04:00:00,1.78978,1.7903,1.78708,1.78746,16624,12,0,0.0,0.0,0.0,0.0,0.0,0.0,0.0,0.0469125,0.0,0.1826450980511256,-0.0012962487009575696
2025-08-08 08:00:00,1.78747,1.78779,1.78389,1.78487,22617,12,0,0.0,0.0,0.0,0.0,0.0,0.0,0.0,0.0469125,0.0,0.1826450980511256,-0.0014489834737561047
2025-08-08 12:00:00,1.78487,1.78681,1.78262,1.78635,24346,12,0,0.0,0.0,0.0,0.0,0.0,0.0,0.0,0.0469125,0.0,0.1826450980511256,0.0008291920419976062
2025-08-08 16:00:00,1.78635,1.7878500000000002,1.78424,1.78635,28256,12,0,0.0,0.0,0.0,0.0,0.0,0.0,0.0,0.0469125,0.0,0.1826450980511256,0.0
2025-08-08 20:00:00,1.78635,1.7866499999999998,1.78406,1.78441,16265,12,0,0.0,0.0,0.0,0.0,0.0,0.0,0.0,0.0469125,0.0,0.1826450980511256,-0.001086013379236972
2025-08-11 00:00:00,1.78457,1.7875299999999998,1.78313,1.78737,9783,12,0,0.0,0.0,0.0,0.0,0.0,0.0,0.0,0.0469125,0.0,0.1826450980511256,0.0016588115959896843
2025-08-11 04:00:00,1.78735,1.78949,1.78643,1.78894,15242,12,0,0.0,0.0,0.0,0.0,0.0,0.0,0.0,0.0469125,0.0,0.1826450980511256,0.0008783855609080238
2025-08-11 08:00:00,1.78894,1.78928,1.78653,1.7871899999999998,20831,12,0,0.0,0.0,0.0,0.0,0.0,0.0,0.0,0.0469125,0.0,0.1826450980511256,-0.0009782329200532791
2025-08-11 12:00:00,1.78718,1.78764,1.78499,1.78585,22015,12,0,0.0,0.0,0.0,0.0,0.0,0.0,0.0,0.0469125,0.0,0.1826450980511256,-0.0007497803814926485
2025-08-11 16:00:00,1.78585,1.78617,1.78147,1.78237,27466,12,0,0.0,0.0,0.0,0.0,0.0,0.0,0.0,0.0469125,0.0,0.1826450980511256,-0.0019486519024554116
2025-08-11 20:00:00,1.78237,1.78365,1.78193,1.7833,15115,12,0,0.0,0.0,0.0,0.0,0.0,0.0,0.0,0.0469125,0.0,0.1826450980511256,0.0005217771843109009
2025-08-12 00:00:00,1.78186,1.78349,1.78126,1.78206,10388,12,0,0.0,0.0,0.0,0.0,0.0,0.0,0.0,0.0469125,0.0,0.1826450980511256,-0.0006953400998149784
2025-08-12 04:00:00,1.78207,1.78699,1.78105,1.78466,17977,12,0,0.0,0.0,0.0,0.0,0.0,0.0,0.0,0.0469125,0.0,0.1826450980511256,0.0014589856682714064
2025-08-12 08:00:00,1.78466,1.7896800000000002,1.78422,1.78881,28227,12,0,0.0,0.0,0.0,0.0,0.0,0.0,0.0,0.0469125,0.0,0.1826450980511256,0.0023253729001602164
2025-08-12 12:00:00,1.78879,1.79065,1.78685,1.78957,29825,12,0,0.0,0.0,0.0,0.0,0.0,0.0,0.0,0.0469125,0.0,0.1826450980511256,0.000424863456711444
2025-08-12 16:00:00,1.78957,1.79218,1.78667,1.78826,46752,12,0,0.0,0.0,0.0,0.0,0.0,0.0,0.0,0.0469125,0.0,0.1826450980511256,-0.0007320194236605237
2025-08-12 20:00:00,1.78826,1.7888,1.78626,1.78769,17115,12,0,0.0,0.0,0.0,0.0,0.0,0.0,0.0,0.0469125,0.0,0.1826450980511256,-0.0003187455962778696
2025-08-13 00:00:00,1.78676,1.78981,1.78636,1.78981,9273,12,0,0.0,0.0,0.0,0.0,0.0,0.0,0.0,0.039093750000000003,0.0,0.16765512710542696,0.0011858879335902017
2025-08-13 04:00:00,1.78981,1.7918500000000002,1.78819,1.7888,16137,12,0,0.0,0.0,0.0,0.0,0.0,0.0,0.0,0.031275,0.0,0.15077698344522658,-0.0005643057084271375
2025-08-13 08:00:00,1.7888,1.78943,1.78613,1.7881399999999998,24019,12,0,0.0,0.0,0.0,0.0,0.0,0.0,0.0,0.02345625,0.0,0.13128443593366687,-0.00036896243291595354
2025-08-13 12:00:00,1.78816,1.78892,1.78684,1.78736,20798,12,0,0.0,0.0,0.0,0.0,0.0,0.0,0.0,0.015637500000000002,0.0,0.10776806015454539,-0.0004362074557919815
2025-08-13 16:00:00,1.78738,1.79002,1.78682,1.78902,28544,12,0,0.0,0.0,0.0,0.0,0.0,0.0,0.0,0.007818750000000001,0.0,0.07660779170554408,0.0009287440694656368
2025-08-13 20:00:00,1.78902,1.79002,1.78766,1.78797,12433,12,0,0.0,0.0,0.0,0.0,0.0,0.0,0.0,0.0,0.0,0.0,-0.0005869135057182673
2025-08-14 00:00:00,1.7865,1.78903,1.78572,1.78705,10583,12,0,0.0,0.0,0.0,0.0,0.0,0.0,0.0,0.0,0.0,0.0,-0.0005145500204142284
2025-08-14 04:00:00,1.78705,1.78752,1.78335,1.78649,16676,12,0,0.0,0.0,0.0,0.0,0.0,0.0,0.0,0.0,0.0,0.0,-0.0003133656025293696
2025-08-14 08:00:00,1.78649,1.78859,1.78567,1.78806,24579,12,0,0.0,0.0,0.0,0.0,0.0,0.0,0.0,0.0,0.0,0.0,0.0008788182413559387
2025-08-14 12:00:00,1.78806,1.79306,1.78805,1.79281,28695,12,0,0.0,0.0,0.0,0.0,0.0,0.0,0.0,0.0,0.0,0.0,0.0026565104079281365
2025-08-14 16:00:00,1.79283,1.79499,1.79238,1.79313,35779,12,0,0.0,0.0,0.0,0.0,0.0,0.0,0.0,0.0,0.0,0.0,0.00017849074915909924
2025-08-14 20:00:00,1.79313,1.79354,1.79211,1.79309,14828,12,0,0.0,0.0,0.0,0.0,0.0,0.0,0.0,0.0,0.0,0.0,-2.2307361987050633e-05
2025-08-15 00:00:00,1.79223,1.79405,1.7915299999999998,1.79318,8659,12,0,0.0,0.0,0.0,0.0,0.0,0.0,0.0,0.0,0.0,0.0,5.019268413741784e-05
2025-08-15 04:00:00,1.79319,1.79576,1.79226,1.7939699999999998,14242,12,0,0.0,0.0,0.0,0.0,0.0,0.0,0.0,0.0,0.0,0.0,0.00044055811463428185
2025-08-15 08:00:00,1.7939699999999998,1.79479,1.79319,1.79459,18656,12,0,0.0,0.0,0.0,0.0,0.0,0.0,0.0,0.0,0.0,0.0,0.00034560221185420126
2025-08-15 12:00:00,1.79459,1.79647,1.79384,1.79465,20914,12,0,0.0,0.0,0.0,0.0,0.0,0.0,0.0,0.0,0.0,0.0,3.343382053855315e-05
2025-08-15 16:00:00,1.79465,1.79765,1.79375,1.7973,29608,12,0,0.0,0.0,0.0,0.0,0.0,0.0,0.0,0.0,0.0,0.0,0.0014766110383639397
2025-08-15 20:00:00,1.7973,1.79924,1.79706,1.79775,12254,12,0,0.0,0.0,0.0,0.0,0.0,0.0,0.0,0.0,0.0,0.0,0.00025037556334495115
2025-08-18 00:00:00,1.79753,1.79968,1.79622,1.79651,9460,12,0,0.0,0.0,0.0,0.0,0.0,0.0,0.0,0.0,0.0,0.0,-0.000689751077736056
2025-08-18 04:00:00,1.79648,1.79659,1.79468,1.79555,13726,12,0,0.0,0.0,0.0,0.0,0.0,0.0,0.0,0.0,0.0,0.0,-0.0005343694162570634
2025-08-18 08:00:00,1.79555,1.79655,1.7924600000000002,1.79287,20835,12,0,0.0,0.0,0.0,0.0,0.0,0.0,0.0,0.0,0.0,0.0,-0.0014925788755534297
2025-08-18 12:00:00,1.79287,1.79478,1.79186,1.79422,19634,12,0,0.0,0.0,0.0,0.0,0.0,0.0,0.0,0.0,0.0,0.0,0.0007529826479331092
2025-08-18 16:00:00,1.79422,1.79924,1.79396,1.79643,25015,12,0,0.0,0.0,0.0,0.0,0.0,0.0,0.0,0.0,0.0,0.0,0.0012317330093298828
2025-08-18 20:00:00,1.79643,1.7976100000000002,1.79579,1.79625,12342,12,0,0.0,0.0,0.0,0.0,0.0,0.0,0.0,0.0,0.0,0.0,-0.0001001987274762417
2025-08-19 00:00:00,1.79529,1.79717,1.79398,1.7951700000000002,9321,12,0,0.0,0.0,0.0,0.0,0.0,0.0,0.0,0.0,0.0,0.0,-0.0006012526096031978
2025-08-19 04:00:00,1.7951700000000002,1.79709,1.79452,1.79691,16770,12,0,0.0,0.0,0.0,0.0,0.0,0.0,0.0,0.0,0.0,0.0,0.0009692675345509549
2025-08-19 08:00:00,1.79691,1.8017,1.79659,1.80043,21630,12,0,0.0,0.0,0.0,0.0,0.0,0.0,0.0,0.0,0.0,0.0,0.0019589183654160625
2025-08-19 12:00:00,1.80043,1.80123,1.79888,1.80047,19755,12,0,0.0,0.0,0.0,0.0,0.0,0.0,0.0,0.0,0.0,0.0,2.2216914848049996e-05
2025-08-19 16:00:00,1.80047,1.80607,1.80044,1.80519,26044,12,0,0.0,0.0,0.0,0.0,0.0,0.0,0.0,0.0,0.0,0.0,0.002621537709598165
2025-08-19 20:00:00,1.80518,1.80591,1.80424,1.80448,12808,12,0,0.0,0.0,0.0,0.0,0.0,0.0,0.0,0.0,0.0,0.0,-0.00039331039945933455
2025-08-20 00:00:00,1.80239,1.80479,1.80231,1.80411,10835,12,0,0.0,0.0,0.0,0.0,0.0,0.0,0.0,0.0,0.0,0.0,-0.00020504522078379495
2025-08-20 04:00:00,1.8041,1.80846,1.80304,1.80546,20750,12,0,0.0,0.0,0.0,0.0,0.0,0.0,0.0,0.0,0.0,0.0,0.0007482914013003938
2025-08-20 08:00:00,1.80546,1.81088,1.80414,1.80873,22987,12,0,0.0,0.0,0.0,0.0,0.0,0.0,0.0,0.0,0.0,0.0,0.001811172775912917
2025-08-20 12:00:00,1.80876,1.81145,1.80798,1.81118,20084,12,0,0.0,0.0,0.0,0.0,0.0,0.0,0.0,0.0,0.0,0.0,0.0013545415844267161
2025-08-20 16:00:00,1.81118,1.81518,1.81063,1.81189,29505,12,0,0.0,0.0,0.0,0.0,0.0,0.0,0.0,0.0,0.0,0.0,0.00039200962908148007
2025-08-20 20:00:00,1.81189,1.81311,1.8105,1.81076,16758,12,0,0.0,0.0,0.0,0.0,0.0,0.0,0.0,0.0,0.0,0.0,-0.0006236581690941545
2025-08-21 00:00:00,1.81026,1.81207,1.8095,1.81191,9603,12,0,0.0,0.0,0.0,0.0,0.0,0.0,0.0,0.0,0.0,0.0,0.0006350924473701447
2025-08-21 04:00:00,1.81191,1.81425,1.81032,1.81388,16268,12,0,0.0,0.0,0.0,0.0,0.0,0.0,0.0,0.0,0.0,0.0,0.001087250470497958
2025-08-21 08:00:00,1.81385,1.81566,1.8104,1.81411,21971,12,0,0.0,0.0,0.0,0.0,0.0,0.0,0.0,0.0,0.0,0.0,0.00012680000882081544
2025-08-21 12:00:00,1.81411,1.8144,1.81128,1.81399,22368,12,0,0.0,0.0,0.0,0.0,0.0,0.0,0.0,0.0,0.0,0.0,-6.614813875671643e-05
2025-08-21 16:00:00,1.81395,1.81395,1.80629,1.80794,34772,12,0,0.0,0.0,0.0,0.0,0.0,0.0,0.0,0.0,0.0,0.0,-0.0033351892788824333
2025-08-21 20:00:00,1.80794,1.80822,1.80622,1.80751,15001,12,0,0.0,0.0,0.0,0.0,0.0,0.0,0.0,0.0,0.0,0.0,-0.00023783975131930202
2025-08-22 00:00:00,1.80568,1.80815,1.80521,1.80773,9849,12,0,0.0,0.0,0.0,0.0,0.0,0.0,0.0,0.0,0.0,0.0,0.00012171440268660128
2025-08-22 04:00:00,1.80773,1.80809,1.80391,1.80469,17189,12,0,0.0,0.0,0.0,0.0,0.0,0.0,0.0,0.0,0.0,0.0,-0.0016816670631123465
2025-08-22 08:00:00,1.80469,1.80653,1.80309,1.80381,19236,12,0,0.0,0.0,0.0,0.0,0.0,0.0,0.0,0.0,0.0,0.0,-0.00048761837213040504
2025-08-22 12:00:00,1.80382,1.8077,1.80346,1.80768,18739,12,0,0.0,0.0,0.0,0.0,0.0,0.0,0.0,0.0,0.0,0.0,0.00214545877891803
2025-08-22 16:00:00,1.80768,1.80819,1.80281,1.80653,46904,12,0,0.0,0.0,0.0,0.0,0.0,0.0,0.0,0.0,0.0,0.0,-0.0006361745441670896
2025-08-22 20:00:00,1.80655,1.80775,1.80365,1.80407,18885,12,0,0.0,0.0,0.0,0.0,0.0,0.0,0.0,0.0,0.0,0.0,-0.0013617266250767202
2025-08-25 00:00:00,1.80357,1.80637,1.80357,1.80411,10058,12,0,0.0,0.0,0.0,0.0,0.0,0.0,0.0,0.0,0.0,0.0,2.2172088666172485e-05
2025-08-25 04:00:00,1.80412,1.80704,1.80297,1.80377,14882,12,0,0.0,0.0,0.0,0.0,0.0,0.0,0.0,0.0,0.0,0.0,-0.0001884585751422696
2025-08-25 08:00:00,1.80377,1.80379,1.80101,1.80176,18746,12,0,0.0,0.0,0.0,0.0,0.0,0.0,0.0,0.0,0.0,0.0,-0.0011143327586111695
2025-08-25 12:00:00,1.80176,1.80258,1.79995,1.80209,17120,12,0,0.0,0.0,0.0,0.0,0.0,0.0,0.0,0.0,0.0,0.0,0.00018315424917858536
2025-08-25 16:00:00,1.8021,1.80225,1.79348,1.79396,27077,12,0,0.0,0.0,0.0,0.0,0.0,0.0,0.0,0.0,0.0,0.0,-0.0045114283970278946
2025-08-25 20:00:00,1.79396,1.79439,1.79084,1.7921200000000002,18212,12,0,0.0,0.0,0.0,0.0,0.0,0.0,0.0,0.0,0.0,0.0,-0.0010256638944011742
2025-08-26 00:00:00,1.79207,1.7964,1.7911700000000002,1.7945799999999998,16174,12,0,0.0,0.0,0.0,0.0,0.0,0.0,0.0,0.0,0.0,0.0,0.0013726759368790642
2025-08-26 04:00:00,1.7945799999999998,1.79815,1.7936800000000002,1.7951,20240,12,0,0.0,0.0,0.0,0.0,0.0,0.0,0.0,0.0,0.0,0.0,0.00028976139263781064
2025-08-26 08:00:00,1.7951,1.79674,1.79249,1.79378,27499,12,0,0.0,0.0,0.0,0.0,0.0,0.0,0.0,0.0,0.0,0.0,-0.0007353350788257274
2025-08-26 12:00:00,1.79374,1.7963900000000002,1.79292,1.79542,22928,12,0,0.0,0.0,0.0,0.0,0.0,0.0,0.0,0.0,0.0,0.0,0.0009142704233517929
2025-08-26 16:00:00,1.79537,1.79759,1.79311,1.79315,28587,12,0,0.0,0.0,0.0,0.0,0.0,0.0,0.0,0.0,0.0,0.0,-0.0012643281237816328
2025-08-26 20:00:00,1.79312,1.7936800000000002,1.7916,1.7923,14266,12,0,0.0,0.0,0.0,0.0,0.0,0.0,0.0,0.0,0.0,0.0,-0.0004740261550901792
2025-08-27 00:00:00,1.7919,1.79339,1.79126,1.7921399999999998,7683,12,0,0.0,0.0,0.0,0.0,0.0,0.0,0.0,0.0,0.0,0.0,-8.927076940257184e-05
2025-08-27 04:00:00,1.79209,1.79293,1.7887,1.79096,15884,12,0,0.0,0.0,0.0,0.0,0.0,0.0,0.0,0.0,0.0,0.0,-0.0006584307029583458
2025-08-27 08:00:00,1.79096,1.79226,1.78973,1.79086,21557,12,0,0.0,0.0,0.0,0.0,0.0,0.0,0.0,0.0,0.0,0.0,-5.58359762363736e-05
2025-08-27 12:00:00,1.79087,1.79198,1.79012,1.79025,21350,12,0,0.0,0.0,0.0,0.0,0.0,0.0,0.0,0.0,0.0,0.0,-0.00034061847380584265
2025-08-27 16:00:00,1.79024,1.79146,1.78685,1.78794,28859,12,0,0.0,0.0,0.0,0.0,0.0,0.0,0.0,0.0,0.0,0.0,-0.001290322580645098
2025-08-27 20:00:00,1.78794,1.7888,1.78645,1.7887300000000002,16719,12,0,0.0,0.0,0.0,0.0,0.0,0.0,0.0,0.0,0.0,0.0,0.0004418492790585482
2025-08-28 00:00:00,1.7878699999999998,1.78951,1.7872599999999998,1.78809,8455,12,0,0.0,0.0,0.0,0.0,0.0,0.0,0.0,0.0,0.0,0.0,-0.0003577957545298771
2025-08-28 04:00:00,1.78809,1.7884799999999998,1.78646,1.78766,14843,12,0,0.0,0.0,0.0,0.0,0.0,0.0,0.0,0.0,0.0,0.0,-0.00024048006532106925
2025-08-28 08:00:00,1.78766,1.78855,1.78523,1.78578,19843,12,0,0.0,0.0,0.0,0.0,0.0,0.0,0.0,0.0,0.0,0.0,-0.001051654117673495
2025-08-28 12:00:00,1.78578,1.78857,1.78542,1.78741,23850,12,0,0.0,0.0,0.0,0.0,0.0,0.0,0.0,0.0,0.0,0.0,0.0009127664101962196
2025-08-28 16:00:00,1.78738,1.7899,1.7864,1.78874,29031,12,0,0.0,0.0,0.0,0.0,0.0,0.0,0.0,0.0,0.0,0.0,0.000744093408898916
2025-08-28 20:00:00,1.78874,1.78947,1.78807,1.78825,11672,12,0,0.0,0.0,0.0,0.0,0.0,0.0,0.0,0.0,0.0,0.0,-0.00027393584310753116
2025-08-29 00:00:00,1.7884,1.78887,1.78621,1.78624,9002,12,0,0.0,0.0,0.0,0.0,0.0,0.0,0.0,0.0,0.0,0.0,-0.0011240039144414515
2025-08-29 04:00:00,1.78624,1.78676,1.78238,1.78368,15651,12,0,0.0,0.0,0.0,0.0,0.0,0.0,0.0,0.0,0.0,0.0,-0.0014331780723755294
2025-08-29 08:00:00,1.78368,1.78771,1.78338,1.78632,20887,12,0,0.0,0.0,0.0,0.0,0.0,0.0,0.0,0.0,0.0,0.0,0.001480086114101109
2025-08-29 12:00:00,1.78632,1.78832,1.78546,1.78558,21732,12,0,0.0,0.0,0.0,0.0,0.0,0.0,0.0,0.0,0.0,0.0,-0.0004142594831832991
2025-08-29 16:00:00,1.78558,1.78943,1.78494,1.78748,31567,12,0,0.0,0.0,0.0,0.0,0.0,0.0,0.0,0.0,0.0,0.0,0.001064080018817526
2025-08-29 20:00:00,1.78748,1.78795,1.78565,1.78565,13684,12,0,0.0,0.0,0.0,0.0,0.0,0.0,0.0,0.0,0.0,0.0,-0.0010237876787432265
2025-09-01 00:00:00,1.78584,1.78729,1.78583,1.78647,7234,12,0,0.0,0.0,0.0,0.0,0.0,0.0,0.0,0.0,0.0,0.0,0.000459216531795148
2025-09-01 04:00:00,1.78647,1.78973,1.78647,1.78932,17630,12,0,0.0,0.0,0.0,0.0,0.0,0.0,0.0,0.0,0.0,0.0,0.0015953248585198754
2025-09-01 08:00:00,1.78932,1.7933,1.78897,1.7896999999999998,22019,12,0,0.0,0.0,0.0,0.0,0.0,0.0,0.0,0.0,0.0,0.0,0.00021237118011296907
2025-09-01 12:00:00,1.7896999999999998,1.78976,1.78671,1.78673,18541,12,0,0.0,0.0,0.0,0.0,0.0,0.0,0.0,0.0,0.0,0.0,-0.0016594960049169938
2025-09-01 16:00:00,1.78672,1.78803,1.78519,1.7859,16600,12,0,0.0,0.0,0.0,0.0,0.0,0.0,0.0,0.0,0.0,0.0,-0.0004645357720527432
2025-09-01 20:00:00,1.7859,1.78701,1.78581,1.78683,8455,12,0,0.0,0.0,0.0,0.0,0.0,0.0,0.0,0.0,0.0,0.0,0.0005207458424323352
2025-09-02 00:00:00,1.78615,1.78773,1.78564,1.78611,9047,12,0,0.0,0.0,0.0,0.0,0.0,0.0,0.0,0.0,0.0,0.0,-0.0004029482379408478
2025-09-02 04:00:00,1.78612,1.78888,1.78598,1.7886,17559,12,0,0.0,0.0,0.0,0.0,0.0,0.0,0.0,0.0,0.0,0.0,0.0013940910694190123
2025-09-02 08:00:00,1.78861,1.79344,1.78731,1.78769,31168,12,0,0.0,0.0,0.0,0.0,0.0,0.0,0.0,0.0,0.0,0.0,-0.0005087778150508759
2025-09-02 12:00:00,1.78772,1.7915100000000002,1.78607,1.79074,33825,12,0,0.0,0.0,0.0,0.0,0.0,0.0,0.0,0.0,0.0,0.0,0.0017061123572879033
2025-09-02 16:00:00,1.79074,1.79227,1.78544,1.7856800000000002,39047,12,0,0.0,0.0,0.0,0.0,0.0,0.0,0.0,0.0,0.0,0.0,-0.0028256474976824375
2025-09-02 20:00:00,1.7856800000000002,1.78648,1.78458,1.78517,17591,12,0,0.0,0.0,0.0,0.0,0.0,0.0,0.0,0.0,0.0,0.0,-0.0002856054836254396
2025-09-03 00:00:00,1.7844799999999998,1.78621,1.78368,1.78551,8767,12,0,0.0,0.0,0.0,0.0,0.0,0.0,0.0,0.0,0.0,0.0,0.00019045805161410634
2025-09-03 04:00:00,1.78551,1.78556,1.7823099999999998,1.78364,17210,12,0,0.0,0.0,0.0,0.0,0.0,0.0,0.0,0.0,0.0,0.0,-0.0010473198133866823
2025-09-03 08:00:00,1.78364,1.78754,1.78329,1.78632,25300,12,0,0.0,0.0,0.0,0.0,0.0,0.0,0.0,0.0,0.0,0.0,0.001502545356686369
2025-09-03 12:00:00,1.78632,1.78647,1.78086,1.78103,24574,12,0,0.0,0.0,0.0,0.0,0.0,0.0,0.0,0.0,0.0,0.0,-0.0029613954946482446
2025-09-03 16:00:00,1.78095,1.78375,1.78034,1.78217,33961,12,0,0.0,0.0,0.0,0.0,0.0,0.0,0.0,0.0,0.0,0.0,0.0006400790553782176
2025-09-03 20:00:00,1.78215,1.78286,1.78108,1.78191,16874,12,0,0.0,0.0,0.0,0.0,0.0,0.0,0.0,0.0,0.0,0.0,-0.00014588956160177524
2025-09-04 00:00:00,1.78185,1.78283,1.77994,1.78071,9571,12,0,0.0,0.0,0.0,0.0,0.0,0.0,0.0,0.0,0.0,0.0,-0.0006734346852534934
2025-09-04 04:00:00,1.78071,1.78473,1.78061,1.78464,16861,12,0,0.0,0.0,0.0,0.0,0.0,0.0,0.0,0.0,0.0,0.0,0.0022069848543557757
2025-09-04 08:00:00,1.78464,1.78713,1.78464,1.78586,21480,12,0,0.0,0.0,0.0,0.0,0.0,0.0,0.0,0.0,0.0,0.0,0.0006836112605344002
2025-09-04 12:00:00,1.78586,1.7878500000000002,1.78487,1.78591,24114,12,0,0.0,0.0,0.0,0.0,0.0,0.0,0.0,0.0,0.0,0.0,2.799771538652962e-05
2025-09-04 16:00:00,1.78591,1.79013,1.7839,1.78777,31491,12,0,0.0,0.0,0.0,0.0,0.0,0.0,0.0,0.0,0.0,0.0,0.0010414858531504478
2025-09-04 20:00:00,1.78778,1.78793,1.78657,1.78743,12867,12,0,0.0,0.0,0.0,0.0,0.0,0.0,0.0,0.0,0.0,0.0,-0.0001901810635596135
2025-09-05 00:00:00,1.7859699999999998,1.7878500000000002,1.78596,1.78643,8697,12,0,0.0,0.0,0.0,0.0,0.0,0.0,0.0,0.0,0.0,0.0,-0.0005594624684603922
2025-09-05 04:00:00,1.78641,1.78823,1.7860399999999998,1.78722,12571,12,0,0.0,0.0,0.0,0.0,0.0,0.0,0.0,0.0,0.0,0.0,0.00044222275711902626
2025-09-05 08:00:00,1.78722,1.78744,1.78391,1.78519,18800,12,0,0.0,0.0,0.0,0.0,0.0,0.0,0.0,0.0,0.0,0.0,-0.0011358422578081617
2025-09-05 12:00:00,1.78518,1.78906,1.78276,1.78549,26687,12,0,0.0,0.0,0.0,0.0,0.0,0.0,0.0,0.0,0.0,0.0,0.00016804933928593613
2025-09-05 16:00:00,1.78549,1.79138,1.78134,1.78837,45190,12,0,0.0,0.0,0.0,0.0,0.0,0.0,0.0,0.0,0.0,0.0,0.0016130025931258007
2025-09-05 20:00:00,1.78837,1.78951,1.78706,1.78728,18235,12,0,0.0,0.0,0.0,0.0,0.0,0.0,0.0,0.0,0.0,0.0,-0.000609493561175789
2025-09-08 00:00:00,1.78588,1.78824,1.78574,1.7866,12050,12,0,0.0,0.0,0.0,0.0,0.0,0.0,0.0,0.0,0.0,0.0,-0.0003804664070542474
2025-09-08 04:00:00,1.78652,1.78714,1.78342,1.7847499999999998,20212,12,0,0.0,0.0,0.0,0.0,0.0,0.0,0.0,0.0,0.0,0.0,-0.0010354863987462881
2025-09-08 08:00:00,1.78474,1.78543,1.7810899999999998,1.78158,23357,12,0,0.0,0.0,0.0,0.0,0.0,0.0,0.0,0.0,0.0,0.0,-0.0017761591259279896
2025-09-08 12:00:00,1.78159,1.78188,1.77857,1.77951,20001,12,0,0.0,0.0,0.0,0.0,0.0,0.0,0.0,0.0,0.0,0.0,-0.0011618900077459138
2025-09-08 16:00:00,1.77951,1.78418,1.77933,1.78282,26358,12,0,0.0,0.0,0.0,0.0,0.0,0.0,0.0,0.0,0.0,0.0,0.0018600626015028432
2025-09-08 20:00:00,1.78282,1.78435,1.78273,1.78431,14424,12,0,0.0,0.0,0.0,0.0,0.0,0.0,0.0,0.0,0.0,0.0,0.0008357545910411268
2025-09-09 00:00:00,1.78374,1.78463,1.78342,1.78458,8682,12,0,0.0,0.0,0.0,0.0,0.0,0.0,0.0,0.0,0.0,0.0,0.0001513189972595086
2025-09-09 04:00:00,1.78458,1.78579,1.7819,1.78194,15158,12,0,0.0,0.0,0.0,0.0,0.0,0.0,0.0,0.0,0.0,0.0,-0.0014793396765625522
2025-09-09 08:00:00,1.78191,1.78226,1.77755,1.77827,25543,12,0,0.0,0.0,0.0,0.0,0.0,0.0,0.0,0.0,0.0,0.0,-0.0020595530713717336
2025-09-09 12:00:00,1.77827,1.77895,1.77594,1.77888,21722,12,0,0.0,0.0,0.0,0.0,0.0,0.0,0.0,0.0,0.0,0.0,0.0003430300235622852
2025-09-09 16:00:00,1.77888,1.77996,1.77767,1.77808,34477,12,0,0.0,0.0,0.0,0.0,0.0,0.0,0.0,0.0,0.0,0.0,-0.0004497211728727857
2025-09-09 20:00:00,1.77811,1.77859,1.77752,1.77816,14824,12,0,0.0,0.0,0.0,0.0,0.0,0.0,0.0,0.0,0.0,0.0,4.499235130017709e-05
2025-09-10 00:00:00,1.77568,1.779,1.7740399999999998,1.77541,8398,12,0,0.0,0.0,0.0,0.0,0.0,0.0,0.0,0.0,0.0,0.0,-0.001546542493363945
2025-09-10 04:00:00,1.7754,1.77666,1.77147,1.77148,17840,12,0,0.0,0.0,0.0,0.0,0.0,0.0,0.0,0.0,0.0,0.0,-0.00221357320280946
2025-09-10 08:00:00,1.77148,1.77392,1.77045,1.77257,23781,12,0,0.0,0.0,0.0,0.0,0.0,0.0,0.0,0.0,0.0,0.0,0.0006153047169599191
2025-09-10 12:00:00,1.77257,1.77288,1.76903,1.76951,25932,12,0,0.0,0.0,0.0,0.0,0.0,0.0,0.0,0.0,0.0,0.0,-0.00172630700056986
2025-09-10 16:00:00,1.76949,1.77143,1.76686,1.7682600000000002,30931,12,0,0.0,0.0,0.0,0.0,0.0,0.0,0.0,0.0,0.0,0.0,-0.0007064102491648461
2025-09-10 20:00:00,1.7682600000000002,1.76871,1.7671,1.76837,14907,12,0,0.0,0.0,0.0,0.0,0.0,0.0,0.0,0.0,0.0,0.0,6.220804632794952e-05
2025-09-11 00:00:00,1.76641,1.76935,1.76528,1.76886,7822,12,0,0.0,0.0,0.0,0.0,0.0,0.0,0.0,0.0,0.0,0.0,0.00027709133269637753
2025-09-11 04:00:00,1.76886,1.76997,1.7673299999999998,1.76991,11676,12,0,0.0,0.0,0.0,0.0,0.0,0.0,0.0,0.0,0.0,0.0,0.0005936026593398314
2025-09-11 08:00:00,1.76989,1.77078,1.76764,1.76909,22318,12,0,0.0,0.0,0.0,0.0,0.0,0.0,0.0,0.0,0.0,0.0,-0.000463300393805377
2025-09-11 12:00:00,1.76908,1.7713100000000002,1.76665,1.76886,29423,12,0,0.0,0.0,0.0,0.0,0.0,0.0,0.0,0.0,0.0,0.0,-0.0001300103443012679
2025-09-11 16:00:00,1.76884,1.77143,1.76085,1.76226,37645,12,0,0.0,0.0,0.0,0.0,0.0,0.0,0.0,0.0,0.0,0.0,-0.0037312167158509713
2025-09-11 20:00:00,1.76226,1.76283,1.76095,1.7618200000000002,16395,12,0,0.0,0.0,0.0,0.0,0.0,0.0,0.0,0.0,0.0,0.0,-0.00024967938896636177
2025-09-12 00:00:00,1.76112,1.76222,1.7594,1.75962,9390,12,0,0.0,0.0,0.0,0.0,0.0,0.0,0.0,0.0,0.0,0.0,-0.001248708721662939
2025-09-12 04:00:00,1.7596,1.76192,1.75914,1.76108,14174,12,0,0.0,0.0,0.0,0.0,0.0,0.0,0.0,0.0,0.0,0.0,0.0008297245996293778
2025-09-12 08:00:00,1.76114,1.76436,1.76043,1.76312,22812,12,0,0.0,0.0,0.0,0.0,0.0,0.0,0.0,0.0,0.0,0.0,0.001158380084947952
2025-09-12 12:00:00,1.76312,1.7654,1.76167,1.76412,23601,12,0,0.0,0.0,0.0,0.0,0.0,0.0,0.0,0.0,0.0,0.0,0.0005671763691637022
2025-09-12 16:00:00,1.76412,1.76637,1.76298,1.76523,28104,12,0,0.0,0.0,0.0,0.0,0.0,0.0,0.0,0.0,0.0,0.0,0.0006292088973540721
2025-09-12 20:00:00,1.76525,1.76579,1.76388,1.76395,14607,12,0,0.0,0.0,0.0,0.0,0.0,0.0,0.0,0.0,0.0,0.0,-0.0007251179732953306
2025-09-15 00:00:00,1.76522,1.76567,1.76251,1.763,7158,12,0,0.0,0.0,0.0,0.0,0.0,0.0,0.0,0.0,0.0,0.0,-0.0005385640182544726
2025-09-15 04:00:00,1.763,1.76313,1.76031,1.76064,12769,12,0,0.0,0.0,0.0,0.0,0.0,0.0,0.0,0.0,0.0,0.0,-0.0013386273397617554
2025-09-15 08:00:00,1.76064,1.7628,1.76016,1.7624300000000002,20224,12,0,0.0,0.0,0.0,0.0,0.0,0.0,0.0,0.0,0.0,0.0,0.0010166757542713345
2025-09-15 12:00:00,1.7624300000000002,1.76654,1.76227,1.76553,21301,12,0,0.0,0.0,0.0,0.0,0.0,0.0,0.0,0.0,0.0,0.0,0.0017589351066424896
2025-09-15 16:00:00,1.76553,1.76682,1.76351,1.76402,25750,12,0,0.0,0.0,0.0,0.0,0.0,0.0,0.0,0.0,0.0,0.0,-0.0008552672568578057
2025-09-15 20:00:00,1.76398,1.7646,1.76291,1.7631,14268,12,0,0.0,0.0,0.0,0.0,0.0,0.0,0.0,0.0,0.0,0.0,-0.0005215360370064426
2025-09-16 00:00:00,1.76266,1.76418,1.76218,1.76387,8438,12,0,0.0,0.0,0.0,0.0,0.0,0.0,0.0,0.0,0.0,0.0,0.0004367307583235114
2025-09-16 04:00:00,1.76387,1.76796,1.76314,1.7678,15312,12,0,0.0,0.0,0.0,0.0,0.0,0.0,0.0,0.0,0.0,0.0,0.002228055355553371
2025-09-16 08:00:00,1.76779,1.77059,1.76656,1.77029,22492,12,0,0.0,0.0,0.0,0.0,0.0,0.0,0.0,0.0,0.0,0.0,0.0014085303767394919
2025-09-16 12:00:00,1.77029,1.7723,1.76863,1.77028,24718,12,0,0.0,0.0,0.0,0.0,0.0,0.0,0.0,0.0,0.0,0.0,-5.648792005708003e-06
2025-09-16 16:00:00,1.77027,1.77667,1.77007,1.7752599999999998,31504,12,0,0.0,0.0,0.0,0.0,0.0,0.0,0.0,0.0,0.0,0.0,0.0028131143096006284
2025-09-16 20:00:00,1.7752400000000002,1.77638,1.77411,1.77507,14760,12,0,0.0,0.0,0.0,0.0,0.0,0.0,0.0,0.0,0.0,0.0,-0.00010702657638872459
2025-09-17 00:00:00,1.77362,1.77586,1.7731400000000002,1.77445,7651,12,0,0.0,0.0,0.0,0.0,0.0,0.0,0.0,0.0,0.0,0.0,-0.0003492820001463892
2025-09-17 04:00:00,1.77445,1.77613,1.77373,1.77566,10564,12,0,0.0,0.0,0.0,0.0,0.0,0.0,0.0,0.0,0.0,0.0,0.0006819014342471785
2025-09-17 08:00:00,1.77566,1.77722,1.77478,1.77595,14877,12,0,0.0,0.0,0.0,0.0,0.0,0.0,0.0,0.0,0.0,0.0,0.00016331955441906132
2025-09-17 12:00:00,1.77595,1.77612,1.77177,1.77284,16053,12,0,0.0,0.0,0.0,0.0,0.0,0.0,0.0,0.0,0.0,0.0,-0.001751175427236129
2025-09-17 16:00:00,1.77289,1.77901,1.77284,1.77866,20810,12,0,0.0,0.0,0.0,0.0,0.0,0.0,0.0,0.0,0.0,0.0,0.0032828681663319426
2025-09-17 20:00:00,1.77864,1.78016,1.77462,1.77561,48884,12,0,0.0,0.0,0.0,0.0,0.0,0.0,0.0,0.0,0.0,0.0,-0.00171477404338094
2025-09-18 00:00:00,1.77445,1.77875,1.77386,1.7780200000000002,11368,12,0,0.0,0.0,0.0,0.0,0.0,0.0,0.0,0.0,0.0,0.0,0.0013572800333407908
2025-09-18 04:00:00,1.77805,1.78063,1.7762,1.77871,16950,12,0,0.0,0.0,0.0,0.0,0.0,0.0,0.0,0.0,0.0,0.0,0.0003880721251727781
2025-09-18 08:00:00,1.77871,1.7826,1.77871,1.78161,24100,12,0,0.0,0.0,0.0,0.0,0.0,0.0,0.0,0.0,0.0,0.0,0.0016303950615894625
2025-09-18 12:00:00,1.78163,1.78218,1.77674,1.77874,26988,12,0,0.0,0.0,0.0,0.0,0.0,0.0,0.0,0.0,0.0,0.0,-0.0016109024983020914
2025-09-18 16:00:00,1.77874,1.78164,1.77651,1.78083,39469,12,0,0.0,0.0,0.0,0.0,0.0,0.0,0.0,0.0,0.0,0.0,0.0011749890371834937
2025-09-18 20:00:00,1.78083,1.7826499999999998,1.78027,1.78234,16371,12,0,0.0,0.0,0.0,0.0,0.0,0.0,0.0,0.0,0.0,0.0,0.000847919228674332
2025-09-19 00:00:00,1.7810700000000002,1.78294,1.77995,1.78253,10063,12,0,0.0,0.0,0.0,0.0,0.0,0.0,0.0,0.0,0.0,0.0,0.00010660143406981959
2025-09-19 04:00:00,1.78249,1.78437,1.78146,1.78277,21091,12,0,0.0,0.0,0.0,0.0,0.0,0.0,0.0,0.0,0.0,0.0,0.0001346400902089151
2025-09-19 08:00:00,1.78277,1.7861,1.77976,1.77998,28838,12,0,0.0,0.0,0.0,0.0,0.0,0.0,0.0,0.0,0.0,0.0,-0.0015649803395839657
2025-09-19 12:00:00,1.77998,1.78161,1.77947,1.78134,22862,12,0,0.0,0.0,0.0,0.0,0.0,0.0,0.0,0.0,0.0,0.0,0.0007640535286912442
2025-09-19 16:00:00,1.78134,1.78435,1.78058,1.78186,30351,12,0,0.0,0.0,0.0,0.0,0.0,0.0,0.0,0.0,0.0,0.0,0.0002919150751681254
2025-09-19 20:00:00,1.78186,1.78201,1.77942,1.77981,12940,12,0,0.0,0.0,0.0,0.0,0.0,0.0,0.0,0.0,0.0,0.0,-0.0011504832029453071
2025-09-22 00:00:00,1.77832,1.78211,1.77803,1.78198,11531,12,0,0.0,0.0,0.0,0.0,0.0,0.0,0.0,0.0,0.0,0.0,0.001219231266258669
2025-09-22 04:00:00,1.78203,1.78304,1.77833,1.77868,16483,12,0,0.0,0.0,0.0,0.0,0.0,0.0,0.0,0.0,0.0,0.0,-0.001851872636056462
2025-09-22 08:00:00,1.77868,1.78603,1.7786300000000002,1.78365,22638,12,0,0.0,0.0,0.0,0.0,0.0,0.0,0.0,0.0,0.0,0.0,0.0027942069399780056
2025-09-22 12:00:00,1.78365,1.78697,1.78322,1.78579,19688,12,0,0.0,0.0,0.0,0.0,0.0,0.0,0.0,0.0,0.0,0.0,0.0011997869537185846
2025-09-22 16:00:00,1.78579,1.78871,1.78549,1.78784,24958,12,0,0.0,0.0,0.0,0.0,0.0,0.0,0.0,0.0,0.0,0.0,0.0011479513268637387
2025-09-22 20:00:00,1.78784,1.78851,1.78697,1.78818,11765,12,0,0.0,0.0,0.0,0.0,0.0,0.0,0.0,0.0,0.0,0.0,0.0001901736173259838
2025-09-23 00:00:00,1.78667,1.79045,1.7864,1.78965,7662,12,0,0.0,0.0,0.0,0.0,0.0,0.0,0.0,0.0,0.0,0.0,0.000822064892795904
2025-09-23 04:00:00,1.78963,1.79318,1.78959,1.79206,15375,12,0,0.0,0.0,0.0,0.0,0.0,0.0,0.0,0.0,0.0,0.0,0.0013466320230213213
2025-09-23 08:00:00,1.79206,1.79217,1.78786,1.78847,24897,12,0,0.0,0.0,0.0,0.0,0.0,0.0,0.0,0.0,0.0,0.0,-0.002003281140140367
2025-09-23 12:00:00,1.78847,1.78862,1.78362,1.78514,20557,12,0,0.0,0.0,0.0,0.0,0.0,0.0,0.0,0.0,0.0,0.0,-0.0018619266747555985
2025-09-23 16:00:00,1.78515,1.78847,1.7838,1.78792,30191,12,0,0.0,0.0,0.0,0.0,0.0,0.0,0.0,0.0,0.0,0.0,0.0015573008279463618
2025-09-23 20:00:00,1.78794,1.79173,1.78738,1.7902,17768,12,0,0.0,0.0,0.0,0.0,0.0,0.0,0.0,0.0,0.0,0.0,0.0012752248422749357
2025-09-24 00:00:00,1.78919,1.79111,1.78881,1.78985,10985,12,0,0.0,0.0,0.0,0.0,0.0,0.0,0.0,0.0,0.0,0.0,-0.00019550888168928804
2025-09-24 04:00:00,1.78987,1.79086,1.78115,1.78295,18567,12,0,0.0,0.0,0.0,0.0,0.0,0.0,0.0,0.0,0.0,0.0,-0.0038550716540491914
2025-09-24 08:00:00,1.78295,1.78343,1.77921,1.78008,21840,12,0,0.0,0.0,0.0,0.0,0.0,0.0,0.0,0.0,0.0,0.0,-0.0016096918029108176
2025-09-24 12:00:00,1.78008,1.78118,1.77758,1.78075,21850,12,0,0.0,0.0,0.0,0.0,0.0,0.0,0.0,0.0,0.0,0.0,0.00037638757808644563
2025-09-24 16:00:00,1.78077,1.78428,1.77996,1.78395,34040,12,0,0.0,0.0,0.0,0.0,0.0,0.0,0.0,0.0,0.0,0.0,0.001796995647901145
2025-09-24 20:00:00,1.7839,1.78404,1.7826300000000002,1.78301,15185,12,0,0.0,0.0,0.0,0.0,0.0,0.0,0.0,0.0,0.0,0.0,-0.0005269205975503288
2025-09-25 00:00:00,1.78186,1.7838699999999998,1.78123,1.78167,8689,12,0,0.0,0.0,0.0,0.0,0.0,0.0,0.0,0.0,0.0,0.0,-0.0007515381293430323
2025-09-25 04:00:00,1.78166,1.7832,1.78011,1.78121,14467,12,0,0.0,0.0,0.0,0.0,0.0,0.0,0.0,0.0,0.0,0.0,-0.0002581847367919554
2025-09-25 08:00:00,1.78121,1.78224,1.77814,1.7795299999999998,22283,12,0,0.0,0.0,0.0,0.0,0.0,0.0,0.0,0.0,0.0,0.0,-0.0009431790748986035
2025-09-25 12:00:00,1.7795299999999998,1.78425,1.77857,1.78305,26748,12,0,0.0,0.0,0.0,0.0,0.0,0.0,0.0,0.0,0.0,0.0,0.0019780503840902686
2025-09-25 16:00:00,1.78305,1.78576,1.78188,1.78365,39472,12,0,0.0,0.0,0.0,0.0,0.0,0.0,0.0,0.0,0.0,0.0,0.0003365020610750502
2025-09-25 20:00:00,1.78365,1.78557,1.78285,1.78357,20972,12,0,0.0,0.0,0.0,0.0,0.0,0.0,0.0,0.0,0.0,0.0,-4.4851848737037514e-05
2025-09-26 00:00:00,1.78214,1.78575,1.78026,1.78519,11922,12,0,0.0,0.0,0.0,0.0,0.0,0.0,0.0,0.0,0.0,0.0,0.0009082906754429576
2025-09-26 04:00:00,1.78517,1.78638,1.78424,1.78537,14351,12,0,0.0,0.0,0.0,0.0,0.0,0.0,0.0,0.0,0.0,0.0,0.00010082960357160609
2025-09-26 08:00:00,1.78537,1.78878,1.78473,1.78819,21195,12,0,0.0,0.0,0.0,0.0,0.0,0.0,0.0,0.0,0.0,0.0,0.001579504528473219
2025-09-26 12:00:00,1.78821,1.78994,1.78623,1.78684,22956,12,0,0.0,0.0,0.0,0.0,0.0,0.0,0.0,0.0,0.0,0.0,-0.0007549533326994817
2025-09-26 16:00:00,1.78685,1.78829,1.78535,1.78542,34757,12,0,0.0,0.0,0.0,0.0,0.0,0.0,0.0,0.0,0.0,0.0,-0.0007946990217366778
2025-09-26 20:00:00,1.7854,1.78763,1.78521,1.78674,13967,12,0,0.0,0.0,0.0,0.0,0.0,0.0,0.0,0.0,0.0,0.0,0.000739321840239171
2025-09-29 00:00:00,1.78523,1.78789,1.78516,1.78766,9373,12,0,0.0,0.0,0.0,0.0,0.0,0.0,0.0,0.0,0.0,0.0,0.0005149042390051317
2025-09-29 04:00:00,1.7877,1.78921,1.7844600000000002,1.78463,15542,12,0,0.0,0.0,0.0,0.0,0.0,0.0,0.0,0.0,0.0,0.0,-0.0016949531790162453
2025-09-29 08:00:00,1.78465,1.78616,1.7834,1.7845,22340,12,0,0.0,0.0,0.0,0.0,0.0,0.0,0.0,0.0,0.0,0.0,-7.284423101705517e-05
2025-09-29 12:00:00,1.78449,1.7890700000000002,1.78405,1.78889,22225,12,0,0.0,0.0,0.0,0.0,0.0,0.0,0.0,0.0,0.0,0.0,0.0024600728495376423
2025-09-29 16:00:00,1.78888,1.78905,1.78271,1.78371,30053,12,0,0.0,0.0,0.0,0.0,0.0,0.0,0.0,0.0,0.0,0.0,-0.0028956503753725382
2025-09-29 20:00:00,1.78371,1.7838500000000002,1.7822900000000002,1.78282,12302,12,0,0.0,0.0,0.0,0.0,0.0,0.0,0.0,0.0,0.0,0.0,-0.0004989600327406363
2025-09-30 00:00:00,1.78144,1.7838500000000002,1.78144,1.78161,9795,12,0,0.0,0.0,0.0,0.0,0.0,0.0,0.0,0.0,0.0,0.0,-0.0006787000370200857
2025-09-30 04:00:00,1.78165,1.78171,1.77425,1.77528,18762,12,0,0.0,0.0,0.0,0.0,0.0,0.0,0.0,0.0,0.0,0.0,-0.003552966137370106
2025-09-30 08:00:00,1.77529,1.78491,1.7751,1.77843,29626,12,0,0.0,0.0,0.0,0.0,0.0,0.0,0.0,0.0,0.0,0.0,0.0017743679870216855
2025-09-30 12:00:00,1.77843,1.77956,1.77403,1.7749700000000002,22936,12,0,0.0,0.0,0.0,0.0,0.0,0.0,0.0,0.0,0.0,0.0,-0.0019455362313950397
2025-09-30 16:00:00,1.7749700000000002,1.77608,1.77128,1.77603,35439,12,0,0.0,0.0,0.0,0.0,0.0,0.0,0.0,0.0,0.0,0.0,0.0005971931919974693
2025-09-30 20:00:00,1.77604,1.77652,1.77407,1.77421,15834,12,0,0.0,0.0,0.0,0.0,0.0,0.0,0.0,0.0,0.0,0.0,-0.0010247574646824464
2025-10-01 00:00:00,1.77266,1.77715,1.77256,1.77689,10084,12,0,0.0,0.0,0.0,0.0,0.0,0.0,0.0,0.0,0.0,0.0,0.0015105314477992238
2025-10-01 04:00:00,1.77689,1.78142,1.77679,1.78055,14141,12,0,0.0,0.0,0.0,0.0,0.0,0.0,0.0,0.0,0.0,0.0,0.0020597786019393993
2025-10-01 08:00:00,1.78055,1.78185,1.77611,1.77636,31122,12,0,0.0,0.0,0.0,0.0,0.0,0.0,0.0,0.0,0.0,0.0,-0.002353205470219999
2025-10-01 12:00:00,1.77635,1.77688,1.77274,1.77483,31834,12,0,0.0,0.0,0.0,0.0,0.0,0.0,0.0,0.0,0.0,0.0,-0.0008613118962372823
2025-10-01 16:00:00,1.77483,1.77748,1.77352,1.77381,39396,12,0,0.0,0.0,0.0,0.0,0.0,0.0,0.0,0.0,0.0,0.0,-0.0005747029292945127
2025-10-01 20:00:00,1.77381,1.7746499999999998,1.77327,1.77371,16037,12,0,0.0,0.0,0.0,0.0,0.0,0.0,0.0,0.0,0.0,0.0,-5.637582379180994e-05
2025-10-02 00:00:00,1.77264,1.77552,1.77264,1.77537,9302,12,0,-0.5267,0.0,-0.5267,-0.5267,-0.5267,-0.5267,-1.0,-0.005486458333333333,-0.5267,0.0537560936468294,0.0009358914365933391
2025-10-02 04:00:00,1.77538,1.77602,1.77284,1.77329,12416,12,0,-0.5267,0.0,-0.5267,-0.5267,-0.5267,-0.5267,-1.0,-0.010972916666666666,0.0,0.07562141924247151,-0.0011715867678285807
2025-10-02 08:00:00,1.77329,1.7761,1.77238,1.77528,21994,12,0,-0.5267,0.0,-0.5267,-0.5267,-0.5267,-0.5267,-1.0,-0.016459375,0.0,0.09212298482049346,0.0011222078735007024
2025-10-02 12:00:00,1.77528,1.7795,1.77508,1.77782,22216,12,0,-0.5267,0.0,-0.5267,-0.5267,-0.5267,-0.5267,-1.0,-0.02194583333333333,0.0,0.10580100876712081,0.0014307602181065082
2025-10-02 16:00:00,1.77783,1.77931,1.77567,1.77672,34602,12,0,-0.5267,0.0,-0.5267,-0.5267,-0.5267,-0.5267,-1.0,-0.027432291666666664,0.0,0.11764449166856969,-0.0006187353050364219
2025-10-02 20:00:00,1.77673,1.77754,1.77612,1.7761900000000002,12878,12,0,-0.5267,0.0,-0.5267,-0.5267,-0.5267,-0.5267,-1.0,-0.03291875,0.0,0.12816303376435903,-0.00029830248998152786
2025-10-03 00:00:00,1.77484,1.77761,1.77484,1.7762099999999998,7346,12,0,0.0,0.0,0.0,0.0,0.0,0.0,0.0,-0.03291875,0.5267,0.12816303376435903,1.1260056637985016e-05
2025-10-03 04:00:00,1.7762099999999998,1.77826,1.77539,1.77792,13486,12,0,0.0,0.0,0.0,0.0,0.0,0.0,0.0,-0.03291875,0.0,0.12816303376435903,0.0009627240022296313
2025-10-03 08:00:00,1.77792,1.77856,1.7752,1.77713,21072,12,0,0.0,0.0,0.0,0.0,0.0,0.0,0.0,-0.03291875,0.0,0.12816303376435903,-0.0004443394528437228
2025-10-03 12:00:00,1.7771,1.77781,1.77638,1.77697,19667,12,0,0.0,0.0,0.0,0.0,0.0,0.0,0.0,-0.03291875,0.0,0.12816303376435903,-9.003280570363259e-05
2025-10-03 16:00:00,1.77698,1.77966,1.77578,1.77639,31076,12,0,0.0,0.0,0.0,0.0,0.0,0.0,0.0,-0.03291875,0.0,0.12816303376435903,-0.0003263983072309129
2025-10-03 20:00:00,1.77639,1.77883,1.77625,1.77852,15843,12,0,0.0,0.0,0.0,0.0,0.0,0.0,0.0,-0.03291875,0.0,0.12816303376435903,0.0011990610170065086
2025-10-06 00:00:00,1.77927,1.77968,1.77525,1.77562,18942,12,0,0.0,0.0,0.0,0.0,0.0,0.0,0.0,-0.03291875,0.0,0.12816303376435903,-0.0016305692373435043
2025-10-06 04:00:00,1.77564,1.7771,1.77353,1.77498,16470,12,0,0.0,0.0,0.0,0.0,0.0,0.0,0.0,-0.03291875,0.0,0.12816303376435903,-0.00036043748099257034
2025-10-06 08:00:00,1.77498,1.77572,1.7651599999999998,1.76795,31755,12,0,0.0,0.0,0.0,0.0,0.0,0.0,0.0,-0.03291875,0.0,0.12816303376435903,-0.00396060800685083
2025-10-06 12:00:00,1.76795,1.7700399999999998,1.76713,1.76833,28343,12,0,0.0,0.0,0.0,0.0,0.0,0.0,0.0,-0.03291875,0.0,0.12816303376435903,0.00021493820526607976
2025-10-06 16:00:00,1.76835,1.77063,1.76707,1.76989,29452,12,0,0.0,0.0,0.0,0.0,0.0,0.0,0.0,-0.03291875,0.0,0.12816303376435903,0.0008821882793370595
2025-10-06 20:00:00,1.76988,1.7702,1.76928,1.76972,13182,12,0,0.0,0.0,0.0,0.0,0.0,0.0,0.0,-0.03291875,0.0,0.12816303376435903,-9.605116702171568e-05
2025-10-07 00:00:00,1.76806,1.77173,1.76804,1.7715999999999998,11450,12,0,0.0,0.0,0.0,0.0,0.0,0.0,0.0,-0.03291875,0.0,0.12816303376435903,0.001062314942476661
2025-10-07 04:00:00,1.7715999999999998,1.772,1.76693,1.76932,12996,12,0,0.0,0.0,0.0,0.0,0.0,0.0,0.0,-0.03291875,0.0,0.12816303376435903,-0.0012869722284939433
2025-10-07 08:00:00,1.76932,1.77364,1.76912,1.77003,22967,12,0,0.0,0.0,0.0,0.0,0.0,0.0,0.0,-0.03291875,0.0,0.12816303376435903,0.00040128410914919144
2025-10-07 12:00:00,1.77003,1.77167,1.76869,1.77113,22453,12,0,0.0,0.0,0.0,0.0,0.0,0.0,0.0,-0.03291875,0.0,0.12816303376435903,0.0006214583933605855
2025-10-07 16:00:00,1.77112,1.77319,1.76814,1.77196,34921,12,0,0.0,0.0,0.0,0.0,0.0,0.0,0.0,-0.03291875,0.0,0.12816303376435903,0.00046862737348463135
2025-10-07 20:00:00,1.7719399999999998,1.77256,1.77016,1.77127,18000,12,0,0.0,0.0,0.0,0.0,0.0,0.0,0.0,-0.03291875,0.0,0.12816303376435903,-0.00038939930923953536
2025-10-08 00:00:00,1.76969,1.77156,1.76969,1.77113,10086,12,0,0.0,0.0,0.0,0.0,0.0,0.0,0.0,-0.03291875,0.0,0.12816303376435903,-7.903933335962066e-05
2025-10-08 04:00:00,1.7711,1.77211,1.76936,1.77018,21538,12,0,0.0,0.0,0.0,0.0,0.0,0.0,0.0,-0.03291875,0.0,0.12816303376435903,-0.0005363807286873357
2025-10-08 08:00:00,1.77017,1.77154,1.76923,1.77024,26985,12,0,0.0,0.0,0.0,0.0,0.0,0.0,0.0,-0.03291875,0.0,0.12816303376435903,3.389485814997428e-05
2025-10-08 12:00:00,1.77024,1.77095,1.7679,1.7679399999999998,25248,12,0,0.0,0.0,0.0,0.0,0.0,0.0,0.0,-0.03291875,0.0,0.12816303376435903,-0.001299258857556107
2025-10-08 16:00:00,1.7679200000000002,1.76801,1.7630400000000002,1.76383,32080,12,0,0.0,0.0,0.0,0.0,0.0,0.0,0.0,-0.03291875,0.0,0.12816303376435903,-0.002324739527359454
2025-10-08 20:00:00,1.76382,1.76586,1.76321,1.76529,19001,12,0,0.0,0.0,0.0,0.0,0.0,0.0,0.0,-0.03291875,0.0,0.12816303376435903,0.0008277441703565813
2025-10-09 00:00:00,1.76491,1.76665,1.76424,1.76474,12343,12,0,0.0,0.0,0.0,0.0,0.0,0.0,0.0,-0.03291875,0.0,0.12816303376435903,-0.00031156353913519563
2025-10-09 04:00:00,1.76474,1.76627,1.76187,1.76268,16330,12,0,0.0,0.0,0.0,0.0,0.0,0.0,0.0,-0.03291875,0.0,0.12816303376435903,-0.001167310765325169
2025-10-09 08:00:00,1.76268,1.76755,1.76186,1.76449,28997,12,0,0.0,0.0,0.0,0.0,0.0,0.0,0.0,-0.03291875,0.0,0.12816303376435903,0.001026845485283756
2025-10-09 12:00:00,1.76449,1.76512,1.75714,1.75816,28153,12,0,0.0,0.0,0.0,0.0,0.0,0.0,0.0,-0.03291875,0.0,0.12816303376435903,-0.00358743886335422
2025-10-09 16:00:00,1.75816,1.76594,1.75735,1.76497,47104,12,0,0.0,0.0,0.0,0.0,0.0,0.0,0.0,-0.03291875,0.0,0.12816303376435903,0.0038733676115938476
2025-10-09 20:00:00,1.76497,1.76572,1.76385,1.76415,22367,12,0,0.0,0.0,0.0,0.0,0.0,0.0,0.0,-0.03291875,0.0,0.12816303376435903,-0.000464597131962452
2025-10-10 00:00:00,1.76184,1.7644,1.76161,1.76164,13191,12,0,0.0,0.0,0.0,0.0,0.0,0.0,0.0,-0.03291875,0.0,0.12816303376435903,-0.001422781509508808
2025-10-10 04:00:00,1.76164,1.76264,1.76035,1.76241,15085,12,0,0.0,0.0,0.0,0.0,0.0,0.0,0.0,-0.03291875,0.0,0.12816303376435903,0.0004370927090664445
2025-10-10 08:00:00,1.76242,1.76717,1.76181,1.76572,27023,12,0,0.0,0.0,0.0,0.0,0.0,0.0,0.0,-0.03291875,0.0,0.12816303376435903,0.0018781100878910717
2025-10-10 12:00:00,1.76572,1.76696,1.76414,1.76531,25757,12,0,0.0,0.0,0.0,0.0,0.0,0.0,0.0,-0.03291875,0.0,0.12816303376435903,-0.0002321998957932614
2025-10-10 16:00:00,1.76531,1.79304,1.76496,1.78989,55147,12,0,0.0,0.0,0.0,0.0,0.0,0.0,0.0,-0.03291875,0.0,0.12816303376435903,0.013923900051548976
2025-10-10 20:00:00,1.78992,1.79577,1.7875100000000002,1.79444,31535,12,0,0.0,0.0,0.0,0.0,0.0,0.0,0.0,-0.03291875,0.0,0.12816303376435903,0.0025420556570516784
2025-10-13 00:00:00,1.78183,1.78775,1.78166,1.78294,23485,12,0,0.0,0.0,0.0,0.0,0.0,0.0,0.0,-0.03291875,0.0,0.12816303376435903,-0.006408684603553261
2025-10-13 04:00:00,1.78294,1.78365,1.7788,1.78154,21078,12,0,0.0,0.0,0.0,0.0,0.0,0.0,0.0,-0.03291875,0.0,0.12816303376435903,-0.000785219917664115
2025-10-13 08:00:00,1.78154,1.78294,1.77652,1.77659,31387,12,0,0.0,0.0,0.0,0.0,0.0,0.0,0.0,-0.03291875,0.0,0.12816303376435903,-0.0027784950099352113
2025-10-13 12:00:00,1.77659,1.77962,1.77578,1.77733,27609,12,0,0.0,0.0,0.0,0.0,0.0,0.0,0.0,-0.03291875,0.0,0.12816303376435903,0.00041652829296578986
2025-10-13 16:00:00,1.77733,1.77761,1.77349,1.77427,34794,12,0,0.0,0.0,0.0,0.0,0.0,0.0,0.0,-0.03291875,0.0,0.12816303376435903,-0.0017216836490691056
2025-10-13 20:00:00,1.77429,1.77599,1.77424,1.77583,14625,12,0,0.0,0.0,0.0,0.0,0.0,0.0,0.0,-0.03291875,0.0,0.12816303376435903,0.0008792348402442141
2025-10-14 00:00:00,1.77468,1.77657,1.77236,1.77354,11673,12,0,0.0,0.0,0.0,0.0,0.0,0.0,0.0,-0.03291875,0.0,0.12816303376435903,-0.0012895378499069299
2025-10-14 04:00:00,1.77353,1.78973,1.77338,1.78872,23926,12,0,0.0,0.0,0.0,0.0,0.0,0.0,0.0,-0.03291875,0.0,0.12816303376435903,0.008559152880679433
2025-10-14 08:00:00,1.78874,1.79355,1.78742,1.78979,40908,12,0,0.0,0.0,0.0,0.0,0.0,0.0,0.0,-0.03291875,0.0,0.12816303376435903,0.0005981931213381309
2025-10-14 12:00:00,1.78979,1.79408,1.78923,1.79242,33222,12,0,0.0,0.0,0.0,0.0,0.0,0.0,0.0,-0.03291875,0.0,0.12816303376435903,0.0014694461361388633
2025-10-14 16:00:00,1.79239,1.79461,1.7866300000000002,1.78826,48515,12,0,0.0,0.0,0.0,0.0,0.0,0.0,0.0,-0.03291875,0.0,0.12816303376435903,-0.002320884614097074
2025-10-14 20:00:00,1.78826,1.79188,1.78711,1.78947,24764,12,0,0.0,0.0,0.0,0.0,0.0,0.0,0.0,-0.03291875,0.0,0.12816303376435903,0.0006766353885900855
2025-10-15 00:00:00,1.78795,1.7898,1.7865799999999998,1.7873,11660,12,0,0.0,0.0,0.0,0.0,0.0,0.0,0.0,-0.03291875,0.0,0.12816303376435903,-0.0012126495554548589
2025-10-15 04:00:00,1.78729,1.78881,1.7824,1.78345,21482,12,0,0.0,0.0,0.0,0.0,0.0,0.0,0.0,-0.03291875,0.0,0.12816303376435903,-0.0021540871705926223
2025-10-15 08:00:00,1.78338,1.78621,1.78254,1.78473,26117,12,0,0.0,0.0,0.0,0.0,0.0,0.0,0.0,-0.03291875,0.0,0.12816303376435903,0.0007177100563513505
2025-10-15 12:00:00,1.78474,1.7860200000000002,1.78209,1.785,25221,12,0,0.0,0.0,0.0,0.0,0.0,0.0,0.0,-0.03291875,0.0,0.12816303376435903,0.00015128338740311165
2025-10-15 16:00:00,1.78497,1.78791,1.78343,1.78699,39305,12,0,0.0,0.0,0.0,0.0,0.0,0.0,0.0,-0.03291875,0.0,0.12816303376435903,0.0011148459383754084
2025-10-15 20:00:00,1.78697,1.79284,1.78693,1.78825,24038,12,0,0.0,0.0,0.0,0.0,0.0,0.0,0.0,-0.03291875,0.0,0.12816303376435903,0.0007050962792181092
2025-10-16 00:00:00,1.78788,1.79941,1.78704,1.7973599999999998,13456,12,0,0.0,0.0,0.0,0.0,0.0,0.0,0.0,-0.03291875,0.0,0.12816303376435903,0.005094366000279571
2025-10-16 04:00:00,1.79737,1.79926,1.7934,1.79581,21863,12,0,0.0,0.0,0.0,0.0,0.0,0.0,0.0,-0.03291875,0.0,0.12816303376435903,-0.0008623759291405131
2025-10-16 08:00:00,1.79581,1.79651,1.7893599999999998,1.79183,28334,12,0,0.0,0.0,0.0,0.0,0.0,0.0,0.0,-0.03291875,0.0,0.12816303376435903,-0.002216270095388606
2025-10-16 12:00:00,1.79183,1.79389,1.7901,1.79372,24936,12,0,0.0,0.0,0.0,0.0,0.0,0.0,0.0,-0.03291875,0.0,0.12816303376435903,0.0010547875635522619
2025-10-16 16:00:00,1.79372,1.80376,1.79271,1.79903,45030,12,0,0.0,0.0,0.0,0.0,0.0,0.0,0.0,-0.03291875,0.0,0.12816303376435903,0.0029603282563610556
2025-10-16 20:00:00,1.79903,1.8058,1.79854,1.8022,29064,12,0,0.0,0.0,0.0,0.0,0.0,0.0,0.0,-0.03291875,0.0,0.12816303376435903,0.0017620606660255778
2025-10-17 00:00:00,1.8010000000000002,1.80658,1.80084,1.80547,11147,12,0,0.0,0.0,0.0,0.0,0.0,0.0,0.0,-0.03291875,0.0,0.12816303376435903,0.0018144490067695251
2025-10-17 04:00:00,1.80547,1.81204,1.8035,1.80865,19000,12,0,0.0,0.0,0.0,0.0,0.0,0.0,0.0,-0.03291875,0.0,0.12816303376435903,0.001761314228428068
2025-10-17 08:00:00,1.80865,1.81622,1.80846,1.81086,34669,12,0,0.0,0.0,0.0,0.0,0.0,0.0,0.0,-0.03291875,0.0,0.12816303376435903,0.001221905841373383
2025-10-17 12:00:00,1.81086,1.81129,1.7973,1.80333,35174,12,0,0.0,0.0,0.0,0.0,0.0,0.0,0.0,-0.03291875,0.0,0.12816303376435903,-0.0041582452536362835
2025-10-17 16:00:00,1.80333,1.80418,1.7977,1.79971,43653,12,0,0.0,0.0,0.0,0.0,0.0,0.0,0.0,-0.03291875,0.0,0.12816303376435903,-0.002007397425873303
2025-10-17 20:00:00,1.79971,1.80025,1.79282,1.79305,20040,12,0,0.0,0.0,0.0,0.0,0.0,0.0,0.0,-0.03291875,0.0,0.12816303376435903,-0.003700596207166673
2025-10-20 00:00:00,1.79511,1.79659,1.79145,1.79324,10714,12,0,0.0,0.0,0.0,0.0,0.0,0.0,0.0,-0.03291875,0.0,0.12816303376435903,0.00010596469702450761
2025-10-20 04:00:00,1.79324,1.79529,1.79077,1.79482,14070,12,0,0.0,0.0,0.0,0.0,0.0,0.0,0.0,-0.03291875,0.0,0.12816303376435903,0.000881086748009352
2025-10-20 08:00:00,1.79482,1.79571,1.79333,1.79515,22453,12,0,0.0,0.0,0.0,0.0,0.0,0.0,0.0,-0.03291875,0.0,0.12816303376435903,0.00018386244860213452
2025-10-20 12:00:00,1.7951700000000002,1.7967,1.7936800000000002,1.7948499999999998,24549,12,0,0.0,0.0,0.0,0.0,0.0,0.0,0.0,-0.03291875,0.0,0.12816303376435903,-0.00016711695401505633
2025-10-20 16:00:00,1.7948499999999998,1.7951,1.78752,1.78838,27007,12,0,0.0,0.0,0.0,0.0,0.0,0.0,0.0,-0.03291875,0.0,0.12816303376435903,-0.0036047580577762695
2025-10-20 20:00:00,1.78834,1.78839,1.78671,1.7873,11646,12,0,0.0,0.0,0.0,0.0,0.0,0.0,0.0,-0.03291875,0.0,0.12816303376435903,-0.0006038985003187225
2025-10-21 00:00:00,1.78643,1.78798,1.78601,1.78613,7428,12,0,0.0,0.0,0.0,0.0,0.0,0.0,0.0,-0.03291875,0.0,0.12816303376435903,-0.0006546186985957325
2025-10-21 04:00:00,1.78613,1.7899699999999998,1.78605,1.78913,15656,12,0,0.0,0.0,0.0,0.0,0.0,0.0,0.0,-0.03291875,0.0,0.12816303376435903,0.001679608987027903
2025-10-21 08:00:00,1.78913,1.7945600000000002,1.78881,1.79184,26685,12,0,0.0,0.0,0.0,0.0,0.0,0.0,0.0,-0.03291875,0.0,0.12816303376435903,0.0015147026767199367
2025-10-21 12:00:00,1.7918500000000002,1.79314,1.78738,1.78756,27118,12,0,0.0,0.0,0.0,0.0,0.0,0.0,0.0,-0.03291875,0.0,0.12816303376435903,-0.0023886061255469215
2025-10-21 16:00:00,1.78756,1.79383,1.78627,1.78831,35434,12,0,0.0,0.0,0.0,0.0,0.0,0.0,0.0,-0.03291875,0.0,0.12816303376435903,0.00041956633623496664
2025-10-21 20:00:00,1.78831,1.7893400000000002,1.78718,1.78774,13169,12,0,0.0,0.0,0.0,0.0,0.0,0.0,0.0,-0.03291875,0.0,0.12816303376435903,-0.00031873668435555835
2025-10-22 00:00:00,1.78682,1.7893,1.78623,1.78923,8696,12,0,0.0,0.0,0.0,0.0,0.0,0.0,0.0,-0.03291875,0.0,0.12816303376435903,0.0008334545291821538
2025-10-22 04:00:00,1.78921,1.78969,1.78487,1.78601,11721,12,0,0.0,0.0,0.0,0.0,0.0,0.0,0.0,-0.03291875,0.0,0.12816303376435903,-0.0017996568356219989
2025-10-22 08:00:00,1.78601,1.78618,1.78321,1.78563,24113,12,0,0.0,0.0,0.0,0.0,0.0,0.0,0.0,-0.03291875,0.0,0.12816303376435903,-0.00021276476615472717
2025-10-22 12:00:00,1.78563,1.78706,1.78397,1.7851,24462,12,0,0.0,0.0,0.0,0.0,0.0,0.0,0.0,-0.03291875,0.0,0.12816303376435903,-0.00029681400962133786
2025-10-22 16:00:00,1.7851,1.79283,1.78366,1.78886,35956,12,0,0.0,0.0,0.0,0.0,0.0,0.0,0.0,-0.03291875,0.0,0.12816303376435903,0.0021063245756540727
2025-10-22 20:00:00,1.78886,1.79272,1.7881,1.78895,19765,12,0,0.0,0.0,0.0,0.0,0.0,0.0,0.0,-0.03291875,0.0,0.12816303376435903,5.031137148803211e-05
2025-10-23 00:00:00,1.78775,1.7898,1.78737,1.78738,8647,12,0,0.0,0.0,0.0,0.0,0.0,0.0,0.0,-0.03291875,0.0,0.12816303376435903,-0.000877609771094856
2025-10-23 04:00:00,1.78738,1.78945,1.78641,1.7885,12909,12,0,0.0,0.0,0.0,0.0,0.0,0.0,0.0,-0.03291875,0.0,0.12816303376435903,0.0006266154930680834
2025-10-23 08:00:00,1.7885,1.7887300000000002,1.7809,1.78163,19306,12,0,0.0,0.0,0.0,0.0,0.0,0.0,0.0,-0.03291875,0.0,0.12816303376435903,-0.0038412077159630797
2025-10-23 12:00:00,1.78163,1.78396,1.77997,1.78334,18758,12,0,0.0,0.0,0.0,0.0,0.0,0.0,0.0,-0.03291875,0.0,0.12816303376435903,0.0009597952436812829
2025-10-23 16:00:00,1.78334,1.78471,1.78157,1.78245,27294,12,0,0.0,0.0,0.0,0.0,0.0,0.0,0.0,-0.03291875,0.0,0.12816303376435903,-0.0004990635549024791
2025-10-23 20:00:00,1.78245,1.78428,1.7811,1.78371,11765,12,0,0.0,0.0,0.0,0.0,0.0,0.0,0.0,-0.03291875,0.0,0.12816303376435903,0.0007068921989394905
2025-10-24 00:00:00,1.78282,1.78424,1.7827,1.78354,6907,12,0,0.0,0.0,0.0,0.0,0.0,0.0,0.0,-0.027432291666666664,0.0,0.11764449166856969,-9.53069725460054e-05
2025-10-24 04:00:00,1.78354,1.78677,1.78294,1.78528,11240,12,0,0.0,0.0,0.0,0.0,0.0,0.0,0.0,-0.02194583333333333,0.0,0.10580100876712081,0.0009755878757975456
2025-10-24 08:00:00,1.78528,1.78793,1.78395,1.78728,19828,12,0,0.0,0.0,0.0,0.0,0.0,0.0,0.0,-0.016459375,0.0,0.09212298482049346,0.0011202724502599182
2025-10-24 12:00:00,1.78728,1.78798,1.78305,1.7849,22175,12,0,0.0,0.0,0.0,0.0,0.0,0.0,0.0,-0.010972916666666666,0.0,0.07562141924247151,-0.0013316324246900324
2025-10-24 16:00:00,1.7849,1.78966,1.78429,1.78594,31514,12,0,0.0,0.0,0.0,0.0,0.0,0.0,0.0,-0.005486458333333333,0.0,0.05375609364682941,0.0005826656955572052
2025-10-24 20:00:00,1.78594,1.78661,1.78449,1.78449,11168,12,0,0.0,0.0,0.0,0.0,0.0,0.0,0.0,0.0,0.0,0.0,-0.0008118973761717108
2025-10-27 00:00:00,1.77735,1.78177,1.77663,1.7814100000000002,11347,12,0,0.0,0.0,0.0,0.0,0.0,0.0,0.0,0.0,0.0,0.0,-0.0017259833341737307
2025-10-27 04:00:00,1.7814100000000002,1.78193,1.77877,1.77956,13337,12,0,0.0,0.0,0.0,0.0,0.0,0.0,0.0,0.0,0.0,0.0,-0.0010385032081329237
2025-10-27 08:00:00,1.77956,1.77974,1.77413,1.77446,18706,12,0,0.0,0.0,0.0,0.0,0.0,0.0,0.0,0.0,0.0,0.0,-0.0028658769583492782
2025-10-27 12:00:00,1.77446,1.7769,1.7741,1.7757,21235,12,0,0.0,0.0,0.0,0.0,0.0,0.0,0.0,0.0,0.0,0.0,0.0006988041432323122
2025-10-27 16:00:00,1.7757,1.77794,1.77447,1.77521,25312,12,0,0.0,0.0,0.0,0.0,0.0,0.0,0.0,0.0,0.0,0.0,-0.00027594751365667136
2025-10-27 20:00:00,1.77521,1.77725,1.77481,1.77598,11904,12,0,0.0,0.0,0.0,0.0,0.0,0.0,0.0,0.0,0.0,0.0,0.00043375149982249894
2025-10-28 00:00:00,1.77608,1.77765,1.77556,1.7773,8141,12,0,0.0,0.0,0.0,0.0,0.0,0.0,0.0,0.0,0.0,0.0,0.0007432516131939959
2025-10-28 04:00:00,1.7773,1.77866,1.7764799999999998,1.77733,13823,12,0,0.0,0.0,0.0,0.0,0.0,0.0,0.0,0.0,0.0,0.0,1.6879536375302706e-05
2025-10-28 08:00:00,1.77735,1.78152,1.77713,1.77991,18914,12,0,0.0,0.0,0.0,0.0,0.0,0.0,0.0,0.0,0.0,0.0,0.0014516156256856316
2025-10-28 12:00:00,1.77991,1.77999,1.7749700000000002,1.77599,18694,12,0,0.0,0.0,0.0,0.0,0.0,0.0,0.0,0.0,0.0,0.0,-0.0022023585462187523
2025-10-28 16:00:00,1.77602,1.77603,1.76913,1.77084,27891,12,0,0.0,0.0,0.0,0.0,0.0,0.0,0.0,0.0,0.0,0.0,-0.0028997911024273293
2025-10-28 20:00:00,1.77084,1.77102,1.76915,1.76926,12046,12,0,0.0,0.0,0.0,0.0,0.0,0.0,0.0,0.0,0.0,0.0,-0.0008922319351267749
2025-10-29 00:00:00,1.76888,1.772,1.76416,1.7664,10857,12,0,0.0,0.0,0.0,0.0,0.0,0.0,0.0,0.0,0.0,0.0,-0.0016164950318212634
2025-10-29 04:00:00,1.76642,1.76755,1.76295,1.76369,14522,12,0,0.0,0.0,0.0,0.0,0.0,0.0,0.0,0.0,0.0,0.0,-0.001534193840579734
2025-10-29 08:00:00,1.76369,1.76414,1.75795,1.76233,19886,12,0,0.0,0.0,0.0,0.0,0.0,0.0,0.0,0.0,0.0,0.0,-0.0007711105693177789
2025-10-29 12:00:00,1.76233,1.76652,1.76191,1.76337,20843,12,0,0.0,0.0,0.0,0.0,0.0,0.0,0.0,0.0,0.0,0.0,0.0005901278421180933
2025-10-29 16:00:00,1.76337,1.7651,1.76136,1.76288,26500,12,0,0.0,0.0,0.0,0.0,0.0,0.0,0.0,0.0,0.0,0.0,-0.0002778770195704938
2025-10-29 20:00:00,1.76288,1.76655,1.7605300000000002,1.76436,41275,12,0,0.0,0.0,0.0,0.0,0.0,0.0,0.0,0.0,0.0,0.0,0.000839535305863004
2025-10-30 00:00:00,1.76385,1.76669,1.76277,1.76295,9570,12,0,0.0,0.0,0.0,0.0,0.0,0.0,0.0,0.0,0.0,0.0,-0.0007991566347003154
2025-10-30 04:00:00,1.76298,1.76901,1.76168,1.7639399999999998,26544,12,0,0.0,0.0,0.0,0.0,0.0,0.0,0.0,0.0,0.0,0.0,0.0005615587509570918
2025-10-30 08:00:00,1.7639399999999998,1.76662,1.76285,1.76618,26974,12,0,0.0,0.0,0.0,0.0,0.0,0.0,0.0,0.0,0.0,0.0,0.0012698844631904294
2025-10-30 12:00:00,1.76618,1.77001,1.76594,1.76714,26014,12,0,0.0,0.0,0.0,0.0,0.0,0.0,0.0,0.0,0.0,0.0,0.0005435459579430368
2025-10-30 16:00:00,1.76715,1.77059,1.76372,1.76503,38275,12,0,0.0,0.0,0.0,0.0,0.0,0.0,0.0,0.0,0.0,0.0,-0.0011940197154723942
2025-10-30 20:00:00,1.76503,1.7663,1.76357,1.76424,17711,12,0,0.0,0.0,0.0,0.0,0.0,0.0,0.0,0.0,0.0,0.0,-0.00044758446032078236
2025-10-31 00:00:00,1.76373,1.76556,1.76373,1.76508,7682,12,0,0.0,0.0,0.0,0.0,0.0,0.0,0.0,0.0,0.0,0.0,0.00047612569718413766
2025-10-31 04:00:00,1.76508,1.76722,1.76448,1.76667,14409,12,0,0.0,0.0,0.0,0.0,0.0,0.0,0.0,0.0,0.0,0.0,0.0009008090284858827
2025-10-31 08:00:00,1.76667,1.76929,1.7666,1.76818,18121,12,0,0.0,0.0,0.0,0.0,0.0,0.0,0.0,0.0,0.0,0.0,0.0008547153684617115
2025-10-31 12:00:00,1.76818,1.76982,1.76674,1.76776,19254,12,0,0.0,0.0,0.0,0.0,0.0,0.0,0.0,0.0,0.0,0.0,-0.00023753237792534243
2025-10-31 16:00:00,1.76779,1.76789,1.75974,1.76294,34434,12,0,0.0,0.0,0.0,0.0,0.0,0.0,0.0,0.0,0.0,0.0,-0.0027266144725528463
2025-10-31 20:00:00,1.76294,1.76407,1.76119,1.76213,14711,12,0,0.0,0.0,0.0,0.0,0.0,0.0,0.0,0.0,0.0,0.0,-0.00045945976607253414
2025-11-03 00:00:00,1.76052,1.76355,1.76013,1.76153,11704,12,0,0.0,0.0,0.0,0.0,0.0,0.0,0.0,0.0,0.0,0.0,-0.0003404970121386741
2025-11-03 04:00:00,1.76153,1.76229,1.7578200000000002,1.75871,10282,12,0,0.0,0.0,0.0,0.0,0.0,0.0,0.0,0.0,0.0,0.0,-0.001600881052267078
2025-11-03 08:00:00,1.7587199999999998,1.76164,1.75636,1.75871,19158,12,0,0.0,0.0,0.0,0.0,0.0,0.0,0.0,0.0,0.0,0.0,0.0
2025-11-03 12:00:00,1.75871,1.76031,1.75802,1.76029,17928,12,0,0.0,0.0,0.0,0.0,0.0,0.0,0.0,0.0,0.0,0.0,0.000898385748645314
2025-11-03 16:00:00,1.76027,1.7658,1.7593299999999998,1.76313,25476,12,0,0.0,0.0,0.0,0.0,0.0,0.0,0.0,0.0,0.0,0.0,0.001613370524174984
2025-11-03 20:00:00,1.76313,1.76345,1.76098,1.76166,9710,12,0,0.0,0.0,0.0,0.0,0.0,0.0,0.0,0.0,0.0,0.0,-0.0008337445338687521
2025-11-04 00:00:00,1.7616,1.76254,1.76006,1.76144,12053,12,0,0.0,0.0,0.0,0.0,0.0,0.0,0.0,0.0,0.0,0.0,-0.00012488221336703909
2025-11-04 04:00:00,1.76144,1.76806,1.76132,1.76787,16892,12,0,0.0,0.0,0.0,0.0,0.0,0.0,0.0,0.0,0.0,0.0,0.003650422381687779
2025-11-04 08:00:00,1.76787,1.77142,1.76707,1.7707000000000002,25426,12,0,0.0,0.0,0.0,0.0,0.0,0.0,0.0,0.0,0.0,0.0,0.0016007964386521856
2025-11-04 12:00:00,1.7707000000000002,1.77248,1.76783,1.77003,21810,12,0,0.0,0.0,0.0,0.0,0.0,0.0,0.0,0.0,0.0,0.0,-0.00037838143107260525
2025-11-04 16:00:00,1.7700399999999998,1.77052,1.76567,1.76888,27654,12,0,0.0,0.0,0.0,0.0,0.0,0.0,0.0,0.0,0.0,0.0,-0.0006497065021496828
2025-11-04 20:00:00,1.76888,1.77071,1.76851,1.7693,15041,12,0,0.0,0.0,0.0,0.0,0.0,0.0,0.0,0.0,0.0,0.0,0.00023743837908729581
2025-11-05 00:00:00,1.7679399999999998,1.7786,1.76757,1.7764799999999998,15252,12,0,0.0,0.0,0.0,0.0,0.0,0.0,0.0,0.0,0.0,0.0,0.00405810207426649
2025-11-05 04:00:00,1.7764799999999998,1.77671,1.76822,1.77058,16863,12,0,0.0,0.0,0.0,0.0,0.0,0.0,0.0,0.0,0.0,0.0,-0.003321174457353804
2025-11-05 08:00:00,1.77057,1.77183,1.7692,1.77177,17568,12,0,0.0,0.0,0.0,0.0,0.0,0.0,0.0,0.0,0.0,0.0,0.000672096149284318
2025-11-05 12:00:00,1.77177,1.77412,1.76895,1.76906,19838,12,0,0.0,0.0,0.0,0.0,0.0,0.0,0.0,0.0,0.0,0.0,-0.0015295439024252122
2025-11-05 16:00:00,1.76906,1.77089,1.76315,1.76445,32285,12,0,0.0,0.0,0.0,0.0,0.0,0.0,0.0,0.0,0.0,0.0,-0.002605903700270251
2025-11-05 20:00:00,1.76445,1.76678,1.76375,1.76615,9903,12,0,0.0,0.0,0.0,0.0,0.0,0.0,0.0,0.0,0.0,0.0,0.0009634730369236788
2025-11-06 00:00:00,1.76564,1.7707000000000002,1.76535,1.76749,10586,12,0,0.0,0.0,0.0,0.0,0.0,0.0,0.0,0.0,0.0,0.0,0.0007587124536421186
2025-11-06 04:00:00,1.76749,1.76867,1.76555,1.76865,10991,12,0,0.0,0.0,0.0,0.0,0.0,0.0,0.0,0.0,0.0,0.0,0.0006562979139910219
2025-11-06 08:00:00,1.76865,1.76942,1.76696,1.7675999999999998,19672,12,0,0.0,0.0,0.0,0.0,0.0,0.0,0.0,0.0,0.0,0.0,-0.000593673140531048
2025-11-06 12:00:00,1.7675999999999998,1.77238,1.76735,1.7722099999999998,22588,12,0,0.0,0.0,0.0,0.0,0.0,0.0,0.0,0.0,0.0,0.0,0.002608056121294444
2025-11-06 16:00:00,1.7722099999999998,1.78504,1.77202,1.78154,40437,12,0,0.0,0.0,0.0,0.0,0.0,0.0,0.0,0.0,0.0,0.0,0.005264613110184557
2025-11-06 20:00:00,1.78152,1.78362,1.77964,1.78181,19877,12,0,0.0,0.0,0.0,0.0,0.0,0.0,0.0,0.0,0.0,0.0,0.00015155427326929427
2025-11-07 00:00:00,1.7811,1.78339,1.77906,1.78111,14879,12,0,0.0,0.0,0.0,0.0,0.0,0.0,0.0,0.0,0.0,0.0,-0.00039285894680118894
2025-11-07 04:00:00,1.78111,1.78368,1.77932,1.78004,12909,12,0,0.0,0.0,0.0,0.0,0.0,0.0,0.0,0.0,0.0,0.0,-0.000600748971147147
2025-11-07 08:00:00,1.78004,1.78106,1.77717,1.77982,20043,12,0,0.0,0.0,0.0,0.0,0.0,0.0,0.0,0.0,0.0,0.0,-0.0001235927282533522
2025-11-07 12:00:00,1.77982,1.78455,1.77944,1.78309,26061,12,0,0.0,0.0,0.0,0.0,0.0,0.0,0.0,0.0,0.0,0.0,0.0018372644424717866
2025-11-07 16:00:00,1.78309,1.78986,1.78276,1.78596,38784,12,0,0.0,0.0,0.0,0.0,0.0,0.0,0.0,0.0,0.0,0.0,0.0016095654173373664
2025-11-07 20:00:00,1.78596,1.78668,1.77923,1.77925,18083,12,0,0.0,0.0,0.0,0.0,0.0,0.0,0.0,0.0,0.0,0.0,-0.003757083025375696
2025-11-10 00:00:00,1.77758,1.78051,1.7722,1.7734100000000002,15863,12,0,0.0,0.0,0.0,0.0,0.0,0.0,0.0,0.0,0.0,0.0,-0.003282281860334302
2025-11-10 04:00:00,1.7734100000000002,1.77445,1.7708,1.7713,14269,12,0,0.0,0.0,0.0,0.0,0.0,0.0,0.0,0.0,0.0,0.0,-0.0011897981854168682
2025-11-10 08:00:00,1.7713,1.7729,1.76932,1.76963,19531,12,0,0.0,0.0,0.0,0.0,0.0,0.0,0.0,0.0,0.0,0.0,-0.0009428103652684428
2025-11-10 12:00:00,1.76963,1.77254,1.76904,1.77166,18882,12,0,0.0,0.0,0.0,0.0,0.0,0.0,0.0,0.0,0.0,0.0,0.0011471324514162884
2025-11-10 16:00:00,1.77166,1.77327,1.7675,1.76816,26087,12,0,0.0,0.0,0.0,0.0,0.0,0.0,0.0,0.0,0.0,0.0,-0.0019755483557793996
2025-11-10 20:00:00,1.76816,1.7688,1.76761,1.76803,10680,12,0,0.0,0.0,0.0,0.0,0.0,0.0,0.0,0.0,0.0,0.0,-7.352275812144704e-05
2025-11-11 00:00:00,1.76693,1.76954,1.76693,1.76918,10043,12,0,0.0,0.0,0.0,0.0,0.0,0.0,0.0,0.0,0.0,0.0,0.0006504414517853885
2025-11-11 04:00:00,1.76918,1.7737699999999998,1.7688199999999998,1.77374,10856,12,0,0.0,0.0,0.0,0.0,0.0,0.0,0.0,0.0,0.0,0.0,0.002577465266394574
2025-11-11 08:00:00,1.77374,1.77468,1.7717,1.77398,18259,12,0,0.0,0.0,0.0,0.0,0.0,0.0,0.0,0.0,0.0,0.0,0.0001353073167429386
2025-11-11 12:00:00,1.77399,1.77615,1.77286,1.77507,20600,12,0,0.0,0.0,0.0,0.0,0.0,0.0,0.0,0.0,0.0,0.0,0.0006144375923065049
2025-11-11 16:00:00,1.77507,1.77837,1.77444,1.7753,25724,12,0,0.0,0.0,0.0,0.0,0.0,0.0,0.0,0.0,0.0,0.0,0.0001295723548930816
2025-11-11 20:00:00,1.7753,1.77552,1.77354,1.77435,11637,12,0,0.0,0.0,0.0,0.0,0.0,0.0,0.0,0.0,0.0,0.0,-0.0005351208246493488
2025-11-12 00:00:00,1.77405,1.77624,1.77338,1.77444,10056,12,0,0.0,0.0,0.0,0.0,0.0,0.0,0.0,0.0,0.0,0.0,5.072279989848383e-05
2025-11-12 04:00:00,1.77444,1.77594,1.77242,1.77298,12149,12,0,0.0,0.0,0.0,0.0,0.0,0.0,0.0,0.0,0.0,0.0,-0.0008227947972317962
2025-11-12 08:00:00,1.77298,1.77311,1.76915,1.77096,19144,12,0,0.0,0.0,0.0,0.0,0.0,0.0,0.0,0.0,0.0,0.0,-0.0011393247526761963
2025-11-12 12:00:00,1.77095,1.77174,1.7685300000000002,1.77014,20569,12,0,0.0,0.0,0.0,0.0,0.0,0.0,0.0,0.0,0.0,0.0,-0.000463025703573261
2025-11-12 16:00:00,1.77014,1.77365,1.76902,1.77193,28956,12,0,0.0,0.0,0.0,0.0,0.0,0.0,0.0,0.0,0.0,0.0,0.00101121945156879
2025-11-12 20:00:00,1.77193,1.77226,1.76969,1.7722,12669,12,0,0.0,0.0,0.0,0.0,0.0,0.0,0.0,0.0,0.0,0.0,0.00015237622253705396
2025-11-13 00:00:00,1.7719399999999998,1.77411,1.7645499999999998,1.76723,14701,12,0,0.0,0.0,0.0,0.0,0.0,0.0,0.0,0.0,0.0,0.0,-0.00280442387992319
2025-11-13 04:00:00,1.76726,1.76858,1.76503,1.7662,12830,12,0,0.0,0.0,0.0,0.0,0.0,0.0,0.0,0.0,0.0,0.0,-0.0005828330211687938
2025-11-13 08:00:00,1.76621,1.76905,1.7629899999999998,1.76726,23524,12,0,0.0,0.0,0.0,0.0,0.0,0.0,0.0,0.0,0.0,0.0,0.0006001585324426628
2025-11-13 12:00:00,1.76726,1.77353,1.76714,1.77315,23203,12,0,0.0,0.0,0.0,0.0,0.0,0.0,0.0,0.0,0.0,0.0,0.003332842931996316
2025-11-13 16:00:00,1.77313,1.77957,1.77274,1.77902,41540,12,0,0.0,0.0,0.0,0.0,0.0,0.0,0.0,0.0,0.0,0.0,0.0033104926261173784
2025-11-13 20:00:00,1.77902,1.78479,1.77846,1.78154,24718,12,0,0.0,0.0,0.0,0.0,0.0,0.0,0.0,0.0,0.0,0.0,0.001416510213488209
2025-11-14 00:00:00,1.78061,1.78246,1.77813,1.7786,12900,12,0,0.0,0.0,0.0,0.0,1.0,1.0,0.0,0.0,0.0,0.1020620726159659,-0.0016502576422645632
2025-11-14 04:00:00,1.7786,1.7829199999999998,1.77599,1.7813,16647,12,0,0.0,0.0,0.0,0.0,1.0,1.0,0.0,0.0,0.0,0.14357588616379605,0.0015180479028449323
2025-11-14 08:00:00,1.7813,1.78434,1.77981,1.78208,30144,12,0,0.0,0.0,0.0,0.0,1.0,1.0,0.0,0.0,0.0,0.17490598978639332,0.0004378824454049912
2025-11-14 12:00:00,1.78206,1.78693,1.78037,1.7838,33635,12,0,0.0,0.0,0.0,0.0,1.0,1.0,0.0,0.0,0.0,0.2008752777048049,0.0009651643023882439
2025-11-14 16:00:00,1.78376,1.78471,1.77305,1.77522,45193,12,0,0.0,0.0,0.0,0.0,1.0,1.0,0.0,0.0,0.0,0.22336148028967084,-0.00480995627312486
2025-11-14 20:00:00,1.7752,1.77845,1.77519,1.77756,26526,12,0,0.0,0.0,0.0,0.0,1.0,1.0,0.0,0.0,0.0,0.2433321316961439,0.0013181464832527912
2025-11-17 00:00:00,1.77665,1.78044,1.7762099999999998,1.78034,16811,12,0,0.0,0.0,0.0,0.0,0.0,0.0,0.0,0.0,0.0,0.2433321316961439,0.0015639415828438974
2025-11-17 04:00:00,1.78034,1.78097,1.77793,1.77837,15331,12,0,0.0,0.0,0.0,0.0,0.0,0.0,0.0,0.0,0.0,0.2433321316961439,-0.0011065302133300703
2025-11-17 08:00:00,1.77837,1.77946,1.7763,1.77931,22246,12,0,0.0,0.0,0.0,0.0,0.0,0.0,0.0,0.0,0.0,0.2433321316961439,0.0005285739188132244
2025-11-17 12:00:00,1.77931,1.78147,1.77807,1.7803,24824,12,0,0.0,0.0,0.0,0.0,0.0,0.0,0.0,0.0,0.0,0.2433321316961439,0.0005563954566658591
2025-11-17 16:00:00,1.78036,1.78416,1.77855,1.78101,33961,12,0,0.0,0.0,0.0,0.0,0.0,0.0,0.0,0.0,0.0,0.2433321316961439,0.0003988091894624457
2025-11-17 20:00:00,1.78102,1.78717,1.78057,1.7850700000000002,23541,12,0,0.0,0.0,0.0,0.0,0.0,0.0,0.0,0.0,0.0,0.2433321316961439,0.0022796053924458715
2025-11-18 00:00:00,1.78454,1.78486,1.78413,1.78459,41,67,0,0.0,0.0,0.0,0.0,0.0,0.0,0.0,0.0,0.0,0.2433321316961439,-0.00026889701804422295
