time,open,high,low,close,tick_volume,spread,real_volume
2023-12-05 16:00:00,1.65079,1.6509399999999999,1.6446399999999999,1.64568,18424,0,0
2023-12-05 20:00:00,1.64571,1.64826,1.64456,1.64747,7394,0,0
2023-12-06 00:00:00,1.64598,1.6478199999999998,1.63815,1.63826,6697,0,0
2023-12-06 04:00:00,1.63825,1.64112,1.63669,1.63937,8147,0,0
2023-12-06 08:00:00,1.63936,1.6428099999999999,1.63594,1.6415199999999999,13074,0,0
2023-12-06 12:00:00,1.6415199999999999,1.64343,1.638,1.6395300000000002,13564,0,0
2023-12-06 16:00:00,1.63951,1.64401,1.63836,1.6432799999999999,17269,0,0
2023-12-06 20:00:00,1.64331,1.6438899999999999,1.64143,1.6434,7757,0,0
2023-12-07 00:00:00,1.6432,1.64476,1.6392600000000002,1.6436899999999999,5788,0,0
2023-12-07 04:00:00,1.6436899999999999,1.6488800000000001,1.64334,1.64688,9146,1,0
2023-12-07 08:00:00,1.64683,1.6470799999999999,1.64043,1.6405699999999999,15184,0,0
2023-12-07 12:00:00,1.64042,1.64194,1.63815,1.6389399999999998,15429,2,0
2023-12-07 16:00:00,1.63888,1.63986,1.63368,1.6362299999999999,19365,0,0
2023-12-07 20:00:00,1.63615,1.63656,1.63448,1.6346500000000002,8760,0,0
2023-12-08 00:00:00,1.63464,1.6368200000000002,1.63308,1.63334,7605,0,0
2023-12-08 04:00:00,1.63333,1.6343100000000002,1.6290499999999999,1.63061,8634,1,0
2023-12-08 08:00:00,1.63063,1.63361,1.6299000000000001,1.63122,13016,1,0
2023-12-08 12:00:00,1.63118,1.635,1.62958,1.6315300000000001,15060,2,0
2023-12-08 16:00:00,1.6315499999999998,1.6378300000000001,1.6314600000000001,1.63574,18883,0,0
2023-12-08 20:00:00,1.6357300000000001,1.63678,1.634,1.63401,7686,0,0
2023-12-11 00:00:00,1.63604,1.64296,1.6353,1.6421999999999999,7491,0,0
2023-12-11 04:00:00,1.64219,1.6427399999999999,1.64038,1.6415600000000001,7879,1,0
2023-12-11 08:00:00,1.6415600000000001,1.6429399999999998,1.63977,1.64195,13177,2,0
2023-12-11 12:00:00,1.6419000000000001,1.64299,1.63954,1.64031,12774,2,0
2023-12-11 16:00:00,1.64026,1.64033,1.63612,1.6385399999999999,15786,1,0
2023-12-11 20:00:00,1.63853,1.63937,1.63771,1.63897,8961,0,0
2023-12-12 00:00:00,1.63897,1.64018,1.63609,1.63692,5506,0,0
2023-12-12 04:00:00,1.63692,1.6373799999999998,1.63215,1.63253,5941,0,0
2023-12-12 08:00:00,1.63249,1.63835,1.63239,1.6372900000000001,10688,0,0
2023-12-12 12:00:00,1.63726,1.6432,1.63696,1.6429399999999998,13139,0,0
2023-12-12 16:00:00,1.64286,1.64725,1.64211,1.6470799999999999,16670,0,0
2023-12-12 20:00:00,1.6470500000000001,1.6471,1.64517,1.64524,8318,0,0
2023-12-13 00:00:00,1.6452499999999999,1.6463999999999999,1.64311,1.64425,4917,0,0
2023-12-13 04:00:00,1.64421,1.6469399999999998,1.64379,1.64542,6324,1,0
2023-12-13 08:00:00,1.64543,1.6480000000000001,1.6444800000000002,1.64568,11582,0,0
2023-12-13 12:00:00,1.64569,1.64614,1.64232,1.6425800000000002,12123,0,0
2023-12-13 16:00:00,1.6425800000000002,1.6425800000000002,1.63876,1.63984,15263,0,0
2023-12-13 20:00:00,1.63985,1.64243,1.6303299999999998,1.63218,18129,0,0
2023-12-14 00:00:00,1.63212,1.63432,1.62381,1.6250900000000001,9331,0,0
2023-12-14 04:00:00,1.6250499999999999,1.626,1.62162,1.62168,11618,1,0
2023-12-14 08:00:00,1.62168,1.6305100000000001,1.62081,1.62499,17106,0,0
2023-12-14 12:00:00,1.62494,1.63395,1.6243400000000001,1.63199,17994,0,0
2023-12-14 16:00:00,1.6319,1.6421000000000001,1.62877,1.63958,21524,0,0
2023-12-14 20:00:00,1.63961,1.6418599999999999,1.6396,1.63995,10974,0,0
2023-12-15 00:00:00,1.6410200000000001,1.64193,1.6384699999999999,1.63998,7569,0,0
2023-12-15 04:00:00,1.63997,1.6406100000000001,1.6362100000000002,1.64002,9663,1,0
2023-12-15 08:00:00,1.6400700000000001,1.6406399999999999,1.62947,1.63064,13045,0,0
2023-12-15 12:00:00,1.63059,1.6367699999999998,1.6297199999999998,1.63613,36351,2,0
2023-12-15 16:00:00,1.63619,1.63645,1.6219700000000001,1.62596,47319,23,0
2023-12-15 20:00:00,1.62596,1.62743,1.6237,1.62442,19707,15,0
2023-12-18 00:00:00,1.62546,1.62782,1.62364,1.62642,13457,31,0
2023-12-18 04:00:00,1.6263999999999998,1.62696,1.62377,1.62591,12195,1,0
2023-12-18 08:00:00,1.6258599999999999,1.6261700000000001,1.62153,1.62249,25399,12,0
2023-12-18 12:00:00,1.62249,1.6250200000000001,1.62144,1.62351,28659,12,0
2023-12-18 16:00:00,1.6234899999999999,1.63198,1.62347,1.6301700000000001,33000,1,0
2023-12-18 20:00:00,1.63011,1.63091,1.62802,1.62854,12030,1,0
2023-12-19 00:00:00,1.6271499999999999,1.62978,1.62574,1.62664,11337,31,0
2023-12-19 04:00:00,1.62664,1.62737,1.62321,1.62668,15778,15,0
2023-12-19 08:00:00,1.62662,1.6288399999999998,1.6251,1.62534,27255,0,0
2023-12-19 12:00:00,1.62534,1.62815,1.62329,1.6256300000000001,31747,22,0
2023-12-19 16:00:00,1.6256599999999999,1.62682,1.62052,1.62303,36182,2,0
2023-12-19 20:00:00,1.62303,1.62401,1.62225,1.62331,11729,11,0
2023-12-20 00:00:00,1.62293,1.6258599999999999,1.62106,1.62149,10626,31,0
2023-12-20 04:00:00,1.62151,1.62356,1.61848,1.61955,12491,31,0
2023-12-20 08:00:00,1.6195599999999999,1.62086,1.61796,1.62027,27996,22,0
2023-12-20 12:00:00,1.62025,1.62101,1.6148799999999999,1.6187,31446,22,0
2023-12-20 16:00:00,1.61871,1.62154,1.61745,1.61928,38206,22,0
2023-12-20 20:00:00,1.61928,1.62592,1.61877,1.62528,19998,11,0
2023-12-21 00:00:00,1.6250499999999999,1.62669,1.62243,1.6232,12774,18,0
2023-12-21 04:00:00,1.62317,1.62374,1.62138,1.6222400000000001,10983,31,0
2023-12-21 08:00:00,1.62223,1.62519,1.62046,1.6214499999999998,22837,22,0
2023-12-21 12:00:00,1.62149,1.62655,1.61961,1.6213600000000001,35335,22,0
2023-12-21 16:00:00,1.6213600000000001,1.62276,1.6166399999999999,1.62018,44051,22,0
2023-12-21 20:00:00,1.62016,1.62088,1.6167,1.61832,16270,17,0
2023-12-22 00:00:00,1.61873,1.62077,1.61401,1.61941,12021,31,0
2023-12-22 04:00:00,1.6194,1.6231900000000001,1.61932,1.6229200000000001,12114,31,0
2023-12-22 08:00:00,1.6229200000000001,1.62343,1.61963,1.61999,23587,22,0
2023-12-22 12:00:00,1.61998,1.62096,1.61727,1.6183100000000001,34304,22,0
2023-12-22 16:00:00,1.61828,1.61985,1.61656,1.61871,40673,22,0
2023-12-22 20:00:00,1.61867,1.61993,1.61795,1.6184699999999999,13719,18,0
2023-12-25 00:00:00,1.6188099999999999,1.61958,1.61625,1.61814,141,273,0
2023-12-26 00:00:00,1.61608,1.62,1.61548,1.6187,6667,16,0
2023-12-26 04:00:00,1.61866,1.6188500000000001,1.61696,1.61782,7833,8,0
2023-12-26 08:00:00,1.61781,1.62079,1.61695,1.61989,13536,9,0
2023-12-26 12:00:00,1.61993,1.62027,1.61611,1.61661,19373,22,0
2023-12-26 16:00:00,1.61658,1.6202800000000002,1.61611,1.6194,24286,22,0
2023-12-26 20:00:00,1.61938,1.61958,1.61686,1.6176,10897,13,0
2023-12-27 00:00:00,1.61787,1.61868,1.6160700000000001,1.61616,8761,9,0
2023-12-27 04:00:00,1.61616,1.61746,1.6138400000000002,1.61715,10143,10,0
2023-12-27 08:00:00,1.61711,1.6184699999999999,1.61547,1.61764,19935,22,0
2023-12-27 12:00:00,1.6176300000000001,1.62002,1.6152600000000001,1.6197599999999999,24695,22,0
2023-12-27 16:00:00,1.61978,1.62418,1.61939,1.62221,35315,22,0
2023-12-27 20:00:00,1.6221999999999999,1.6240999999999999,1.62046,1.62081,14076,7,0
2023-12-28 00:00:00,1.62184,1.62245,1.6185100000000001,1.61875,9834,12,0
2023-12-28 04:00:00,1.61875,1.62515,1.61772,1.62253,11757,30,0
2023-12-28 08:00:00,1.6225,1.63143,1.6218,1.62944,24350,22,0
2023-12-28 12:00:00,1.6294300000000002,1.6294300000000002,1.6218,1.62196,29017,22,0
2023-12-28 16:00:00,1.62198,1.62478,1.61687,1.6174,32076,21,0
2023-12-28 20:00:00,1.6174,1.62005,1.6162100000000001,1.61808,13604,12,0
2023-12-29 00:00:00,1.61931,1.6215199999999999,1.61694,1.61902,8266,48,0
2023-12-29 04:00:00,1.6189900000000002,1.6203400000000001,1.6164800000000001,1.6169099999999998,7506,26,0
2023-12-29 08:00:00,1.61694,1.62368,1.6165699999999998,1.62361,13583,21,0
2023-12-29 12:00:00,1.62363,1.63039,1.62358,1.6286399999999999,19200,21,0
2023-12-29 16:00:00,1.6286399999999999,1.62994,1.61706,1.61856,32378,21,0
2023-12-29 20:00:00,1.61856,1.62142,1.61806,1.61941,15136,21,0
2024-01-02 00:00:00,1.62019,1.62215,1.61798,1.61957,7926,49,0
2024-01-02 04:00:00,1.61957,1.62005,1.61287,1.6131199999999999,10118,12,0
2024-01-02 08:00:00,1.6131199999999999,1.6169799999999999,1.61303,1.61464,26779,22,0
2024-01-02 12:00:00,1.6146500000000001,1.61577,1.61277,1.61541,36000,22,0
2024-01-02 16:00:00,1.61537,1.6196199999999998,1.61417,1.61662,43845,22,0
2024-01-02 20:00:00,1.61662,1.6199400000000002,1.61649,1.61784,13014,20,0
2024-01-03 00:00:00,1.61798,1.62115,1.6142699999999999,1.62062,8537,0,0
2024-01-03 04:00:00,1.62062,1.62171,1.61848,1.61867,9376,10,0
2024-01-03 08:00:00,1.61867,1.62309,1.61829,1.62027,25170,22,0
2024-01-03 12:00:00,1.6202800000000002,1.62641,1.61961,1.62636,34808,22,0
2024-01-03 16:00:00,1.62629,1.62747,1.62246,1.62287,48498,23,0
2024-01-03 20:00:00,1.62289,1.62427,1.6198299999999999,1.6213899999999999,24464,12,0
2024-01-04 00:00:00,1.62142,1.6235300000000001,1.6188099999999999,1.62202,7950,9,0
2024-01-04 04:00:00,1.62198,1.62404,1.61971,1.6209500000000001,9108,14,0
2024-01-04 08:00:00,1.6209500000000001,1.62656,1.6173199999999999,1.62639,29187,22,0
2024-01-04 12:00:00,1.62641,1.63075,1.62527,1.63062,33725,22,0
2024-01-04 16:00:00,1.63064,1.63442,1.63039,1.6335899999999999,40365,23,0
2024-01-04 20:00:00,1.6335899999999999,1.63411,1.63151,1.63158,12928,12,0
2024-01-05 00:00:00,1.63007,1.6332200000000001,1.63007,1.63156,8528,2,0
2024-01-05 04:00:00,1.63159,1.63355,1.6301,1.63137,8485,1,0
2024-01-05 08:00:00,1.63133,1.6338599999999999,1.6290200000000001,1.63297,25919,22,0
2024-01-05 12:00:00,1.63299,1.63828,1.63184,1.6333,37454,23,0
2024-01-05 16:00:00,1.6332200000000001,1.63547,1.6287,1.63014,51888,22,0
2024-01-05 20:00:00,1.6301700000000001,1.6311,1.6274199999999999,1.6290499999999999,17012,3,0
2024-01-08 00:00:00,1.62931,1.6303,1.6259299999999999,1.62738,10092,13,0
2024-01-08 04:00:00,1.62738,1.63324,1.6273,1.63222,9158,7,0
2024-01-08 08:00:00,1.63217,1.63529,1.63056,1.63286,27223,22,0
2024-01-08 12:00:00,1.63285,1.63957,1.63251,1.63888,31427,23,0
2024-01-08 16:00:00,1.63887,1.63997,1.63289,1.6334,39872,23,0
2024-01-08 20:00:00,1.63338,1.63364,1.6285699999999999,1.6292900000000001,14767,2,0
2024-01-09 00:00:00,1.6293,1.63062,1.6263,1.62885,9743,0,0
2024-01-09 04:00:00,1.62887,1.63216,1.6277599999999999,1.63191,9400,2,0
2024-01-09 08:00:00,1.63188,1.63502,1.6301,1.63231,26186,22,0
2024-01-09 12:00:00,1.63233,1.63453,1.63182,1.634,33127,23,0
2024-01-09 16:00:00,1.6340400000000002,1.6364999999999998,1.63279,1.63507,41075,1,0
2024-01-09 20:00:00,1.63507,1.63598,1.63362,1.6345399999999999,16398,12,0
2024-01-10 00:00:00,1.6345399999999999,1.6360299999999999,1.63137,1.63177,8630,13,0
2024-01-10 04:00:00,1.63177,1.63225,1.6298599999999999,1.6304699999999999,8520,11,0
2024-01-10 08:00:00,1.6304699999999999,1.63323,1.63005,1.63172,25848,22,0
2024-01-10 12:00:00,1.63171,1.63434,1.6310799999999999,1.6332,28212,14,0
2024-01-10 16:00:00,1.63319,1.63906,1.63235,1.63762,37041,9,0
2024-01-10 20:00:00,1.63757,1.6383299999999998,1.63652,1.6376,15420,0,0
2024-01-11 00:00:00,1.6374900000000001,1.63805,1.63389,1.63412,7169,7,0
2024-01-11 04:00:00,1.63412,1.6352,1.6326100000000001,1.6337199999999998,8172,1,0
2024-01-11 08:00:00,1.6337199999999998,1.63545,1.63252,1.6335899999999999,22235,22,0
2024-01-11 12:00:00,1.63358,1.64235,1.63357,1.6411799999999999,37673,23,0
2024-01-11 16:00:00,1.6412200000000001,1.64594,1.6392099999999998,1.64514,58922,23,0
2024-01-11 20:00:00,1.64516,1.6454900000000001,1.63903,1.64055,20970,11,0
2024-01-12 00:00:00,1.63957,1.64062,1.63558,1.6360000000000001,9988,50,0
2024-01-12 04:00:00,1.63597,1.6388500000000001,1.6354899999999999,1.6388099999999999,8963,16,0
2024-01-12 08:00:00,1.63882,1.63889,1.63536,1.6362,25647,0,0
2024-01-12 12:00:00,1.63619,1.63906,1.63285,1.63388,38037,23,0
2024-01-12 16:00:00,1.6338599999999999,1.63859,1.63186,1.63741,47494,23,0
2024-01-12 20:00:00,1.63741,1.63864,1.63653,1.6373799999999998,13255,5,0
2024-01-15 00:00:00,1.63611,1.63812,1.63427,1.63609,10832,21,0
2024-01-15 04:00:00,1.63612,1.64002,1.63518,1.63994,11690,10,0
2024-01-15 08:00:00,1.63997,1.6443699999999999,1.63917,1.64421,23426,23,0
2024-01-15 12:00:00,1.64419,1.64634,1.64167,1.64496,28338,23,0
2024-01-15 16:00:00,1.64493,1.64524,1.6431499999999999,1.6437599999999999,24716,18,0
2024-01-15 20:00:00,1.64378,1.64487,1.64343,1.64383,4971,0,0
2024-01-16 00:00:00,1.64375,1.6491099999999999,1.64154,1.64726,11377,11,0
2024-01-16 04:00:00,1.64726,1.65141,1.6471900000000002,1.6505,10805,51,0
2024-01-16 08:00:00,1.65045,1.65099,1.64642,1.64806,30813,23,0
2024-01-16 12:00:00,1.64809,1.65014,1.64578,1.64775,35756,2,0
2024-01-16 16:00:00,1.64778,1.6509,1.6466699999999999,1.65022,50702,0,0
2024-01-16 20:00:00,1.65025,1.65258,1.6499000000000001,1.65165,14844,11,0
2024-01-17 00:00:00,1.65141,1.65191,1.64943,1.6498,8854,5,0
2024-01-17 04:00:00,1.6498,1.65669,1.6497000000000002,1.65591,11267,51,0
2024-01-17 08:00:00,1.65584,1.66309,1.65507,1.65971,31276,24,0
2024-01-17 12:00:00,1.6596600000000001,1.6599599999999999,1.65649,1.65961,34800,23,0
2024-01-17 16:00:00,1.65963,1.6627999999999998,1.65953,1.6616,45014,24,0
2024-01-17 20:00:00,1.66162,1.6623,1.65999,1.6608399999999999,15729,4,0
2024-01-18 00:00:00,1.66063,1.66713,1.65798,1.66096,11899,18,0
2024-01-18 04:00:00,1.66103,1.66288,1.6591,1.6613,11021,7,0
2024-01-18 08:00:00,1.6613,1.66182,1.65775,1.6582400000000002,27064,4,0
2024-01-18 12:00:00,1.65823,1.65957,1.6562299999999999,1.65802,33743,23,0
2024-01-18 16:00:00,1.65802,1.6581299999999999,1.65407,1.65605,44837,24,0
2024-01-18 20:00:00,1.65605,1.65667,1.65358,1.65461,14928,13,0
2024-01-19 00:00:00,1.6545299999999998,1.6555,1.65114,1.65323,10017,13,0
2024-01-19 04:00:00,1.65327,1.6562299999999999,1.65236,1.65558,8913,1,0
2024-01-19 08:00:00,1.65558,1.65645,1.64899,1.6491099999999999,24934,23,0
2024-01-19 12:00:00,1.64907,1.6513900000000001,1.64806,1.65093,28486,23,0
2024-01-19 16:00:00,1.65089,1.65482,1.65028,1.65206,42018,24,0
2024-01-19 20:00:00,1.65202,1.65332,1.65027,1.6515900000000001,13301,12,0
2024-01-22 00:00:00,1.65103,1.6526999999999998,1.6484299999999998,1.6505100000000001,12088,51,0
2024-01-22 04:00:00,1.65054,1.6548,1.65048,1.65438,10098,51,0
2024-01-22 08:00:00,1.65435,1.6561599999999999,1.65246,1.65407,26045,23,0
2024-01-22 12:00:00,1.65408,1.65431,1.65104,1.65255,31480,23,0
2024-01-22 16:00:00,1.6526100000000001,1.65533,1.65123,1.65466,35532,24,0
2024-01-22 20:00:00,1.65468,1.6569500000000001,1.6546699999999999,1.65632,14973,10,0
2024-01-23 00:00:00,1.65615,1.6569,1.65102,1.65197,10106,19,0
2024-01-23 04:00:00,1.6520000000000001,1.6538300000000001,1.6498300000000001,1.65041,14504,51,0
2024-01-23 08:00:00,1.6504400000000001,1.6540599999999999,1.6500599999999999,1.65258,27192,23,0
2024-01-23 12:00:00,1.6525699999999999,1.6533799999999998,1.64707,1.64934,30377,23,0
2024-01-23 16:00:00,1.64931,1.6524100000000002,1.64763,1.65126,39975,24,0
2024-01-23 20:00:00,1.65126,1.65187,1.64849,1.6497000000000002,13403,11,0
2024-01-24 00:00:00,1.6472799999999999,1.6513900000000001,1.64664,1.651,8251,17,0
2024-01-24 04:00:00,1.6510500000000001,1.6539000000000001,1.65089,1.65208,9236,10,0
2024-01-24 08:00:00,1.65215,1.65371,1.64763,1.65168,28411,23,0
2024-01-24 12:00:00,1.65167,1.65265,1.64912,1.6511,33365,1,0
2024-01-24 16:00:00,1.65107,1.65319,1.6493799999999998,1.6505100000000001,47005,24,0
2024-01-24 20:00:00,1.65053,1.65507,1.65012,1.6549399999999999,18878,9,0
2024-01-25 00:00:00,1.6551,1.6556899999999999,1.65259,1.65423,8706,50,0
2024-01-25 04:00:00,1.65427,1.65544,1.6532,1.65459,8610,10,0
2024-01-25 08:00:00,1.65456,1.65685,1.6534,1.65418,24049,23,0
2024-01-25 12:00:00,1.6542,1.65443,1.64627,1.64676,35660,23,0
2024-01-25 16:00:00,1.64675,1.64838,1.64275,1.64765,51129,23,0
2024-01-25 20:00:00,1.64768,1.64785,1.6456499999999998,1.64716,18255,8,0
2024-01-26 00:00:00,1.64716,1.64811,1.64507,1.64598,6973,14,0
2024-01-26 04:00:00,1.64598,1.6463700000000001,1.64345,1.6444,7607,13,0
2024-01-26 08:00:00,1.6444299999999998,1.64783,1.6430500000000001,1.64531,26540,23,0
2024-01-26 12:00:00,1.64531,1.64853,1.64489,1.64607,33466,23,0
2024-01-26 16:00:00,1.64607,1.65091,1.64581,1.65066,37382,23,0
2024-01-26 20:00:00,1.65064,1.6513200000000001,1.64856,1.65022,12076,10,0
2024-01-29 00:00:00,1.6491,1.6502400000000002,1.6444299999999998,1.6448399999999999,10273,50,0
2024-01-29 04:00:00,1.64481,1.6463,1.64438,1.64494,8038,51,0
2024-01-29 08:00:00,1.6449099999999999,1.6456,1.63965,1.63991,22169,23,0
2024-01-29 12:00:00,1.63991,1.64101,1.6377199999999998,1.6395300000000002,29056,7,0
2024-01-29 16:00:00,1.63952,1.64128,1.63737,1.64008,33049,23,0
2024-01-29 20:00:00,1.64008,1.6407699999999998,1.6375,1.6385399999999999,15807,11,0
2024-01-30 00:00:00,1.63852,1.63941,1.63617,1.63768,9879,13,0
2024-01-30 04:00:00,1.63771,1.6390099999999999,1.63544,1.6355300000000002,10345,8,0
2024-01-30 08:00:00,1.6355499999999998,1.64096,1.63493,1.6390500000000001,27495,23,0
2024-01-30 12:00:00,1.6390500000000001,1.6464699999999999,1.6390099999999999,1.64458,32973,11,0
2024-01-30 16:00:00,1.64465,1.64764,1.6424699999999999,1.6440700000000001,47273,23,0
2024-01-30 20:00:00,1.6440700000000001,1.6441599999999998,1.64151,1.64255,18786,13,0
2024-01-31 00:00:00,1.64248,1.6489,1.64042,1.6474199999999999,10388,18,0
2024-01-31 04:00:00,1.64745,1.6498,1.64546,1.64759,12235,11,0
2024-01-31 08:00:00,1.6476199999999999,1.64897,1.64117,1.6438700000000002,28197,23,0
2024-01-31 12:00:00,1.6439,1.64754,1.64386,1.64589,39456,23,0
2024-01-31 16:00:00,1.64594,1.64604,1.64114,1.64494,52677,23,0
2024-01-31 20:00:00,1.64492,1.64784,1.63954,1.6469200000000002,53987,6,0
2024-02-01 00:00:00,1.6469399999999998,1.64776,1.64348,1.64645,10049,16,0
2024-02-01 04:00:00,1.64648,1.65248,1.64408,1.65205,11762,10,0
2024-02-01 08:00:00,1.65197,1.65542,1.6504400000000001,1.65425,29628,23,0
2024-02-01 12:00:00,1.65422,1.66052,1.65389,1.65865,37364,8,0
2024-02-01 16:00:00,1.65865,1.6589,1.65335,1.65544,54214,24,0
2024-02-01 20:00:00,1.65542,1.65591,1.6526399999999999,1.6540599999999999,18611,20,0
2024-02-02 00:00:00,1.65404,1.65461,1.64964,1.6496499999999998,7664,10,0
2024-02-02 04:00:00,1.6496499999999998,1.65003,1.64778,1.64942,8608,5,0
2024-02-02 08:00:00,1.64942,1.6514199999999999,1.64819,1.64942,22798,23,0
2024-02-02 12:00:00,1.64942,1.6520899999999998,1.64628,1.6517,33389,1,0
2024-02-02 16:00:00,1.65168,1.65789,1.65147,1.65694,50239,2,0
2024-02-02 20:00:00,1.65697,1.65699,1.6553200000000001,1.65605,16019,26,0
2024-02-05 00:00:00,1.65517,1.6599,1.65185,1.65615,14465,52,0
2024-02-05 04:00:00,1.65611,1.6583299999999999,1.65358,1.65448,10704,5,0
2024-02-05 08:00:00,1.6545100000000001,1.65632,1.65348,1.6543700000000001,25829,24,0
2024-02-05 12:00:00,1.6543299999999999,1.65663,1.6524299999999998,1.65483,31338,24,0
2024-02-05 16:00:00,1.6548,1.65805,1.6540599999999999,1.6555900000000001,41712,24,0
2024-02-05 20:00:00,1.6556,1.65757,1.65499,1.65685,13274,11,0
2024-02-06 00:00:00,1.65683,1.658,1.654,1.6541000000000001,7455,11,0
2024-02-06 04:00:00,1.6541000000000001,1.65575,1.64836,1.65147,12617,52,0
2024-02-06 08:00:00,1.65144,1.6543,1.65022,1.6519300000000001,17987,23,0
2024-02-06 12:00:00,1.6519300000000001,1.65393,1.65056,1.6528,21578,23,0
2024-02-06 16:00:00,1.65273,1.65347,1.6479,1.64837,33778,23,0
2024-02-06 20:00:00,1.64837,1.64973,1.64781,1.64855,16678,11,0
2024-02-07 00:00:00,1.64855,1.6488800000000001,1.64548,1.64575,7473,9,0
2024-02-07 04:00:00,1.64575,1.64881,1.64555,1.64798,9386,52,0
2024-02-07 08:00:00,1.64798,1.65025,1.64736,1.6492900000000001,18052,22,0
2024-02-07 12:00:00,1.64927,1.6515499999999999,1.6483400000000001,1.65035,20573,22,0
2024-02-07 16:00:00,1.6503700000000001,1.65144,1.64731,1.65109,33288,23,0
2024-02-07 20:00:00,1.65109,1.65312,1.65012,1.65198,14419,8,0
2024-02-08 00:00:00,1.6519599999999999,1.65244,1.65016,1.65113,7256,15,0
2024-02-08 04:00:00,1.65113,1.654,1.6503299999999999,1.65324,8711,52,0
2024-02-08 08:00:00,1.6532900000000001,1.65655,1.65273,1.65628,17080,23,0
2024-02-08 12:00:00,1.6562999999999999,1.6576300000000002,1.65506,1.65682,22214,23,0
2024-02-08 16:00:00,1.65673,1.66069,1.65665,1.65999,27925,23,0
2024-02-08 20:00:00,1.66001,1.66101,1.65899,1.6600700000000002,14923,9,0
2024-02-09 00:00:00,1.66008,1.66038,1.65764,1.65915,6812,11,0
2024-02-09 04:00:00,1.65915,1.65958,1.6579899999999999,1.65865,7302,10,0
2024-02-09 08:00:00,1.65868,1.6588500000000002,1.6538599999999999,1.65448,16053,9,0
2024-02-09 12:00:00,1.65448,1.65524,1.6516,1.65309,26269,23,0
2024-02-09 16:00:00,1.65306,1.6550500000000001,1.6522999999999999,1.6543999999999999,26524,31,0
2024-02-09 20:00:00,1.65443,1.65452,1.65123,1.65199,8047,18,0
2024-02-12 00:00:00,1.6523400000000001,1.6553200000000001,1.65099,1.65415,7158,10,0
2024-02-12 04:00:00,1.6541299999999999,1.65606,1.65378,1.6551200000000001,6200,12,0
2024-02-12 08:00:00,1.6550799999999999,1.65561,1.65229,1.65246,19271,13,0
2024-02-12 12:00:00,1.65249,1.6531,1.64959,1.65084,23491,31,0
2024-02-12 16:00:00,1.65089,1.65175,1.64744,1.64787,24044,31,0
2024-02-12 20:00:00,1.64788,1.6502,1.6477300000000001,1.64899,10452,13,0
2024-02-13 00:00:00,1.6492200000000001,1.65035,1.64825,1.6491,4925,9,0
2024-02-13 04:00:00,1.6491,1.65213,1.649,1.65192,6319,8,0
2024-02-13 08:00:00,1.6519599999999999,1.65301,1.65115,1.65208,20617,2,0
2024-02-13 12:00:00,1.65206,1.657,1.64998,1.6556199999999999,30230,31,0
2024-02-13 16:00:00,1.65564,1.66015,1.6547,1.65951,35746,31,0
2024-02-13 20:00:00,1.65954,1.66094,1.6585299999999998,1.65918,12106,9,0
2024-02-14 00:00:00,1.65913,1.66033,1.65725,1.65875,7448,15,0
2024-02-14 04:00:00,1.65875,1.6593900000000001,1.65611,1.65637,7293,10,0
2024-02-14 08:00:00,1.65635,1.65652,1.65147,1.65198,24379,33,0
2024-02-14 12:00:00,1.6519599999999999,1.65415,1.65113,1.65396,25558,31,0
2024-02-14 16:00:00,1.65396,1.65488,1.65262,1.65296,31831,31,0
2024-02-14 20:00:00,1.65293,1.65326,1.65143,1.65255,9980,11,0
2024-02-15 00:00:00,1.65248,1.6555499999999999,1.64912,1.6547,6763,11,0
2024-02-15 04:00:00,1.6547,1.65565,1.65301,1.6533600000000002,6766,12,0
2024-02-15 08:00:00,1.65335,1.6536300000000002,1.65076,1.65221,20897,33,0
2024-02-15 12:00:00,1.6522299999999999,1.6526800000000001,1.64914,1.6513900000000001,26275,31,0
2024-02-15 16:00:00,1.65141,1.6536,1.6507399999999999,1.6530200000000002,33598,31,0
2024-02-15 20:00:00,1.65299,1.65306,1.65001,1.65084,9629,12,0
2024-02-16 00:00:00,1.65066,1.65353,1.6487,1.65219,5951,9,0
2024-02-16 04:00:00,1.6521400000000002,1.65313,1.64994,1.65039,6809,11,0
2024-02-16 08:00:00,1.65039,1.6519300000000001,1.6486399999999999,1.65021,18931,33,0
2024-02-16 12:00:00,1.65025,1.6528800000000001,1.6494900000000001,1.6514199999999999,24743,31,0
2024-02-16 16:00:00,1.6514799999999998,1.6533,1.6475499999999998,1.6479300000000001,31687,31,0
2024-02-16 20:00:00,1.6478899999999999,1.6497000000000002,1.6477300000000001,1.64876,10616,14,0
2024-02-19 00:00:00,1.65,1.65018,1.64595,1.64795,7603,14,0
2024-02-19 04:00:00,1.64795,1.64917,1.6465100000000001,1.64747,6860,9,0
2024-02-19 08:00:00,1.64751,1.64872,1.6465999999999998,1.6473,19195,32,0
2024-02-19 12:00:00,1.64729,1.64873,1.64677,1.64706,19468,11,0
2024-02-19 16:00:00,1.64704,1.64837,1.64578,1.64825,16855,16,0
2024-02-19 20:00:00,1.64822,1.6489,1.64743,1.64795,6051,3,0
2024-02-20 00:00:00,1.64765,1.6499899999999998,1.64531,1.6486,7246,14,0
2024-02-20 04:00:00,1.6486,1.65014,1.6479300000000001,1.64863,6997,7,0
2024-02-20 08:00:00,1.6486399999999999,1.6491799999999999,1.64603,1.64736,20831,32,0
2024-02-20 12:00:00,1.6474199999999999,1.6485400000000001,1.64501,1.6465,27881,30,0
2024-02-20 16:00:00,1.64649,1.6503299999999999,1.64627,1.64912,29540,30,0
2024-02-20 20:00:00,1.64909,1.6503299999999999,1.64871,1.65012,10211,9,0
2024-02-21 00:00:00,1.64992,1.65063,1.6475300000000002,1.6487699999999998,5920,9,0
2024-02-21 04:00:00,1.64881,1.64892,1.6451099999999999,1.64595,8665,10,0
2024-02-21 08:00:00,1.64595,1.64809,1.64543,1.64767,20788,32,0
2024-02-21 12:00:00,1.64767,1.6495199999999999,1.64653,1.6494,23555,30,0
2024-02-21 16:00:00,1.6493600000000002,1.65307,1.64866,1.65211,26661,31,0
2024-02-21 20:00:00,1.65206,1.6530200000000002,1.65019,1.6511200000000001,14373,16,0
2024-02-22 00:00:00,1.65114,1.65239,1.6495,1.65215,6486,9,0
2024-02-22 04:00:00,1.6521599999999999,1.65353,1.65066,1.65086,7397,10,0
2024-02-22 08:00:00,1.65086,1.65144,1.6465999999999998,1.6484999999999999,27212,32,0
2024-02-22 12:00:00,1.64852,1.65229,1.64749,1.6515499999999999,26572,30,0
2024-02-22 16:00:00,1.6515300000000002,1.65317,1.64829,1.6514199999999999,30871,30,0
2024-02-22 20:00:00,1.6514199999999999,1.65204,1.64962,1.65043,9774,19,0
2024-02-23 00:00:00,1.65042,1.65109,1.64707,1.64736,6567,9,0
2024-02-23 04:00:00,1.6474199999999999,1.6486100000000001,1.64654,1.6475300000000002,6079,9,0
2024-02-23 08:00:00,1.64757,1.65102,1.64585,1.6504400000000001,19329,12,0
2024-02-23 12:00:00,1.6504400000000001,1.65099,1.64629,1.64752,24304,30,0
2024-02-23 16:00:00,1.64754,1.65011,1.64676,1.6489099999999999,26800,30,0
2024-02-23 20:00:00,1.64894,1.64931,1.64751,1.64792,8736,13,0
2024-02-26 00:00:00,1.6493,1.65077,1.64669,1.6496499999999998,7509,50,0
2024-02-26 04:00:00,1.6496499999999998,1.65118,1.64889,1.65061,6525,10,0
2024-02-26 08:00:00,1.65065,1.65622,1.6505800000000002,1.65565,19232,32,0
2024-02-26 12:00:00,1.65565,1.65698,1.65465,1.65613,22725,31,0
2024-02-26 16:00:00,1.65615,1.66052,1.65575,1.65924,24938,31,0
2024-02-26 20:00:00,1.6592799999999999,1.6599599999999999,1.65823,1.65896,9928,10,0
2024-02-27 00:00:00,1.65895,1.66072,1.65671,1.65983,5670,10,0
2024-02-27 04:00:00,1.65983,1.6623700000000001,1.65719,1.6581299999999999,6761,11,0
2024-02-27 08:00:00,1.65809,1.6583299999999999,1.65523,1.65598,19822,33,0
2024-02-27 12:00:00,1.6559599999999999,1.65839,1.65488,1.65586,23991,31,0
2024-02-27 16:00:00,1.65588,1.65941,1.6544400000000001,1.6580300000000001,27213,31,0
2024-02-27 20:00:00,1.6580300000000001,1.65818,1.6564,1.6568,9980,10,0
2024-02-28 00:00:00,1.65701,1.65938,1.65531,1.6577199999999999,7505,18,0
2024-02-28 04:00:00,1.6577600000000001,1.66232,1.65754,1.66127,9554,68,0
2024-02-28 08:00:00,1.66126,1.66397,1.6609099999999999,1.66372,23010,33,0
2024-02-28 12:00:00,1.66372,1.6674,1.66319,1.66686,27313,31,0
2024-02-28 16:00:00,1.6668500000000002,1.66928,1.6659899999999999,1.66825,27028,31,0
2024-02-28 20:00:00,1.66822,1.66887,1.6674600000000002,1.66855,9070,11,0
2024-02-29 00:00:00,1.6684,1.6691799999999999,1.6651500000000001,1.66516,7130,11,0
2024-02-29 04:00:00,1.6651500000000001,1.66546,1.6613,1.66243,8628,68,0
2024-02-29 08:00:00,1.66236,1.66891,1.66171,1.66841,24237,33,0
2024-02-29 12:00:00,1.66838,1.6696499999999999,1.6635900000000001,1.66433,31320,31,0
2024-02-29 16:00:00,1.66435,1.66546,1.66011,1.66276,34889,31,0
2024-02-29 20:00:00,1.66279,1.66343,1.66181,1.6627800000000001,11180,13,0
2024-03-01 00:00:00,1.66241,1.66398,1.65983,1.66284,7247,8,0
2024-03-01 04:00:00,1.66279,1.66299,1.6601599999999999,1.6606800000000002,7107,7,0
2024-03-01 08:00:00,1.66073,1.66546,1.65957,1.6635,20470,33,0
2024-03-01 12:00:00,1.66352,1.66467,1.6600000000000001,1.6638199999999999,28105,31,0
2024-03-01 16:00:00,1.6638199999999999,1.6642299999999999,1.65788,1.6593900000000001,33574,31,0
2024-03-01 20:00:00,1.6593900000000001,1.66098,1.6585999999999999,1.6606999999999998,10072,15,0
2024-03-04 00:00:00,1.6606,1.66197,1.65882,1.6615799999999998,8004,50,0
2024-03-04 04:00:00,1.6616,1.6638199999999999,1.66079,1.66372,6641,7,0
2024-03-04 08:00:00,1.66367,1.66448,1.66184,1.663,22212,33,0
2024-03-04 12:00:00,1.6629800000000001,1.66574,1.66262,1.66448,23689,31,0
2024-03-04 16:00:00,1.66452,1.66753,1.6643400000000002,1.66643,25986,31,0
2024-03-04 20:00:00,1.6663999999999999,1.66784,1.66612,1.667,7377,11,0
2024-03-05 00:00:00,1.66604,1.6685400000000001,1.66471,1.66659,6048,11,0
2024-03-05 04:00:00,1.66659,1.67191,1.66642,1.67188,6779,11,0
2024-03-05 08:00:00,1.67188,1.67428,1.67099,1.67275,20360,33,0
2024-03-05 12:00:00,1.67272,1.67285,1.6694499999999999,1.66994,21747,31,0
2024-03-05 16:00:00,1.66996,1.67047,1.66697,1.6678600000000001,32005,31,0
2024-03-05 20:00:00,1.6678899999999999,1.67036,1.6668699999999999,1.66957,12097,12,0
2024-03-06 00:00:00,1.67034,1.6706400000000001,1.66625,1.6683599999999998,5995,11,0
2024-03-06 04:00:00,1.6684,1.66873,1.66465,1.66533,6279,14,0
2024-03-06 08:00:00,1.66533,1.66838,1.66446,1.6668699999999999,20444,33,0
2024-03-06 12:00:00,1.6668699999999999,1.66815,1.66349,1.66401,24528,31,0
2024-03-06 16:00:00,1.66399,1.66429,1.65757,1.6586400000000001,32025,31,0
2024-03-06 20:00:00,1.65868,1.66015,1.65775,1.65995,11912,10,0
2024-03-07 00:00:00,1.66013,1.6605699999999999,1.65767,1.65856,9215,14,0
2024-03-07 04:00:00,1.65856,1.65981,1.65469,1.6573,8549,67,0
2024-03-07 08:00:00,1.6573,1.65762,1.65164,1.65238,23929,32,0
2024-03-07 12:00:00,1.65236,1.65236,1.64391,1.6448800000000001,28348,30,0
2024-03-07 16:00:00,1.6448800000000001,1.65323,1.64472,1.65262,31784,30,0
2024-03-07 20:00:00,1.65262,1.65391,1.6520700000000001,1.65348,9228,9,0
2024-03-08 00:00:00,1.6536499999999998,1.655,1.65211,1.65354,6003,8,0
2024-03-08 04:00:00,1.6535,1.6546699999999999,1.64977,1.64985,6285,10,0
2024-03-08 08:00:00,1.64989,1.6513900000000001,1.64474,1.64569,21509,32,0
2024-03-08 12:00:00,1.64571,1.64948,1.6440299999999999,1.6490200000000002,27063,30,0
2024-03-08 16:00:00,1.6490200000000002,1.6524100000000002,1.64686,1.65134,34844,30,0
2024-03-08 20:00:00,1.65137,1.6526,1.64923,1.64935,10408,16,0
2024-03-11 00:00:00,1.65042,1.6531799999999999,1.6503999999999999,1.65286,7698,18,0
2024-03-11 04:00:00,1.65286,1.65506,1.65282,1.65393,7014,11,0
2024-03-11 08:00:00,1.65393,1.65606,1.65176,1.65201,19718,32,0
2024-03-11 12:00:00,1.65205,1.65638,1.65185,1.65402,22881,30,0
2024-03-11 16:00:00,1.6539899999999998,1.6548,1.65251,1.6536499999999998,23454,30,0
2024-03-11 20:00:00,1.65361,1.65378,1.65003,1.65178,7347,17,0
2024-03-12 00:00:00,1.65178,1.65309,1.6509200000000002,1.65186,6030,13,0
2024-03-12 04:00:00,1.6518199999999998,1.65422,1.65163,1.6539700000000002,7063,66,0
2024-03-12 08:00:00,1.6539700000000002,1.6544699999999999,1.65096,1.65211,17145,7,0
2024-03-12 12:00:00,1.6521,1.65587,1.6480299999999999,1.65407,15881,5,0
2024-03-12 16:00:00,1.65407,1.6558199999999998,1.6534200000000001,1.65464,16548,2,0
2024-03-12 20:00:00,1.65464,1.6549800000000001,1.65236,1.65366,5620,3,0
2024-03-13 00:00:00,1.65367,1.65517,1.6528399999999999,1.65434,5173,2,0
2024-03-13 04:00:00,1.65434,1.65434,1.6513,1.65188,6340,5,0
2024-03-13 08:00:00,1.65186,1.65393,1.6512,1.6531,10900,1,0
2024-03-13 12:00:00,1.6531,1.6554799999999998,1.65258,1.65324,11611,4,0
2024-03-13 16:00:00,1.65323,1.65367,1.6516,1.6522700000000001,13129,1,0
2024-03-13 20:00:00,1.6522700000000001,1.65385,1.64989,1.6531500000000001,5688,3,0
2024-03-14 00:00:00,1.6531500000000001,1.65377,1.65134,1.65134,5188,1,0
2024-03-14 04:00:00,1.6513499999999999,1.65515,1.6512799999999999,1.65343,5862,2,0
2024-03-14 08:00:00,1.65343,1.65432,1.65138,1.65163,11608,4,0
2024-03-14 12:00:00,1.6516199999999999,1.65422,1.65059,1.6532,15312,1,0
2024-03-14 16:00:00,1.6532499999999999,1.65678,1.6526999999999998,1.6535600000000001,15587,1,0
2024-03-14 20:00:00,1.65353,1.65538,1.6518199999999998,1.6535600000000001,7002,1,0
2024-03-15 00:00:00,1.65355,1.65714,1.65355,1.65707,5779,2,0
2024-03-15 04:00:00,1.65705,1.65816,1.65547,1.6560700000000002,6274,2,0
2024-03-15 08:00:00,1.65604,1.66099,1.65527,1.65987,12030,3,0
2024-03-15 12:00:00,1.6598600000000001,1.66055,1.65708,1.65845,12534,4,0
2024-03-15 16:00:00,1.65845,1.66029,1.65696,1.65949,13023,1,0
2024-03-15 20:00:00,1.6594799999999998,1.66011,1.6584699999999999,1.65927,4594,3,0
2024-03-18 00:00:00,1.65938,1.66058,1.6583299999999999,1.65842,5452,4,0
2024-03-18 04:00:00,1.65842,1.65883,1.65759,1.6581000000000001,6603,5,0
2024-03-18 08:00:00,1.65807,1.6602999999999999,1.65728,1.65922,9504,3,0
2024-03-18 12:00:00,1.65922,1.65987,1.65696,1.65886,10020,2,0
2024-03-18 16:00:00,1.65884,1.65994,1.65814,1.65828,11655,0,0
2024-03-18 20:00:00,1.65828,1.65843,1.65652,1.65712,4022,4,0
2024-03-19 00:00:00,1.65712,1.66147,1.65693,1.65983,5838,3,0
2024-03-19 04:00:00,1.65983,1.6669800000000001,1.65675,1.6667800000000002,9647,1,0
2024-03-19 08:00:00,1.6667800000000002,1.66794,1.66438,1.66537,14015,4,0
2024-03-19 12:00:00,1.66535,1.6662400000000002,1.66411,1.66482,13185,3,0
2024-03-19 16:00:00,1.66482,1.6654499999999999,1.6622400000000002,1.66302,12035,2,0
2024-03-19 20:00:00,1.66302,1.6635900000000001,1.66079,1.6628699999999998,6079,2,0
2024-03-20 00:00:00,1.6629399999999999,1.66554,1.66198,1.66249,6031,3,0
2024-03-20 04:00:00,1.66249,1.66528,1.6613799999999999,1.66412,5669,1,0
2024-03-20 08:00:00,1.66414,1.6648800000000001,1.66256,1.66384,10472,2,0
2024-03-20 12:00:00,1.66385,1.66458,1.66241,1.66316,10970,0,0
2024-03-20 16:00:00,1.66315,1.66358,1.6616900000000001,1.6627399999999999,10350,3,0
2024-03-20 20:00:00,1.66227,1.6628699999999998,1.65662,1.65872,16508,3,0
2024-03-21 00:00:00,1.6588,1.6594600000000002,1.65114,1.65258,10634,3,0
2024-03-21 04:00:00,1.65258,1.65297,1.64971,1.65034,7513,4,0
2024-03-21 08:00:00,1.65035,1.65141,1.6477,1.65113,15169,0,0
2024-03-21 12:00:00,1.65113,1.6540599999999999,1.6501700000000001,1.65339,15522,4,0
2024-03-21 16:00:00,1.65324,1.6555499999999999,1.65225,1.65301,15186,4,0
2024-03-21 20:00:00,1.65299,1.65358,1.65109,1.6526100000000001,5840,3,0
2024-03-22 00:00:00,1.65271,1.65666,1.6520700000000001,1.65662,6927,0,0
2024-03-22 04:00:00,1.65659,1.66113,1.65637,1.66099,10524,1,0
2024-03-22 08:00:00,1.66093,1.66207,1.65831,1.66053,13107,6,0
2024-03-22 12:00:00,1.66053,1.6611099999999999,1.65802,1.65895,13540,3,0
2024-03-22 16:00:00,1.65891,1.65941,1.6573600000000002,1.65773,13053,2,0
2024-03-22 20:00:00,1.6577199999999999,1.6596600000000001,1.6576499999999998,1.65876,4544,1,0
2024-03-25 00:00:00,1.65892,1.65964,1.65484,1.65621,8422,0,0
2024-03-25 04:00:00,1.65621,1.65836,1.6535,1.6583299999999999,8310,0,0
2024-03-25 08:00:00,1.6583299999999999,1.65971,1.65626,1.65723,10363,6,0
2024-03-25 12:00:00,1.6572200000000001,1.65821,1.6556199999999999,1.65632,10177,3,0
2024-03-25 16:00:00,1.65633,1.65815,1.6556899999999999,1.6571,9679,3,0
2024-03-25 20:00:00,1.6571,1.65802,1.6554600000000002,1.65672,4442,3,0
2024-03-26 00:00:00,1.65672,1.65793,1.65445,1.65549,6832,0,0
2024-03-26 04:00:00,1.6555,1.65897,1.65473,1.65862,7400,0,0
2024-03-26 08:00:00,1.65862,1.6587100000000001,1.65581,1.6564299999999998,11518,3,0
2024-03-26 12:00:00,1.65644,1.65852,1.6552,1.65788,12635,4,0
2024-03-26 16:00:00,1.65801,1.65924,1.65615,1.65748,12463,4,0
2024-03-26 20:00:00,1.65748,1.65823,1.65713,1.6576,5168,5,0
2024-03-27 00:00:00,1.6576,1.66175,1.6564999999999999,1.66039,6891,1,0
2024-03-27 04:00:00,1.66038,1.66214,1.65829,1.65872,7995,6,0
2024-03-27 08:00:00,1.65868,1.6615799999999998,1.6574900000000001,1.65937,13206,0,0
2024-03-27 12:00:00,1.6593900000000001,1.6604700000000001,1.65827,1.65843,12752,2,0
2024-03-27 16:00:00,1.65843,1.6592500000000001,1.6559300000000001,1.65795,12587,0,0
2024-03-27 20:00:00,1.65795,1.6582599999999998,1.6553,1.65701,5694,1,0
2024-03-28 00:00:00,1.65701,1.65903,1.6563400000000001,1.65706,7971,0,0
2024-03-28 04:00:00,1.65706,1.6591,1.65493,1.65897,7435,0,0
2024-03-28 08:00:00,1.6589800000000001,1.66207,1.65747,1.6608100000000001,11456,0,0
2024-03-28 12:00:00,1.6608100000000001,1.6623700000000001,1.65938,1.65944,13652,2,0
2024-03-28 16:00:00,1.65952,1.65995,1.65486,1.65626,12752,0,0
2024-03-28 20:00:00,1.65626,1.65638,1.65351,1.65574,6880,2,0
2024-03-29 00:00:00,1.65571,1.6566999999999998,1.65259,1.6532200000000001,6411,17,0
2024-03-29 04:00:00,1.65324,1.65565,1.65289,1.65518,4882,7,0
2024-03-29 08:00:00,1.65518,1.6564100000000002,1.65367,1.655,5440,14,0
2024-03-29 12:00:00,1.6552,1.65689,1.65271,1.6538599999999999,6896,20,0
2024-03-29 16:00:00,1.65385,1.65506,1.6526800000000001,1.65423,6824,16,0
2024-03-29 20:00:00,1.65422,1.65767,1.65272,1.65468,3059,30,0
2024-04-01 00:00:00,1.65408,1.65556,1.6509399999999999,1.65191,6193,0,0
2024-04-01 04:00:00,1.65191,1.65462,1.65152,1.6533600000000002,6009,2,0
2024-04-01 08:00:00,1.6533600000000002,1.65507,1.65258,1.65334,6210,1,0
2024-04-01 12:00:00,1.65334,1.65639,1.6529099999999999,1.65466,7529,6,0
2024-04-01 16:00:00,1.65464,1.6561,1.65339,1.6558199999999998,12500,1,0
2024-04-01 20:00:00,1.65579,1.65719,1.65504,1.65536,5567,0,0
2024-04-02 00:00:00,1.65529,1.65602,1.65327,1.65393,5769,3,0
2024-04-02 04:00:00,1.65393,1.65464,1.65149,1.65384,7707,1,0
2024-04-02 08:00:00,1.6538300000000001,1.6541700000000001,1.6486100000000001,1.64948,11150,4,0
2024-04-02 12:00:00,1.64948,1.65435,1.64923,1.6539700000000002,10268,2,0
2024-04-02 16:00:00,1.6539700000000002,1.65574,1.6520700000000001,1.6538300000000001,14647,0,0
2024-04-02 20:00:00,1.65382,1.6539899999999998,1.65181,1.65213,5582,4,0
2024-04-03 00:00:00,1.65215,1.6545800000000002,1.6501700000000001,1.6545800000000002,4457,3,0
2024-04-03 04:00:00,1.65459,1.65558,1.65164,1.65269,7580,4,0
2024-04-03 08:00:00,1.65266,1.6562700000000001,1.65251,1.65499,9208,2,0
2024-04-03 12:00:00,1.65495,1.6556,1.65361,1.65401,10993,0,0
2024-04-03 16:00:00,1.65404,1.65598,1.6495199999999999,1.64985,17820,2,0
2024-04-03 20:00:00,1.64985,1.6511200000000001,1.64892,1.65062,6808,1,0
2024-04-04 00:00:00,1.65052,1.65093,1.6482999999999999,1.64838,4511,1,0
2024-04-04 04:00:00,1.64839,1.64897,1.64615,1.6464699999999999,6352,0,0
2024-04-04 08:00:00,1.6464699999999999,1.64704,1.6449099999999999,1.64641,10008,0,0
2024-04-04 12:00:00,1.64641,1.64641,1.6421999999999999,1.64304,9668,0,0
2024-04-04 16:00:00,1.64304,1.64455,1.64137,1.6415899999999999,10797,0,0
2024-04-04 20:00:00,1.6415899999999999,1.6468,1.64142,1.6449,11578,1,0
2024-04-05 00:00:00,1.6448,1.64628,1.64194,1.64521,6978,0,0
2024-04-05 04:00:00,1.64521,1.6496300000000002,1.6446800000000001,1.64736,8593,2,0
2024-04-05 08:00:00,1.64736,1.64776,1.6460599999999999,1.64611,9940,3,0
2024-04-05 12:00:00,1.64614,1.649,1.6447500000000002,1.64717,11636,3,0
2024-04-05 16:00:00,1.64718,1.64798,1.645,1.6456300000000001,18704,3,0
2024-04-05 20:00:00,1.64569,1.64724,1.64539,1.64656,7459,2,0
2024-04-08 00:00:00,1.6481,1.65056,1.64611,1.6501700000000001,5815,5,0
2024-04-08 04:00:00,1.65021,1.65045,1.64558,1.64638,11324,1,0
2024-04-08 08:00:00,1.64638,1.64729,1.6443400000000001,1.6447699999999998,12716,6,0
2024-04-08 12:00:00,1.64476,1.64501,1.64288,1.6433900000000001,10902,2,0
2024-04-08 16:00:00,1.64334,1.6445400000000001,1.6412,1.64374,14736,3,0
2024-04-08 20:00:00,1.6437300000000001,1.64456,1.64331,1.64413,7146,1,0
2024-04-09 00:00:00,1.64412,1.64486,1.6423999999999999,1.6439599999999999,4170,0,0
2024-04-09 04:00:00,1.6439599999999999,1.64499,1.64221,1.64275,7899,2,0
2024-04-09 08:00:00,1.64277,1.64528,1.64214,1.64219,9368,4,0
2024-04-09 12:00:00,1.64219,1.64276,1.63947,1.6406100000000001,10905,0,0
2024-04-09 16:00:00,1.64062,1.64105,1.6369799999999999,1.63988,15446,2,0
2024-04-09 20:00:00,1.6398700000000002,1.64013,1.6376,1.63782,7340,3,0
2024-04-10 00:00:00,1.63784,1.63839,1.63626,1.6383100000000002,3617,2,0
2024-04-10 04:00:00,1.6383100000000002,1.6399599999999999,1.6370900000000002,1.63898,7594,0,0
2024-04-10 08:00:00,1.63898,1.6395,1.6374499999999999,1.63891,9441,0,0
2024-04-10 12:00:00,1.63891,1.64634,1.63856,1.64449,11872,0,0
2024-04-10 16:00:00,1.6444800000000002,1.65122,1.64439,1.64991,21956,3,0
2024-04-10 20:00:00,1.6498300000000001,1.65183,1.6487,1.6493600000000002,15028,3,0
2024-04-11 00:00:00,1.64939,1.65171,1.64645,1.65056,5917,3,0
2024-04-11 04:00:00,1.65059,1.6508099999999999,1.64802,1.6484999999999999,8962,4,0
2024-04-11 08:00:00,1.6484999999999999,1.6484999999999999,1.6453,1.64684,12826,2,0
2024-04-11 12:00:00,1.64688,1.64704,1.6400299999999999,1.64103,15719,0,0
2024-04-11 16:00:00,1.64103,1.64474,1.63982,1.6426699999999999,20224,1,0
2024-04-11 20:00:00,1.6426699999999999,1.64307,1.63944,1.6404999999999998,8884,1,0
2024-04-12 00:00:00,1.63983,1.64127,1.63853,1.64033,3839,0,0
2024-04-12 04:00:00,1.64033,1.64187,1.63925,1.64116,8115,0,0
2024-04-12 08:00:00,1.64115,1.64202,1.63769,1.6381999999999999,13469,1,0
2024-04-12 12:00:00,1.63816,1.64263,1.6378,1.64252,15383,0,0
2024-04-12 16:00:00,1.64253,1.6466699999999999,1.6419000000000001,1.64656,21061,2,0
2024-04-12 20:00:00,1.64652,1.64785,1.6456499999999998,1.6463100000000002,11607,5,0
2024-04-15 00:00:00,1.6434,1.64627,1.64252,1.64517,7207,0,0
2024-04-15 04:00:00,1.64516,1.64702,1.64176,1.64221,11015,2,0
2024-04-15 08:00:00,1.6421999999999999,1.64526,1.64137,1.6439,14665,1,0
2024-04-15 12:00:00,1.6439,1.64553,1.6426699999999999,1.64317,14333,3,0
2024-04-15 16:00:00,1.64316,1.6470500000000001,1.64266,1.64677,20067,3,0
2024-04-15 20:00:00,1.64679,1.64975,1.64656,1.64906,11659,3,0
2024-04-16 00:00:00,1.6487699999999998,1.6527699999999999,1.6468699999999998,1.65274,5712,0,0
2024-04-16 04:00:00,1.65274,1.65574,1.6520700000000001,1.6526399999999999,11270,0,0
2024-04-16 08:00:00,1.6526399999999999,1.6554799999999998,1.6513,1.65496,15660,1,0
2024-04-16 12:00:00,1.65495,1.65872,1.65481,1.65782,15669,0,0
2024-04-16 16:00:00,1.65775,1.6618300000000001,1.65744,1.65794,21938,0,0
2024-04-16 20:00:00,1.65794,1.65918,1.65625,1.65861,16230,4,0
2024-04-17 00:00:00,1.65859,1.65931,1.6548500000000002,1.65622,6461,3,0
2024-04-17 04:00:00,1.65624,1.6573,1.65511,1.65656,9626,0,0
2024-04-17 08:00:00,1.6565699999999999,1.65766,1.65359,1.65553,14459,2,0
2024-04-17 12:00:00,1.6556199999999999,1.65709,1.65463,1.65538,13115,3,0
2024-04-17 16:00:00,1.6554,1.66005,1.65361,1.6592500000000001,19666,3,0
2024-04-17 20:00:00,1.6592500000000001,1.6592799999999999,1.65632,1.65842,13794,2,0
2024-04-18 00:00:00,1.6583999999999999,1.65865,1.6544699999999999,1.65678,4520,3,0
2024-04-18 04:00:00,1.6567699999999999,1.6582599999999998,1.65375,1.65617,10292,3,0
2024-04-18 08:00:00,1.6561599999999999,1.6579000000000002,1.65534,1.65617,13380,1,0
2024-04-18 12:00:00,1.65612,1.6573,1.6553,1.6554600000000002,12766,1,0
2024-04-18 16:00:00,1.65542,1.65748,1.6542,1.65709,24994,1,0
2024-04-18 20:00:00,1.65709,1.65903,1.65697,1.65732,15413,0,0
2024-04-19 00:00:00,1.65728,1.66082,1.65591,1.66055,6381,4,0
2024-04-19 04:00:00,1.66056,1.6681300000000001,1.65994,1.6615600000000001,34610,0,0
2024-04-19 08:00:00,1.6615600000000001,1.66255,1.65841,1.65929,22749,3,0
2024-04-19 12:00:00,1.65931,1.66242,1.6590099999999999,1.66099,11913,2,0
2024-04-19 16:00:00,1.66099,1.66207,1.65852,1.65897,15343,0,0
2024-04-19 20:00:00,1.6589800000000001,1.66042,1.65845,1.66017,9788,2,0
2024-04-22 00:00:00,1.6597,1.6611,1.65455,1.6560899999999998,4822,0,0
2024-04-22 04:00:00,1.6560899999999998,1.65744,1.6528399999999999,1.65739,7627,2,0
2024-04-22 08:00:00,1.65741,1.65884,1.65585,1.65587,9760,0,0
2024-04-22 12:00:00,1.65587,1.65608,1.65147,1.65267,9558,3,0
2024-04-22 16:00:00,1.65266,1.6543999999999999,1.6521400000000002,1.6530200000000002,11391,4,0
2024-04-22 20:00:00,1.6530200000000002,1.6530200000000002,1.65141,1.65179,6280,4,0
2024-04-23 00:00:00,1.65176,1.65236,1.65,1.65005,3165,1,0
2024-04-23 04:00:00,1.65012,1.65168,1.64882,1.6497199999999999,7229,3,0
2024-04-23 08:00:00,1.64973,1.6562299999999999,1.64856,1.65577,10622,0,0
2024-04-23 12:00:00,1.65577,1.65578,1.6514600000000002,1.6531,9173,0,0
2024-04-23 16:00:00,1.65308,1.65335,1.6496,1.65009,12997,0,0
2024-04-23 20:00:00,1.65007,1.65042,1.64943,1.64958,5980,0,0
2024-04-24 00:00:00,1.6496,1.6509399999999999,1.64818,1.64914,3597,0,0
2024-04-24 04:00:00,1.64914,1.6492900000000001,1.64076,1.64259,7295,0,0
2024-04-24 08:00:00,1.64259,1.64399,1.64153,1.64245,8822,0,0
2024-04-24 12:00:00,1.6424699999999999,1.64503,1.64193,1.64438,8570,0,0
2024-04-24 16:00:00,1.64439,1.6480700000000001,1.64412,1.64675,12172,0,0
2024-04-24 20:00:00,1.6467399999999999,1.6472099999999998,1.6456300000000001,1.64666,7758,0,0
2024-04-25 00:00:00,1.64636,1.64693,1.6436199999999999,1.64654,3238,0,0
2024-04-25 04:00:00,1.64654,1.64778,1.64482,1.6458300000000001,4918,0,0
2024-04-25 08:00:00,1.6458300000000001,1.6460599999999999,1.64257,1.64272,7392,0,0
2024-04-25 12:00:00,1.64273,1.64622,1.64103,1.64541,8780,1,0
2024-04-25 16:00:00,1.6453600000000002,1.6485400000000001,1.64472,1.64765,14121,0,0
2024-04-25 20:00:00,1.64765,1.6485699999999999,1.64535,1.6459000000000001,7448,0,0
2024-04-26 00:00:00,1.64593,1.64598,1.64329,1.64395,3320,5,0
2024-04-26 04:00:00,1.64395,1.64447,1.64218,1.6425800000000002,6857,0,0
2024-04-26 08:00:00,1.64257,1.6426500000000002,1.63802,1.64021,10470,0,0
2024-04-26 12:00:00,1.64018,1.64269,1.63753,1.63754,10620,6,0
2024-04-26 16:00:00,1.63751,1.6385100000000001,1.6349,1.63747,13201,1,0
2024-04-26 20:00:00,1.63755,1.63777,1.63626,1.63632,5585,4,0
2024-04-29 00:00:00,1.6385999999999998,1.6385999999999998,1.63462,1.63484,3908,1,0
2024-04-29 04:00:00,1.63484,1.63565,1.6290200000000001,1.63134,9562,3,0
2024-04-29 08:00:00,1.63131,1.63529,1.6305399999999999,1.63245,12663,1,0
2024-04-29 12:00:00,1.63243,1.63419,1.6312799999999998,1.6324999999999998,9501,1,0
2024-04-29 16:00:00,1.6324999999999998,1.63493,1.6307399999999999,1.6326800000000001,10673,2,0
2024-04-29 20:00:00,1.63269,1.63355,1.63151,1.63246,6316,5,0
2024-04-30 00:00:00,1.6324800000000002,1.6341299999999999,1.63071,1.6332,3867,7,0
2024-04-30 04:00:00,1.6331,1.63902,1.6320299999999999,1.63848,6553,0,0
2024-04-30 08:00:00,1.63848,1.64154,1.63848,1.64066,8848,0,0
2024-04-30 12:00:00,1.64074,1.64635,1.64071,1.6461000000000001,9940,0,0
2024-04-30 16:00:00,1.64607,1.64958,1.64506,1.64609,14122,0,0
2024-04-30 20:00:00,1.64611,1.6479599999999999,1.6453,1.64758,7111,2,0
2024-05-01 00:00:00,1.64566,1.64889,1.64329,1.6487699999999998,4042,3,0
2024-05-01 04:00:00,1.6487699999999998,1.64889,1.64615,1.64655,4668,3,0
2024-05-01 08:00:00,1.64659,1.6469200000000002,1.64424,1.6464400000000001,6412,2,0
2024-05-01 12:00:00,1.6464699999999999,1.6477300000000001,1.64512,1.64745,8274,0,0
2024-05-01 16:00:00,1.64743,1.6477,1.64379,1.6444299999999998,11661,1,0
2024-05-01 20:00:00,1.64444,1.6464400000000001,1.64069,1.6412200000000001,13639,0,0
2024-05-02 00:00:00,1.64193,1.6437,1.6386699999999998,1.64223,5560,2,0
2024-05-02 04:00:00,1.6422400000000001,1.64337,1.63941,1.6400700000000001,7132,3,0
2024-05-02 08:00:00,1.64008,1.64058,1.63622,1.6373600000000001,10429,5,0
2024-05-02 12:00:00,1.63733,1.64103,1.63679,1.63889,10478,1,0
2024-05-02 16:00:00,1.63883,1.63891,1.63423,1.6343100000000002,14061,0,0
2024-05-02 20:00:00,1.6343299999999998,1.63475,1.6322100000000002,1.63333,7423,1,0
2024-05-03 00:00:00,1.6332200000000001,1.63385,1.6309399999999998,1.63124,4484,5,0
2024-05-03 04:00:00,1.63124,1.6334,1.63073,1.63259,7517,4,0
2024-05-03 08:00:00,1.6326,1.63367,1.6308799999999999,1.63201,9633,0,0
2024-05-03 12:00:00,1.63195,1.63385,1.6257700000000002,1.6261299999999999,10786,0,0
2024-05-03 16:00:00,1.62614,1.62967,1.62371,1.6280299999999999,16261,0,0
2024-05-03 20:00:00,1.6280299999999999,1.62874,1.6274899999999999,1.6280299999999999,5650,0,0
2024-05-06 00:00:00,1.626,1.62896,1.62425,1.62729,4115,5,0
2024-05-06 04:00:00,1.6272600000000002,1.62806,1.62595,1.6271200000000001,6934,0,0
2024-05-06 08:00:00,1.62713,1.62785,1.62443,1.6246800000000001,8104,3,0
2024-05-06 12:00:00,1.6246800000000001,1.62621,1.62453,1.62598,7489,2,0
2024-05-06 16:00:00,1.6259700000000001,1.62778,1.62493,1.62585,9428,1,0
2024-05-06 20:00:00,1.62585,1.62642,1.6251,1.62539,5241,4,0
2024-05-07 00:00:00,1.62523,1.6261100000000002,1.62182,1.62295,3883,1,0
2024-05-07 04:00:00,1.62296,1.6315,1.62221,1.62915,8266,0,0
2024-05-07 08:00:00,1.6291099999999998,1.63306,1.62827,1.6308799999999999,9895,0,0
2024-05-07 12:00:00,1.6308799999999999,1.63183,1.62785,1.62798,9087,0,0
2024-05-07 16:00:00,1.62797,1.6317599999999999,1.62723,1.63144,10940,0,0
2024-05-07 20:00:00,1.6314,1.6317300000000001,1.6297199999999998,1.62994,6199,0,0
2024-05-08 00:00:00,1.62995,1.63299,1.62779,1.63286,3647,3,0
2024-05-08 04:00:00,1.63286,1.63493,1.63252,1.63306,7005,0,0
2024-05-08 08:00:00,1.63304,1.6366,1.63236,1.6364800000000002,8742,3,0
2024-05-08 12:00:00,1.63647,1.6383,1.63541,1.638,8896,3,0
2024-05-08 16:00:00,1.6379899999999998,1.63802,1.63312,1.63381,10105,2,0
2024-05-08 20:00:00,1.63381,1.63401,1.6331,1.63351,4870,3,0
2024-05-09 00:00:00,1.6335,1.63525,1.63144,1.63497,3399,3,0
2024-05-09 04:00:00,1.63496,1.6350799999999999,1.63225,1.63324,7009,2,0
2024-05-09 08:00:00,1.63323,1.63543,1.63106,1.63132,7932,3,0
2024-05-09 12:00:00,1.63129,1.63267,1.6278899999999998,1.62942,10285,0,0
2024-05-09 16:00:00,1.6294300000000002,1.63175,1.6293600000000001,1.63043,11503,4,0
2024-05-09 20:00:00,1.63043,1.63053,1.62838,1.6286399999999999,5564,0,0
2024-05-10 00:00:00,1.62865,1.6303,1.6273900000000001,1.63026,3567,4,0
2024-05-10 04:00:00,1.63026,1.63262,1.62913,1.63068,5630,0,0
2024-05-10 08:00:00,1.63066,1.63166,1.6295,1.63125,9284,2,0
2024-05-10 12:00:00,1.63127,1.63215,1.62913,1.62951,9589,0,0
2024-05-10 16:00:00,1.62949,1.63191,1.62892,1.63098,12043,1,0
2024-05-10 20:00:00,1.63097,1.63172,1.6300599999999998,1.63052,4378,0,0
2024-05-13 00:00:00,1.63028,1.63305,1.6300400000000002,1.63281,3903,5,0
2024-05-13 04:00:00,1.63279,1.63517,1.6319599999999999,1.633,7687,1,0
2024-05-13 08:00:00,1.6330200000000001,1.6337899999999999,1.63136,1.63186,8929,0,0
2024-05-13 12:00:00,1.63186,1.63204,1.62995,1.63043,8177,1,0
2024-05-13 16:00:00,1.6303999999999998,1.6337899999999999,1.6298,1.63342,10144,1,0
2024-05-13 20:00:00,1.63342,1.6340599999999998,1.63238,1.6327099999999999,4610,3,0
2024-05-14 00:00:00,1.63292,1.63346,1.63075,1.6332,2939,0,0
2024-05-14 04:00:00,1.6332,1.63469,1.63247,1.63416,6090,2,0
2024-05-14 08:00:00,1.63416,1.63456,1.63166,1.63287,7640,3,0
2024-05-14 12:00:00,1.6329099999999999,1.63681,1.63181,1.63242,9204,2,0
2024-05-14 16:00:00,1.63239,1.6344699999999999,1.6322999999999999,1.63374,12277,0,0
2024-05-14 20:00:00,1.63374,1.6351,1.6323400000000001,1.63239,4926,4,0
2024-05-15 00:00:00,1.63226,1.63306,1.63122,1.63239,3444,2,0
2024-05-15 04:00:00,1.6323400000000001,1.63371,1.62782,1.6292499999999999,6078,0,0
2024-05-15 08:00:00,1.62926,1.63061,1.62809,1.62937,8656,0,0
2024-05-15 12:00:00,1.62949,1.63321,1.62689,1.6303800000000002,10446,0,0
2024-05-15 16:00:00,1.63043,1.63421,1.6255600000000001,1.62592,14309,3,0
2024-05-15 20:00:00,1.62591,1.62698,1.6248200000000002,1.626,6453,1,0
2024-05-16 00:00:00,1.62599,1.6266699999999998,1.62228,1.62291,5017,0,0
2024-05-16 04:00:00,1.62293,1.62965,1.6229,1.62781,10372,0,0
2024-05-16 08:00:00,1.62781,1.63009,1.62574,1.6276899999999999,10357,0,0
2024-05-16 12:00:00,1.62766,1.62991,1.62707,1.62947,9795,0,0
2024-05-16 16:00:00,1.62947,1.6315300000000001,1.6272600000000002,1.62815,11456,0,0
2024-05-16 20:00:00,1.62816,1.62865,1.62644,1.6271,5846,0,0
2024-05-17 00:00:00,1.62689,1.62802,1.6257899999999998,1.62784,3760,0,0
2024-05-17 04:00:00,1.62782,1.6303299999999998,1.62695,1.6294300000000002,6874,0,0
2024-05-17 08:00:00,1.62942,1.63057,1.62744,1.6295199999999999,8580,0,0
2024-05-17 12:00:00,1.6295199999999999,1.6307399999999999,1.62717,1.62748,7363,0,0
2024-05-17 16:00:00,1.62748,1.6280000000000001,1.62514,1.62561,10788,0,0
2024-05-17 20:00:00,1.62561,1.6257000000000001,1.6230099999999998,1.62356,5325,0,0
2024-05-20 00:00:00,1.6229,1.62424,1.62196,1.62304,3917,1,0
2024-05-20 04:00:00,1.62305,1.6243699999999999,1.6213600000000001,1.6223800000000002,7518,0,0
2024-05-20 08:00:00,1.6223800000000002,1.6251799999999998,1.62192,1.62479,8870,0,0
2024-05-20 12:00:00,1.62478,1.62947,1.6232199999999999,1.6289099999999999,9015,0,0
2024-05-20 16:00:00,1.62889,1.62921,1.62629,1.62784,10869,0,0
2024-05-20 20:00:00,1.62784,1.62903,1.6273300000000002,1.6282100000000002,5913,0,0
2024-05-21 00:00:00,1.62818,1.62842,1.6266500000000002,1.62808,3049,0,0
2024-05-21 04:00:00,1.62808,1.63258,1.62703,1.63113,8278,0,0
2024-05-21 08:00:00,1.6311200000000001,1.63242,1.62904,1.6303100000000001,8866,0,0
2024-05-21 12:00:00,1.6303299999999998,1.63069,1.62695,1.62747,8848,0,0
2024-05-21 16:00:00,1.62745,1.62938,1.6252,1.62867,12802,0,0
2024-05-21 20:00:00,1.62866,1.62877,1.62782,1.6282100000000002,5674,0,0
2024-05-22 00:00:00,1.62854,1.6285699999999999,1.62738,1.62824,3155,0,0
2024-05-22 04:00:00,1.62819,1.62894,1.62488,1.62772,7747,0,0
2024-05-22 08:00:00,1.62772,1.63131,1.62661,1.6286399999999999,9498,0,0
2024-05-22 12:00:00,1.62863,1.63055,1.62594,1.62998,10435,1,0
2024-05-22 16:00:00,1.62998,1.63377,1.62851,1.63296,12536,0,0
2024-05-22 20:00:00,1.6329500000000001,1.6372,1.63274,1.63472,9959,0,0
2024-05-23 00:00:00,1.63493,1.63602,1.63317,1.63577,4315,1,0
2024-05-23 04:00:00,1.63574,1.63638,1.63283,1.6336,7948,0,0
2024-05-23 08:00:00,1.6335899999999999,1.63665,1.63265,1.63527,10757,2,0
2024-05-23 12:00:00,1.6352600000000002,1.6358899999999998,1.6326399999999999,1.6340599999999998,10549,0,0
2024-05-23 16:00:00,1.6340599999999998,1.63586,1.63244,1.63403,15745,0,0
2024-05-23 20:00:00,1.6340400000000002,1.6378,1.63402,1.63703,9839,0,0
2024-05-24 00:00:00,1.6369799999999999,1.63896,1.6358700000000002,1.63754,4059,0,0
2024-05-24 04:00:00,1.6375199999999999,1.63943,1.63705,1.63739,7745,0,0
2024-05-24 08:00:00,1.6373600000000001,1.6395300000000002,1.63692,1.63719,9339,0,0
2024-05-24 12:00:00,1.6372,1.64019,1.63707,1.6400299999999999,9738,0,0
2024-05-24 16:00:00,1.6400000000000001,1.64052,1.63548,1.63629,12346,0,0
2024-05-24 20:00:00,1.63629,1.637,1.6354199999999999,1.63611,6734,0,0
2024-05-27 00:00:00,1.6371,1.6378599999999999,1.63487,1.6364,3585,0,0
2024-05-27 04:00:00,1.6364100000000001,1.63706,1.63449,1.6348099999999999,6833,0,0
2024-05-27 08:00:00,1.6348,1.63564,1.63317,1.6335600000000001,8422,0,0
2024-05-27 12:00:00,1.6335600000000001,1.6352600000000002,1.63121,1.63144,8817,0,0
2024-05-27 16:00:00,1.63144,1.63202,1.62975,1.63182,8740,0,0
2024-05-27 20:00:00,1.63183,1.63219,1.63091,1.63219,2148,1,0
2024-05-28 00:00:00,1.63178,1.6328200000000002,1.62958,1.6327500000000001,6715,0,0
2024-05-28 04:00:00,1.6327500000000001,1.6328,1.6299000000000001,1.63089,7854,0,0
2024-05-28 08:00:00,1.63089,1.63346,1.63061,1.63229,9501,1,0
2024-05-28 12:00:00,1.63229,1.6340599999999998,1.63037,1.6306699999999998,9401,0,0
2024-05-28 16:00:00,1.63072,1.63349,1.62828,1.63303,12953,0,0
2024-05-28 20:00:00,1.63307,1.63429,1.63242,1.6325699999999999,8850,0,0
2024-05-29 00:00:00,1.63279,1.6342400000000001,1.62887,1.63377,4560,0,0
2024-05-29 04:00:00,1.63376,1.6341299999999999,1.6282299999999998,1.63124,8520,0,0
2024-05-29 08:00:00,1.63123,1.6327,1.6275300000000001,1.62944,11682,0,0
2024-05-29 12:00:00,1.62947,1.63741,1.62931,1.6358000000000001,11690,0,0
2024-05-29 16:00:00,1.63582,1.63654,1.63304,1.63401,14359,1,0
2024-05-29 20:00:00,1.63399,1.63459,1.6320700000000001,1.6338599999999999,7837,0,0
2024-05-30 00:00:00,1.63384,1.63487,1.63281,1.6332,4903,0,0
2024-05-30 04:00:00,1.63315,1.6354,1.63174,1.634,9915,1,0
2024-05-30 08:00:00,1.6340599999999998,1.6368800000000001,1.6340599999999998,1.6349900000000002,13025,0,0
2024-05-30 12:00:00,1.63503,1.63619,1.63175,1.63256,12340,0,0
2024-05-30 16:00:00,1.6325699999999999,1.63367,1.6312600000000002,1.63148,14414,0,0
2024-05-30 20:00:00,1.6314600000000001,1.63389,1.63133,1.63283,7969,0,0
2024-05-31 00:00:00,1.63327,1.63425,1.62824,1.63212,4535,0,0
2024-05-31 04:00:00,1.63212,1.63278,1.6299700000000001,1.63086,10141,0,0
2024-05-31 08:00:00,1.6308500000000001,1.63255,1.62901,1.63177,10782,0,0
2024-05-31 12:00:00,1.63164,1.63338,1.6303100000000001,1.63227,11643,0,0
2024-05-31 16:00:00,1.63228,1.63425,1.6298300000000001,1.63348,15471,0,0
2024-05-31 20:00:00,1.63348,1.63369,1.62964,1.63009,8467,0,0
2024-06-03 00:00:00,1.6329,1.6329,1.6287,1.62965,4855,0,0
2024-06-03 04:00:00,1.6296599999999999,1.63293,1.6291,1.63238,8166,0,0
2024-06-03 08:00:00,1.63236,1.6348500000000001,1.6307800000000001,1.6319,11396,0,0
2024-06-03 12:00:00,1.63188,1.63304,1.62684,1.6273499999999999,11628,0,0
2024-06-03 16:00:00,1.62736,1.63163,1.6253600000000001,1.6314199999999999,15886,0,0
2024-06-03 20:00:00,1.63141,1.63292,1.6296,1.62994,9302,0,0
2024-06-04 00:00:00,1.63133,1.63205,1.62819,1.63166,4508,1,0
2024-06-04 04:00:00,1.63161,1.63405,1.63156,1.6326800000000001,8292,0,0
2024-06-04 08:00:00,1.63267,1.6362100000000002,1.63245,1.63601,13229,1,0
2024-06-04 12:00:00,1.63606,1.63863,1.63495,1.63518,13883,0,0
2024-06-04 16:00:00,1.6351900000000001,1.63862,1.63459,1.63765,16063,1,0
2024-06-04 20:00:00,1.63766,1.63814,1.63574,1.63594,9386,0,0
2024-06-05 00:00:00,1.63538,1.63782,1.6343,1.63663,3906,0,0
2024-06-05 04:00:00,1.63663,1.63795,1.63314,1.63354,7723,1,0
2024-06-05 08:00:00,1.63354,1.63524,1.63219,1.63503,10595,0,0
2024-06-05 12:00:00,1.63498,1.6369099999999999,1.63446,1.63683,11509,1,0
2024-06-05 16:00:00,1.6368800000000001,1.63957,1.63529,1.63559,15262,1,0
2024-06-05 20:00:00,1.63559,1.63597,1.63394,1.6348099999999999,6830,0,0
2024-06-06 00:00:00,1.63479,1.63509,1.63225,1.63256,3852,1,0
2024-06-06 04:00:00,1.63266,1.63475,1.6297899999999998,1.63436,10407,0,0
2024-06-06 08:00:00,1.63436,1.63674,1.6333199999999999,1.63563,11186,0,0
2024-06-06 12:00:00,1.63556,1.64035,1.6355499999999998,1.6391499999999999,12082,1,0
2024-06-06 16:00:00,1.6391200000000001,1.6403699999999999,1.63334,1.63364,14190,0,0
2024-06-06 20:00:00,1.63364,1.63409,1.6324,1.6333199999999999,8348,0,0
2024-06-07 00:00:00,1.63303,1.6339000000000001,1.63219,1.63365,4174,1,0
2024-06-07 04:00:00,1.63365,1.63518,1.63179,1.63228,9242,0,0
2024-06-07 08:00:00,1.63228,1.6339000000000001,1.63109,1.6334499999999998,11383,0,0
2024-06-07 12:00:00,1.6334499999999998,1.6400299999999999,1.63339,1.63963,13178,1,0
2024-06-07 16:00:00,1.63963,1.6420400000000002,1.6377000000000002,1.63981,15671,0,0
2024-06-07 20:00:00,1.63981,1.64182,1.63975,1.6413,10085,0,0
2024-06-10 00:00:00,1.63615,1.63875,1.63378,1.6381700000000001,5467,1,0
2024-06-10 04:00:00,1.63814,1.6386500000000002,1.63086,1.63178,8336,0,0
2024-06-10 08:00:00,1.63177,1.6335899999999999,1.63011,1.6332900000000001,12664,0,0
2024-06-10 12:00:00,1.63333,1.63337,1.62919,1.6295899999999999,11885,2,0
2024-06-10 16:00:00,1.62958,1.63049,1.62608,1.62813,13051,0,0
2024-06-10 20:00:00,1.62813,1.62928,1.62798,1.62853,7564,0,0
2024-06-11 00:00:00,1.62852,1.63036,1.62657,1.6303299999999998,4768,0,0
2024-06-11 04:00:00,1.6303299999999998,1.6335600000000001,1.6301700000000001,1.63213,10112,0,0
2024-06-11 08:00:00,1.63212,1.63224,1.6277599999999999,1.6280000000000001,10603,0,0
2024-06-11 12:00:00,1.6279599999999999,1.63072,1.6250499999999999,1.62513,13561,0,0
2024-06-11 16:00:00,1.62512,1.62804,1.62354,1.62652,13562,0,0
2024-06-11 20:00:00,1.6265,1.6271200000000001,1.62486,1.6256599999999999,6895,0,0
2024-06-12 00:00:00,1.6238700000000001,1.6272199999999999,1.6221100000000002,1.6267800000000001,3924,0,0
2024-06-12 04:00:00,1.6267800000000001,1.62691,1.6231200000000001,1.62354,8624,0,0
2024-06-12 08:00:00,1.62354,1.62589,1.6220400000000001,1.62513,10267,0,0
2024-06-12 12:00:00,1.62514,1.62829,1.61819,1.6187399999999998,12319,0,0
2024-06-12 16:00:00,1.61876,1.62121,1.61747,1.6182400000000001,15634,0,0
2024-06-12 20:00:00,1.61825,1.62334,1.6181100000000002,1.62198,14600,0,0
2024-06-13 00:00:00,1.6219999999999999,1.62429,1.61893,1.62412,4675,0,0
2024-06-13 04:00:00,1.62411,1.62565,1.62168,1.62522,9390,1,0
2024-06-13 08:00:00,1.62523,1.62738,1.62418,1.62424,10922,0,0
2024-06-13 12:00:00,1.62424,1.62479,1.62001,1.62096,12226,0,0
2024-06-13 16:00:00,1.621,1.6238299999999999,1.619,1.6191200000000001,16199,0,0
2024-06-13 20:00:00,1.61913,1.6196199999999998,1.61748,1.61784,9293,0,0
2024-06-14 00:00:00,1.61787,1.62189,1.6145800000000001,1.62135,4966,1,0
2024-06-14 04:00:00,1.62134,1.62134,1.61772,1.62029,10433,1,0
2024-06-14 08:00:00,1.6202800000000002,1.62168,1.61631,1.6167799999999999,14476,1,0
2024-06-14 12:00:00,1.6167799999999999,1.6183800000000002,1.61503,1.61744,16176,0,0
2024-06-14 16:00:00,1.61746,1.61917,1.61631,1.61712,13957,0,0
2024-06-14 20:00:00,1.6171,1.6193300000000002,1.61674,1.61753,7192,0,0
2024-06-17 00:00:00,1.6196000000000002,1.6199,1.61561,1.61952,4707,1,0
2024-06-17 04:00:00,1.61952,1.62188,1.6194600000000001,1.62099,8227,1,0
2024-06-17 08:00:00,1.62096,1.62232,1.61936,1.62086,12882,1,0
2024-06-17 12:00:00,1.62086,1.62629,1.62069,1.6255199999999999,11516,0,0
2024-06-17 16:00:00,1.6255199999999999,1.62629,1.6232199999999999,1.6235,13134,0,0
2024-06-17 20:00:00,1.62352,1.62352,1.62195,1.62284,9043,0,0
2024-06-18 00:00:00,1.623,1.6239400000000002,1.6215000000000002,1.6227,4518,1,0
2024-06-18 04:00:00,1.62269,1.62456,1.6207500000000001,1.62245,8893,0,0
2024-06-18 08:00:00,1.62249,1.62262,1.61758,1.6201699999999999,12455,0,0
2024-06-18 12:00:00,1.6201699999999999,1.62127,1.6187,1.61952,12193,0,0
2024-06-18 16:00:00,1.61952,1.61964,1.6134300000000001,1.6139299999999999,14263,0,0
2024-06-18 20:00:00,1.61396,1.61456,1.6131199999999999,1.6133199999999999,8769,0,0
2024-06-19 00:00:00,1.6132499999999999,1.61372,1.61162,1.61181,3513,0,0
2024-06-19 04:00:00,1.61181,1.61227,1.61043,1.61143,7569,0,0
2024-06-19 08:00:00,1.61143,1.61157,1.60797,1.61001,10908,0,0
2024-06-19 12:00:00,1.60999,1.6127099999999999,1.60892,1.61094,10239,0,0
2024-06-19 16:00:00,1.61094,1.6116899999999998,1.60967,1.6108500000000001,8507,0,0
2024-06-19 20:00:00,1.61083,1.61117,1.6098599999999998,1.60998,1615,0,0
2024-06-20 00:00:00,1.61033,1.61118,1.60822,1.61053,4075,1,0
2024-06-20 04:00:00,1.61052,1.61137,1.609,1.61029,8865,0,0
2024-06-20 08:00:00,1.61029,1.61139,1.60598,1.6073499999999998,11353,0,0
2024-06-20 12:00:00,1.6073499999999998,1.60917,1.60676,1.60843,12401,0,0
2024-06-20 16:00:00,1.6084100000000001,1.61009,1.60757,1.60919,14678,5,0
2024-06-20 20:00:00,1.6092,1.61012,1.60765,1.60778,10475,5,0
2024-06-21 00:00:00,1.60781,1.60884,1.60649,1.60866,4389,7,0
2024-06-21 04:00:00,1.60865,1.60907,1.60704,1.60755,8338,12,0
2024-06-21 08:00:00,1.6075300000000001,1.6089099999999998,1.60456,1.6068099999999998,12018,1,0
2024-06-21 12:00:00,1.6068,1.60872,1.60273,1.6055199999999998,12721,6,0
2024-06-21 16:00:00,1.6055000000000001,1.6113300000000002,1.60542,1.60983,15532,3,0
2024-06-21 20:00:00,1.6098400000000002,1.6108500000000001,1.60929,1.60989,9567,11,0
2024-06-24 00:00:00,1.6091,1.61109,1.60754,1.61052,4697,12,0
2024-06-24 04:00:00,1.61057,1.61239,1.61041,1.61107,10239,12,0
2024-06-24 08:00:00,1.6110600000000002,1.6115300000000001,1.6093600000000001,1.61032,11175,10,0
2024-06-24 12:00:00,1.61029,1.6160700000000001,1.61009,1.6151900000000001,12056,6,0
2024-06-24 16:00:00,1.61517,1.61552,1.61028,1.61199,13150,11,0
2024-06-24 20:00:00,1.61199,1.61311,1.6114899999999999,1.6119599999999998,9011,10,0
2024-06-25 00:00:00,1.61212,1.61367,1.61032,1.61324,4276,6,0
2024-06-25 04:00:00,1.61319,1.61357,1.61123,1.61219,9420,11,0
2024-06-25 08:00:00,1.61219,1.61232,1.60773,1.61084,11326,5,0
2024-06-25 12:00:00,1.61084,1.6122999999999998,1.60935,1.61048,11257,10,0
2024-06-25 16:00:00,1.61046,1.61322,1.61015,1.61245,14074,10,0
2024-06-25 20:00:00,1.61247,1.61311,1.61138,1.61148,7485,10,0
2024-06-26 00:00:00,1.61136,1.61337,1.60964,1.61242,4185,8,0
2024-06-26 04:00:00,1.6124100000000001,1.61258,1.60314,1.6037599999999999,10297,8,0
2024-06-26 08:00:00,1.60375,1.60381,1.5997,1.60201,10919,5,0
2024-06-26 12:00:00,1.6019999999999999,1.60637,1.60103,1.60413,12122,5,0
2024-06-26 16:00:00,1.60409,1.60793,1.60364,1.60643,14535,5,0
2024-06-26 20:00:00,1.60643,1.6071499999999999,1.60492,1.60643,7694,7,0
2024-06-27 00:00:00,1.6059700000000001,1.6080100000000002,1.6038299999999999,1.60717,4098,11,0
2024-06-27 04:00:00,1.60717,1.6079400000000001,1.60429,1.6045,7208,12,0
2024-06-27 08:00:00,1.60446,1.60513,1.60252,1.6032600000000001,11599,10,0
2024-06-27 12:00:00,1.60321,1.60883,1.60302,1.60807,12964,11,0
2024-06-27 16:00:00,1.60809,1.6112,1.60798,1.61016,14253,9,0
2024-06-27 20:00:00,1.61012,1.6114000000000002,1.60933,1.6101999999999999,7877,12,0
2024-06-28 00:00:00,1.61049,1.61137,1.6082999999999998,1.6110600000000002,4435,12,0
2024-06-28 04:00:00,1.61103,1.61462,1.6108799999999999,1.61348,11653,10,0
2024-06-28 08:00:00,1.61351,1.61452,1.6097700000000001,1.61046,11505,10,0
2024-06-28 12:00:00,1.61046,1.61096,1.6051600000000001,1.60535,13270,10,0
2024-06-28 16:00:00,1.60531,1.60657,1.6021100000000001,1.60556,16370,9,0
2024-06-28 20:00:00,1.60556,1.60671,1.6046399999999998,1.60583,9125,11,0
2024-07-01 00:00:00,1.6074000000000002,1.61173,1.60652,1.61083,5820,12,0
2024-07-01 04:00:00,1.6107900000000002,1.61357,1.61056,1.61333,8420,10,0
2024-07-01 08:00:00,1.6133600000000001,1.6147200000000002,1.60946,1.6108500000000001,11921,10,0
2024-07-01 12:00:00,1.61084,1.61378,1.60928,1.61294,11511,11,0
2024-07-01 16:00:00,1.61295,1.61432,1.60904,1.61287,15397,10,0
2024-07-01 20:00:00,1.61288,1.61417,1.61159,1.61242,8457,6,0
2024-07-02 00:00:00,1.61222,1.6146099999999999,1.6106500000000001,1.61436,4497,10,0
2024-07-02 04:00:00,1.61437,1.61771,1.61385,1.6151,8086,11,0
2024-07-02 08:00:00,1.6151,1.61625,1.61144,1.6116899999999998,11745,10,0
2024-07-02 12:00:00,1.61162,1.6122100000000001,1.61161,1.6120700000000001,454,12,0
2024-07-03 00:00:00,1.6113,1.61199,1.61001,1.61148,3741,10,0
2024-07-03 04:00:00,1.6114600000000001,1.61189,1.60818,1.60919,7344,12,0
2024-07-03 08:00:00,1.60919,1.61188,1.60834,1.61163,10295,10,0
2024-07-03 12:00:00,1.61161,1.61347,1.61132,1.6132900000000001,11435,10,0
2024-07-03 16:00:00,1.61331,1.61335,1.60614,1.60784,15141,9,0
2024-07-03 20:00:00,1.60782,1.60892,1.60717,1.6080299999999998,6156,5,0
2024-07-04 00:00:00,1.60786,1.60874,1.60649,1.60676,3250,10,0
2024-07-04 04:00:00,1.60676,1.60772,1.6057700000000001,1.60667,8015,11,0
2024-07-04 08:00:00,1.6066799999999999,1.60775,1.6051199999999999,1.6069499999999999,10262,10,0
2024-07-04 12:00:00,1.60697,1.6074899999999999,1.6042800000000002,1.60504,8814,6,0
2024-07-04 16:00:00,1.605,1.60757,1.6047,1.60687,9075,7,0
2024-07-04 20:00:00,1.60687,1.6074000000000002,1.60641,1.6066,1197,6,0
2024-07-05 00:00:00,1.60743,1.6076000000000001,1.60582,1.60628,3674,8,0
2024-07-05 04:00:00,1.60628,1.6071499999999999,1.60515,1.60707,8341,12,0
2024-07-05 08:00:00,1.60705,1.6089,1.6065800000000001,1.60758,9632,9,0
2024-07-05 12:00:00,1.60757,1.60894,1.60434,1.60765,11849,10,0
2024-07-05 16:00:00,1.60771,1.60906,1.6049099999999998,1.60608,16370,11,0
2024-07-05 20:00:00,1.60608,1.60649,1.6048200000000001,1.60544,7898,10,0
2024-07-08 00:00:00,1.6023,1.60553,1.60102,1.60547,5511,12,0
2024-07-08 04:00:00,1.60547,1.60574,1.6026,1.60346,8854,10,0
2024-07-08 08:00:00,1.60347,1.609,1.60346,1.60881,11797,11,0
2024-07-08 12:00:00,1.6088200000000001,1.60897,1.6059700000000001,1.60666,11331,11,0
2024-07-08 16:00:00,1.60666,1.6080999999999999,1.60522,1.6068,13617,9,0
2024-07-08 20:00:00,1.60678,1.6075599999999999,1.60626,1.60653,8879,4,0
2024-07-09 00:00:00,1.60656,1.6073499999999998,1.60538,1.6069499999999999,3630,9,0
2024-07-09 04:00:00,1.60697,1.6080299999999998,1.6055700000000002,1.60628,7506,10,0
2024-07-09 08:00:00,1.60628,1.60667,1.6039400000000001,1.60659,9675,11,0
2024-07-09 12:00:00,1.6066,1.6071,1.60522,1.60646,10011,5,0
2024-07-09 16:00:00,1.60649,1.6072,1.60418,1.6044,14763,10,0
2024-07-09 20:00:00,1.6043699999999999,1.60459,1.6034199999999998,1.60399,7937,4,0
2024-07-10 00:00:00,1.6037400000000002,1.60551,1.60274,1.6052499999999998,3803,9,0
2024-07-10 04:00:00,1.6052300000000002,1.60629,1.6037400000000002,1.6038000000000001,9070,10,0
2024-07-10 08:00:00,1.6037400000000002,1.60608,1.60331,1.6046,10748,10,0
2024-07-10 12:00:00,1.60461,1.60612,1.60458,1.6052,10984,12,0
2024-07-10 16:00:00,1.6051600000000001,1.60534,1.6036299999999999,1.60477,13154,11,0
2024-07-10 20:00:00,1.6047500000000001,1.60548,1.60443,1.6049600000000002,7738,10,0
2024-07-11 00:00:00,1.60479,1.60571,1.6033,1.60497,3866,7,0
2024-07-11 04:00:00,1.6049799999999999,1.6050499999999999,1.60259,1.6035300000000001,7890,11,0
2024-07-11 08:00:00,1.60352,1.6048900000000001,1.6023399999999999,1.6046399999999998,9836,11,0
2024-07-11 12:00:00,1.6046399999999998,1.60778,1.60158,1.60327,12205,10,0
2024-07-11 16:00:00,1.60324,1.60707,1.6023,1.60641,18807,5,0
2024-07-11 20:00:00,1.60641,1.6085500000000001,1.6057000000000001,1.60768,9126,6,0
2024-07-12 00:00:00,1.60774,1.60846,1.60551,1.60811,6583,10,0
2024-07-12 04:00:00,1.6080999999999999,1.6089099999999998,1.60522,1.60569,9192,10,0
2024-07-12 08:00:00,1.60569,1.6073300000000001,1.6047799999999999,1.6064,11237,10,0
2024-07-12 12:00:00,1.6063800000000001,1.60833,1.60608,1.60748,12152,12,0
2024-07-12 16:00:00,1.60747,1.60795,1.60537,1.6062699999999999,15787,9,0
2024-07-12 20:00:00,1.60628,1.60766,1.6062699999999999,1.6073499999999998,8004,5,0
2024-07-15 00:00:00,1.60589,1.60945,1.60526,1.6088,6206,10,0
2024-07-15 04:00:00,1.60885,1.60985,1.60687,1.60786,8269,12,0
2024-07-15 08:00:00,1.60786,1.60941,1.6064500000000002,1.60763,11572,6,0
2024-07-15 12:00:00,1.60764,1.6103800000000001,1.6068799999999999,1.60974,13115,9,0
2024-07-15 16:00:00,1.60976,1.61159,1.60935,1.61068,15714,5,0
2024-07-15 20:00:00,1.61067,1.61321,1.61064,1.61158,10349,9,0
2024-07-16 00:00:00,1.61059,1.6133199999999999,1.61049,1.6133,4057,6,0
2024-07-16 04:00:00,1.6133,1.61575,1.61303,1.61555,8306,5,0
2024-07-16 08:00:00,1.6155599999999999,1.61834,1.6146,1.61741,11040,10,0
2024-07-16 12:00:00,1.61742,1.61947,1.6149200000000001,1.61818,12105,11,0
2024-07-16 16:00:00,1.61817,1.61975,1.6175199999999998,1.61891,14767,9,0
2024-07-16 20:00:00,1.6189,1.61921,1.61785,1.61848,9187,11,0
2024-07-17 00:00:00,1.61833,1.6202100000000002,1.61775,1.6188799999999999,4917,3,0
2024-07-17 04:00:00,1.61886,1.6194199999999999,1.6173,1.61829,7964,11,0
2024-07-17 08:00:00,1.6183,1.62195,1.61771,1.62006,13351,6,0
2024-07-17 12:00:00,1.6200700000000001,1.6238899999999998,1.61991,1.6237300000000001,13659,5,0
2024-07-17 16:00:00,1.6237300000000001,1.62567,1.62228,1.6249500000000001,15956,10,0
2024-07-17 20:00:00,1.6250200000000001,1.6263800000000002,1.62492,1.62554,10178,5,0
2024-07-18 00:00:00,1.62512,1.627,1.62386,1.62697,5431,12,0
2024-07-18 04:00:00,1.62697,1.6283699999999999,1.62229,1.62276,9450,12,0
2024-07-18 08:00:00,1.62275,1.62348,1.62142,1.62259,11979,9,0
2024-07-18 12:00:00,1.6226099999999999,1.62405,1.6217700000000002,1.62268,11278,11,0
2024-07-18 16:00:00,1.62268,1.62368,1.61876,1.62297,16182,5,0
2024-07-18 20:00:00,1.62297,1.6266,1.6225,1.6247099999999999,11017,5,0
2024-07-19 00:00:00,1.62474,1.6273499999999999,1.62345,1.62561,5517,12,0
2024-07-19 04:00:00,1.6256,1.62645,1.6238700000000001,1.6250200000000001,10149,11,0
2024-07-19 08:00:00,1.625,1.62717,1.62317,1.62585,12794,10,0
2024-07-19 12:00:00,1.62585,1.6277300000000001,1.62515,1.62763,12374,6,0
2024-07-19 16:00:00,1.62763,1.62865,1.62583,1.62761,15647,10,0
2024-07-19 20:00:00,1.62757,1.62827,1.6268099999999999,1.62695,10761,6,0
2024-07-22 00:00:00,1.6272,1.6291799999999999,1.62474,1.62829,6029,11,0
2024-07-22 04:00:00,1.62828,1.63394,1.6280000000000001,1.6327,9704,6,0
2024-07-22 08:00:00,1.6326800000000001,1.63441,1.63212,1.63344,12084,7,0
2024-07-22 12:00:00,1.63344,1.63792,1.63305,1.63642,11071,10,0
2024-07-22 16:00:00,1.63645,1.6403400000000001,1.6359599999999999,1.63959,14605,5,0
2024-07-22 20:00:00,1.6395300000000002,1.63995,1.63895,1.63944,8782,4,0
2024-07-23 00:00:00,1.63868,1.64161,1.63838,1.64121,4826,7,0
2024-07-23 04:00:00,1.64124,1.64223,1.63909,1.64221,8864,8,0
2024-07-23 08:00:00,1.6421999999999999,1.64291,1.6412499999999999,1.64249,11244,5,0
2024-07-23 12:00:00,1.6425,1.64255,1.63859,1.63932,10933,8,0
2024-07-23 16:00:00,1.63932,1.64079,1.6385399999999999,1.64056,13144,10,0
2024-07-23 20:00:00,1.6406,1.6414900000000001,1.6398700000000002,1.64058,9167,11,0
2024-07-24 00:00:00,1.64045,1.64154,1.6396199999999999,1.64072,4341,5,0
2024-07-24 04:00:00,1.6407,1.6472,1.64052,1.64698,10278,5,0
2024-07-24 08:00:00,1.64698,1.64726,1.64062,1.64266,13337,10,0
2024-07-24 12:00:00,1.64266,1.64439,1.64167,1.6431200000000001,11785,12,0
2024-07-24 16:00:00,1.64314,1.64684,1.64216,1.64486,15836,9,0
2024-07-24 20:00:00,1.6448800000000001,1.64761,1.64458,1.6469399999999998,10646,8,0
2024-07-25 00:00:00,1.6469399999999998,1.6526800000000001,1.6461999999999999,1.6513,5723,5,0
2024-07-25 04:00:00,1.6513,1.65708,1.6505100000000001,1.65706,11388,10,0
2024-07-25 08:00:00,1.6571,1.6608100000000001,1.65502,1.6593499999999999,15100,6,0
2024-07-25 12:00:00,1.65934,1.66431,1.65922,1.6606,14431,7,0
2024-07-25 16:00:00,1.6606,1.66112,1.65554,1.65678,17314,5,0
2024-07-25 20:00:00,1.65674,1.6597300000000001,1.65619,1.65861,10730,10,0
2024-07-26 00:00:00,1.65861,1.6597,1.6577,1.65791,3983,9,0
2024-07-26 04:00:00,1.65795,1.6585100000000002,1.65644,1.6570399999999998,8106,10,0
2024-07-26 08:00:00,1.6570399999999998,1.65708,1.65255,1.65266,10802,9,0
2024-07-26 12:00:00,1.65267,1.65698,1.65266,1.6550799999999999,10545,7,0
2024-07-26 16:00:00,1.65507,1.6569500000000001,1.65378,1.6552799999999999,14703,10,0
2024-07-26 20:00:00,1.65522,1.65827,1.65503,1.65777,9453,8,0
2024-07-29 00:00:00,1.65644,1.65766,1.6536300000000002,1.6543700000000001,5317,10,0
2024-07-29 04:00:00,1.65436,1.6583999999999999,1.6541299999999999,1.65794,8431,10,0
2024-07-29 08:00:00,1.65794,1.6580599999999999,1.65529,1.65543,10883,11,0
2024-07-29 12:00:00,1.6554,1.6554799999999998,1.65259,1.65425,10530,10,0
2024-07-29 16:00:00,1.6542400000000002,1.65629,1.65334,1.65401,13866,5,0
2024-07-29 20:00:00,1.6539899999999998,1.65459,1.65195,1.6521599999999999,9351,9,0
2024-07-30 00:00:00,1.65328,1.65328,1.65016,1.6520000000000001,4162,12,0
2024-07-30 04:00:00,1.65197,1.65541,1.6507800000000001,1.6510799999999999,8312,6,0
2024-07-30 08:00:00,1.65107,1.6538300000000001,1.6492200000000001,1.6528800000000001,10533,5,0
2024-07-30 12:00:00,1.6528800000000001,1.65669,1.6528800000000001,1.65297,9733,10,0
2024-07-30 16:00:00,1.65293,1.65504,1.6516899999999999,1.65429,15877,10,0
2024-07-30 20:00:00,1.65428,1.6549800000000001,1.65248,1.65415,10091,10,0
2024-07-31 00:00:00,1.65391,1.65554,1.65186,1.65538,5381,10,0
2024-07-31 04:00:00,1.65537,1.6686800000000002,1.65513,1.66693,11614,10,0
2024-07-31 08:00:00,1.66692,1.6699899999999999,1.66187,1.66661,14066,7,0
2024-07-31 12:00:00,1.66669,1.6684999999999999,1.66103,1.66128,12305,8,0
2024-07-31 16:00:00,1.6612900000000002,1.66218,1.65408,1.6549,14953,4,0
2024-07-31 20:00:00,1.6549,1.65794,1.65237,1.6547800000000001,14568,8,0
2024-08-01 00:00:00,1.65479,1.65622,1.65279,1.65612,5230,11,0
2024-08-01 04:00:00,1.65613,1.66011,1.65461,1.65836,10887,8,0
2024-08-01 08:00:00,1.65836,1.65866,1.65438,1.65454,13518,9,0
2024-08-01 12:00:00,1.6545100000000001,1.65486,1.64717,1.6493600000000002,13983,8,0
2024-08-01 16:00:00,1.64937,1.65705,1.64781,1.6564299999999998,17863,4,0
2024-08-01 20:00:00,1.65644,1.66205,1.65632,1.65978,12892,9,0
2024-08-02 00:00:00,1.6582599999999998,1.6632099999999999,1.65794,1.66295,6945,9,0
2024-08-02 04:00:00,1.66293,1.66337,1.6567699999999999,1.6577899999999999,10755,10,0
2024-08-02 08:00:00,1.6577899999999999,1.66096,1.6543999999999999,1.66042,14445,9,0
2024-08-02 12:00:00,1.6604299999999999,1.67042,1.6602700000000001,1.66768,14525,4,0
2024-08-02 16:00:00,1.6677,1.67682,1.66474,1.67477,20143,7,0
2024-08-02 20:00:00,1.67476,1.67658,1.67301,1.67534,11563,12,0
2024-08-05 00:00:00,1.67538,1.68349,1.67239,1.68194,10604,4,0
2024-08-05 04:00:00,1.6819600000000001,1.6867299999999998,1.6771099999999999,1.68424,16939,5,0
2024-08-05 08:00:00,1.68426,1.71802,1.68354,1.69768,21664,4,0
2024-08-05 12:00:00,1.6977,1.70814,1.6948699999999999,1.70688,18859,12,0
2024-08-05 16:00:00,1.7069299999999998,1.7069800000000002,1.68455,1.69104,22986,11,0
2024-08-05 20:00:00,1.69104,1.69146,1.68495,1.68523,16357,12,0
2024-08-06 00:00:00,1.68525,1.68629,1.67557,1.67692,10408,12,0
2024-08-06 04:00:00,1.6767699999999999,1.68709,1.67604,1.68344,15304,7,0
2024-08-06 08:00:00,1.68335,1.6856900000000001,1.6770100000000001,1.68091,19603,9,0
2024-08-06 12:00:00,1.68092,1.6853799999999999,1.68073,1.68371,17806,12,0
2024-08-06 16:00:00,1.68378,1.68432,1.6717300000000002,1.67208,19696,12,0
2024-08-06 20:00:00,1.67207,1.67692,1.6711,1.67537,13881,8,0
2024-08-07 00:00:00,1.6754799999999999,1.67835,1.67099,1.6712500000000001,8237,12,0
2024-08-07 04:00:00,1.67126,1.67316,1.66261,1.66405,14172,8,0
2024-08-07 08:00:00,1.66402,1.67108,1.6625999999999999,1.66459,15919,12,0
2024-08-07 12:00:00,1.66459,1.6652,1.66008,1.66379,14244,9,0
2024-08-07 16:00:00,1.66379,1.66967,1.66313,1.66886,16228,11,0
2024-08-07 20:00:00,1.6689,1.6763599999999999,1.6687400000000001,1.6751200000000002,12989,12,0
2024-08-08 00:00:00,1.67516,1.67994,1.6729500000000002,1.67656,8359,10,0
2024-08-08 04:00:00,1.67656,1.67679,1.66524,1.66747,13047,11,0
2024-08-08 08:00:00,1.6675,1.6712500000000001,1.66594,1.6680700000000002,15024,10,0
2024-08-08 12:00:00,1.66805,1.6692399999999998,1.66254,1.66383,14130,8,0
2024-08-08 16:00:00,1.66381,1.66428,1.6564100000000002,1.65836,17466,5,0
2024-08-08 20:00:00,1.6583299999999999,1.6596600000000001,1.6557300000000001,1.6560700000000002,10294,9,0
2024-08-09 00:00:00,1.65602,1.65821,1.6545100000000001,1.6572900000000002,5857,12,0
2024-08-09 04:00:00,1.65726,1.6575199999999999,1.6536,1.65728,10424,5,0
2024-08-09 08:00:00,1.65727,1.65881,1.65418,1.65644,12047,8,0
2024-08-09 12:00:00,1.6564299999999998,1.66147,1.65632,1.65994,11970,11,0
2024-08-09 16:00:00,1.65995,1.6622,1.65857,1.66058,14808,29,0
2024-08-09 20:00:00,1.66058,1.66173,1.65964,1.6606999999999998,8765,27,0
2024-08-12 00:00:00,1.6616,1.6617899999999999,1.65841,1.65968,4858,24,0
2024-08-12 04:00:00,1.65971,1.6598600000000001,1.6566800000000002,1.65825,6983,31,0
2024-08-12 08:00:00,1.6582599999999998,1.65997,1.6543700000000001,1.65533,9989,26,0
2024-08-12 12:00:00,1.6553200000000001,1.65671,1.6541000000000001,1.65608,9467,32,0
2024-08-12 16:00:00,1.6560700000000002,1.6591399999999998,1.65436,1.65855,14633,26,0
2024-08-12 20:00:00,1.6585100000000002,1.66015,1.6577199999999999,1.65931,8705,32,0
2024-08-13 00:00:00,1.65972,1.66121,1.6582599999999998,1.6598899999999999,3592,5,0
2024-08-13 04:00:00,1.6599,1.66072,1.65689,1.6585299999999998,8295,32,0
2024-08-13 08:00:00,1.65861,1.6601599999999999,1.6532200000000001,1.65404,10108,30,0
2024-08-13 12:00:00,1.65404,1.6590799999999999,1.65303,1.65571,11740,25,0
2024-08-13 16:00:00,1.6556600000000001,1.6591900000000002,1.65531,1.6562000000000001,13277,31,0
2024-08-13 20:00:00,1.65619,1.65815,1.65592,1.65794,8608,30,0
2024-08-14 00:00:00,1.6577899999999999,1.6579700000000002,1.65409,1.6550500000000001,5251,32,0
2024-08-14 04:00:00,1.6550500000000001,1.6604700000000001,1.65466,1.65924,11033,30,0
2024-08-14 08:00:00,1.65924,1.6623,1.65547,1.6615799999999998,10691,26,0
2024-08-14 12:00:00,1.6615799999999998,1.66516,1.66021,1.6632799999999999,11073,32,0
2024-08-14 16:00:00,1.66331,1.66988,1.66284,1.66767,15006,28,0
2024-08-14 20:00:00,1.66765,1.6694900000000001,1.66734,1.6678600000000001,7328,28,0
2024-08-15 00:00:00,1.6683400000000002,1.67084,1.66435,1.67066,4141,21,0
2024-08-15 04:00:00,1.67056,1.67459,1.6611,1.6620599999999999,9738,27,0
2024-08-15 08:00:00,1.6620599999999999,1.66428,1.66175,1.66323,8689,32,0
2024-08-15 12:00:00,1.66322,1.6637499999999998,1.65662,1.65796,9968,25,0
2024-08-15 16:00:00,1.65801,1.66005,1.65592,1.6572200000000001,14808,24,0
2024-08-15 20:00:00,1.6572200000000001,1.66024,1.6571799999999999,1.65863,6937,27,0
2024-08-16 00:00:00,1.6585800000000002,1.66046,1.65841,1.65917,4043,29,0
2024-08-16 04:00:00,1.65917,1.65963,1.65665,1.65721,7020,26,0
2024-08-16 08:00:00,1.65721,1.6578300000000001,1.65472,1.65552,8769,25,0
2024-08-16 12:00:00,1.65551,1.6592,1.65427,1.6588699999999998,9831,25,0
2024-08-16 16:00:00,1.6588699999999998,1.6593900000000001,1.65269,1.65306,12307,24,0
2024-08-16 20:00:00,1.65303,1.65348,1.65183,1.65307,6694,25,0
2024-08-19 00:00:00,1.65299,1.65496,1.64917,1.65104,4804,6,0
2024-08-19 04:00:00,1.65103,1.6518199999999998,1.64886,1.65072,8387,24,0
2024-08-19 08:00:00,1.6507100000000001,1.65407,1.65001,1.65008,11069,25,0
2024-08-19 12:00:00,1.65008,1.65123,1.6479,1.6482299999999999,9176,25,0
2024-08-19 16:00:00,1.64822,1.64892,1.64564,1.64771,12134,25,0
2024-08-19 20:00:00,1.64768,1.64798,1.6459000000000001,1.64664,6717,28,0
2024-08-20 00:00:00,1.64665,1.64805,1.645,1.64748,4189,7,0
2024-08-20 04:00:00,1.64741,1.6497600000000001,1.64564,1.64867,8737,24,0
2024-08-20 08:00:00,1.64865,1.6494499999999999,1.6453799999999998,1.6465999999999998,9999,26,0
2024-08-20 12:00:00,1.6464400000000001,1.64684,1.6450399999999998,1.64608,8976,26,0
2024-08-20 16:00:00,1.6460599999999999,1.64995,1.64582,1.6498,13374,26,0
2024-08-20 20:00:00,1.64981,1.65035,1.64812,1.6495600000000001,7549,27,0
2024-08-21 00:00:00,1.64943,1.64998,1.6469,1.64833,4639,17,0
2024-08-21 04:00:00,1.64833,1.64989,1.6474600000000001,1.64847,7462,26,0
2024-08-21 08:00:00,1.64847,1.6505999999999998,1.64718,1.6504699999999999,9889,24,0
2024-08-21 12:00:00,1.65046,1.65103,1.6486399999999999,1.64967,8735,25,0
2024-08-21 16:00:00,1.64964,1.6541299999999999,1.6472,1.65327,15650,24,0
2024-08-21 20:00:00,1.65326,1.65456,1.65206,1.65307,8549,30,0
2024-08-22 00:00:00,1.6529099999999999,1.65367,1.6509200000000002,1.65293,4341,7,0
2024-08-22 04:00:00,1.65293,1.65626,1.6525699999999999,1.6543,7210,32,0
2024-08-22 08:00:00,1.65429,1.65477,1.6491799999999999,1.6515499999999999,9704,30,0
2024-08-22 12:00:00,1.65158,1.6553,1.65082,1.65411,10391,27,0
2024-08-22 16:00:00,1.65412,1.65761,1.65354,1.6565699999999999,14121,24,0
2024-08-22 20:00:00,1.65656,1.6577,1.6559,1.6571099999999999,8022,25,0
2024-08-23 00:00:00,1.65737,1.6580300000000001,1.65438,1.6571799999999999,4481,10,0
2024-08-23 04:00:00,1.65717,1.65782,1.65454,1.65481,7644,26,0
2024-08-23 08:00:00,1.65481,1.65585,1.65299,1.65389,9550,24,0
2024-08-23 12:00:00,1.65388,1.6540300000000001,1.65054,1.6509200000000002,9052,24,0
2024-08-23 16:00:00,1.6509200000000002,1.6522000000000001,1.64686,1.64729,17290,24,0
2024-08-23 20:00:00,1.64731,1.64806,1.6455899999999999,1.64642,9557,10,0
2024-08-26 00:00:00,1.64652,1.6492200000000001,1.64591,1.64836,6465,26,0
2024-08-26 04:00:00,1.64835,1.6505,1.64772,1.65038,8546,25,0
2024-08-26 08:00:00,1.65038,1.65138,1.64882,1.6502,10370,24,0
2024-08-26 12:00:00,1.65021,1.65063,1.64696,1.64717,10376,24,0
2024-08-26 16:00:00,1.6472099999999998,1.6489,1.64539,1.6470099999999999,13497,24,0
2024-08-26 20:00:00,1.64703,1.64838,1.64649,1.64802,7163,26,0
2024-08-27 00:00:00,1.64772,1.65039,1.6456300000000001,1.6501700000000001,4053,12,0
2024-08-27 04:00:00,1.6501299999999999,1.6502400000000002,1.64554,1.64611,6881,25,0
2024-08-27 08:00:00,1.6460599999999999,1.64869,1.64456,1.6476199999999999,10044,25,0
2024-08-27 12:00:00,1.64763,1.64799,1.64526,1.64731,10507,24,0
2024-08-27 16:00:00,1.64717,1.6491099999999999,1.64573,1.64744,13270,24,0
2024-08-27 20:00:00,1.64744,1.6477,1.6461000000000001,1.64627,6991,6,0
2024-08-28 00:00:00,1.64648,1.64733,1.64467,1.64652,4993,20,0
2024-08-28 04:00:00,1.6465100000000001,1.6472099999999998,1.64066,1.64227,9273,25,0
2024-08-28 08:00:00,1.64225,1.6427399999999999,1.63896,1.6390099999999999,11403,25,0
2024-08-28 12:00:00,1.6390099999999999,1.6410900000000002,1.63814,1.6399,11164,26,0
2024-08-28 16:00:00,1.63995,1.64181,1.6377199999999998,1.64025,13899,27,0
2024-08-28 20:00:00,1.64025,1.6417199999999998,1.63818,1.6386500000000002,8985,31,0
2024-08-29 00:00:00,1.63861,1.64019,1.63685,1.63701,4350,24,0
2024-08-29 04:00:00,1.637,1.63979,1.6356600000000001,1.63651,7588,24,0
2024-08-29 08:00:00,1.63652,1.6369799999999999,1.6278000000000001,1.62833,11824,25,0
2024-08-29 12:00:00,1.62833,1.6293,1.62546,1.62926,11891,25,0
2024-08-29 16:00:00,1.62923,1.6325699999999999,1.62774,1.62866,14349,25,0
2024-08-29 20:00:00,1.62865,1.63032,1.62732,1.62908,9420,25,0
2024-08-30 00:00:00,1.6292,1.6308500000000001,1.6252,1.6295600000000001,3819,26,0
2024-08-30 04:00:00,1.62957,1.6307800000000001,1.62657,1.6283400000000001,7408,24,0
2024-08-30 08:00:00,1.62835,1.62967,1.6266500000000002,1.62675,9741,25,0
2024-08-30 12:00:00,1.62666,1.63161,1.62666,1.63117,10700,26,0
2024-08-30 16:00:00,1.63121,1.6358899999999998,1.6303800000000002,1.63482,15836,24,0
2024-08-30 20:00:00,1.63487,1.6356199999999999,1.63227,1.63274,8502,26,0
2024-09-02 00:00:00,1.63172,1.633,1.62969,1.63141,4392,11,0
2024-09-02 04:00:00,1.6314199999999999,1.63484,1.63082,1.634,7664,24,0
2024-09-02 08:00:00,1.63395,1.63427,1.63097,1.63159,10071,26,0
2024-09-02 12:00:00,1.63159,1.63327,1.63123,1.63226,8188,27,0
2024-09-02 16:00:00,1.63228,1.6331799999999999,1.6289,1.62939,6948,26,0
2024-09-02 20:00:00,1.62939,1.63041,1.62901,1.6303299999999998,1369,6,0
2024-09-03 00:00:00,1.63008,1.63106,1.6254,1.6302699999999999,4206,23,0
2024-09-03 04:00:00,1.63026,1.6419000000000001,1.62973,1.63941,9688,26,0
2024-09-03 08:00:00,1.6394,1.64248,1.63701,1.63747,11741,7,0
2024-09-03 12:00:00,1.6375,1.64013,1.63656,1.6393499999999999,11828,25,0
2024-09-03 16:00:00,1.63936,1.64486,1.63918,1.64331,15088,24,0
2024-09-03 20:00:00,1.6433,1.64577,1.64237,1.64523,8676,26,0
2024-09-04 00:00:00,1.64492,1.65221,1.6424699999999999,1.6517300000000001,7147,24,0
2024-09-04 04:00:00,1.6518000000000002,1.6518000000000002,1.6482,1.64906,9452,24,0
2024-09-04 08:00:00,1.64905,1.65041,1.646,1.6485400000000001,12013,24,0
2024-09-04 12:00:00,1.64853,1.64867,1.6429399999999998,1.64363,10231,27,0
2024-09-04 16:00:00,1.64363,1.6489,1.64116,1.64815,15344,26,0
2024-09-04 20:00:00,1.64813,1.64931,1.64749,1.6477300000000001,9609,25,0
2024-09-05 00:00:00,1.64771,1.65045,1.64306,1.64794,5318,26,0
2024-09-05 04:00:00,1.64792,1.64846,1.6459700000000002,1.64733,8049,25,0
2024-09-05 08:00:00,1.64731,1.651,1.64696,1.64873,10828,24,0
2024-09-05 12:00:00,1.64873,1.65185,1.64759,1.64763,12778,24,0
2024-09-05 16:00:00,1.6476199999999999,1.64968,1.6458,1.64886,16679,24,0
2024-09-05 20:00:00,1.64885,1.65021,1.64777,1.64805,8861,29,0
2024-09-06 00:00:00,1.64804,1.64898,1.6461700000000001,1.64853,3881,17,0
2024-09-06 04:00:00,1.64853,1.65211,1.64838,1.65095,6844,25,0
2024-09-06 08:00:00,1.65095,1.65407,1.6499000000000001,1.65052,11089,26,0
2024-09-06 12:00:00,1.6505100000000001,1.6507100000000001,1.64506,1.64752,12275,24,0
2024-09-06 16:00:00,1.64763,1.66249,1.64594,1.66126,20852,24,0
2024-09-06 20:00:00,1.66128,1.66276,1.65976,1.6617199999999999,11304,30,0
2024-09-09 00:00:00,1.6608399999999999,1.66295,1.6606,1.66195,5710,17,0
2024-09-09 04:00:00,1.66195,1.66195,1.65662,1.65893,8464,24,0
2024-09-09 08:00:00,1.6589399999999999,1.66087,1.65802,1.65991,10598,25,0
2024-09-09 12:00:00,1.65991,1.6606100000000001,1.6578300000000001,1.65957,10064,25,0
2024-09-09 16:00:00,1.65956,1.66059,1.65533,1.65638,13377,24,0
2024-09-09 20:00:00,1.65637,1.6585,1.6559,1.65638,9351,28,0
2024-09-10 00:00:00,1.65645,1.65978,1.65509,1.6585999999999999,4230,9,0
2024-09-10 04:00:00,1.65861,1.65957,1.6559300000000001,1.65636,7809,27,0
2024-09-10 08:00:00,1.65637,1.6581000000000001,1.6542,1.65777,9750,28,0
2024-09-10 12:00:00,1.65775,1.6583,1.6537,1.65482,10045,25,0
2024-09-10 16:00:00,1.65484,1.65896,1.6547800000000001,1.6575,14813,26,0
2024-09-10 20:00:00,1.65754,1.65774,1.6548,1.65617,8777,28,0
2024-09-11 00:00:00,1.65621,1.6579199999999998,1.65258,1.65748,4181,10,0
2024-09-11 04:00:00,1.6574900000000001,1.6608,1.6566,1.66013,11397,25,0
2024-09-11 08:00:00,1.6601599999999999,1.66071,1.65614,1.65816,11996,27,0
2024-09-11 12:00:00,1.6581299999999999,1.65956,1.65518,1.6554,12797,24,0
2024-09-11 16:00:00,1.65537,1.66168,1.65393,1.65457,18813,24,0
2024-09-11 20:00:00,1.65456,1.65464,1.64955,1.6496300000000002,11357,24,0
2024-09-12 00:00:00,1.64897,1.65019,1.6472,1.6491799999999999,3869,11,0
2024-09-12 04:00:00,1.6491799999999999,1.64998,1.64562,1.64639,7699,25,0
2024-09-12 08:00:00,1.64638,1.6533,1.64567,1.6509,11308,26,0
2024-09-12 12:00:00,1.6509,1.65129,1.64797,1.6507100000000001,12523,30,0
2024-09-12 16:00:00,1.65072,1.65387,1.6469200000000002,1.6471200000000001,15762,30,0
2024-09-12 20:00:00,1.64715,1.64763,1.64514,1.64709,10937,31,0
2024-09-13 00:00:00,1.64689,1.64815,1.64621,1.64715,4539,11,0
2024-09-13 04:00:00,1.6471,1.64946,1.64672,1.64811,9027,31,0
2024-09-13 08:00:00,1.6481,1.65232,1.6477300000000001,1.65176,10797,30,0
2024-09-13 12:00:00,1.65176,1.6563400000000001,1.6497600000000001,1.65361,12216,31,0
2024-09-13 16:00:00,1.65361,1.65429,1.6497899999999999,1.65201,15656,30,0
2024-09-13 20:00:00,1.65201,1.65309,1.6510799999999999,1.65167,10036,31,0
2024-09-16 00:00:00,1.6535,1.6535,1.64946,1.65201,4334,26,0
2024-09-16 04:00:00,1.6520299999999999,1.65343,1.64935,1.6493600000000002,7603,32,0
2024-09-16 08:00:00,1.6493799999999998,1.6531500000000001,1.6488399999999999,1.65054,10021,26,0
2024-09-16 12:00:00,1.65056,1.65141,1.64835,1.65034,10984,30,0
2024-09-16 16:00:00,1.65035,1.65222,1.64954,1.6501700000000001,14897,31,0
2024-09-16 20:00:00,1.6501700000000001,1.6505,1.64785,1.6487699999999998,8208,30,0
2024-09-17 00:00:00,1.6489099999999999,1.6496,1.64743,1.64935,4256,20,0
2024-09-17 04:00:00,1.6492499999999999,1.64988,1.64744,1.6497000000000002,7931,30,0
2024-09-17 08:00:00,1.6497000000000002,1.64973,1.64466,1.64741,10159,31,0
2024-09-17 12:00:00,1.64733,1.6484299999999998,1.64548,1.64795,11726,31,0
2024-09-17 16:00:00,1.64795,1.64802,1.64398,1.64661,16260,25,0
2024-09-17 20:00:00,1.64661,1.6474,1.64458,1.64481,10888,12,0
2024-09-18 00:00:00,1.64483,1.6453600000000002,1.64352,1.64392,3664,10,0
2024-09-18 04:00:00,1.64392,1.6475,1.6427399999999999,1.6470099999999999,8158,32,0
2024-09-18 08:00:00,1.64702,1.64707,1.6413,1.64171,10447,30,0
2024-09-18 12:00:00,1.6415600000000001,1.64239,1.6383999999999999,1.64103,9991,25,0
2024-09-18 16:00:00,1.64106,1.64521,1.64059,1.6439300000000001,14661,31,0
2024-09-18 20:00:00,1.64392,1.64592,1.6391900000000001,1.64344,19188,24,0
2024-09-19 00:00:00,1.64345,1.6448800000000001,1.64022,1.64283,7336,9,0
2024-09-19 04:00:00,1.64284,1.64397,1.63572,1.6372,14077,30,0
2024-09-19 08:00:00,1.6372,1.6380599999999998,1.63158,1.63497,14891,27,0
2024-09-19 12:00:00,1.6349399999999998,1.63624,1.63333,1.63437,15176,24,0
2024-09-19 16:00:00,1.6343999999999999,1.63812,1.63326,1.63586,17818,25,0
2024-09-19 20:00:00,1.63588,1.63863,1.63506,1.63784,9964,28,0
2024-09-20 00:00:00,1.63771,1.63983,1.63498,1.63971,4122,11,0
2024-09-20 04:00:00,1.63971,1.64083,1.6356000000000002,1.63782,9958,25,0
2024-09-20 08:00:00,1.63782,1.63984,1.63652,1.63927,13169,24,0
2024-09-20 12:00:00,1.63927,1.64005,1.63723,1.63798,11502,26,0
2024-09-20 16:00:00,1.63801,1.64288,1.63798,1.63888,17705,26,0
2024-09-20 20:00:00,1.6389200000000002,1.64011,1.63834,1.63974,10967,24,0
2024-09-23 00:00:00,1.63956,1.6407,1.63724,1.63735,4270,10,0
2024-09-23 04:00:00,1.63731,1.63802,1.633,1.6335,8409,27,0
2024-09-23 08:00:00,1.6335,1.63628,1.62827,1.6283400000000001,13433,25,0
2024-09-23 12:00:00,1.62824,1.6295,1.6260599999999998,1.6264699999999999,12914,24,0
2024-09-23 16:00:00,1.62645,1.62817,1.62453,1.62657,16848,25,0
2024-09-23 20:00:00,1.6265800000000001,1.62702,1.62327,1.6246800000000001,8376,28,0
2024-09-24 00:00:00,1.6244,1.62703,1.6225800000000001,1.6257899999999998,4537,11,0
2024-09-24 04:00:00,1.6257700000000002,1.62583,1.61918,1.6199400000000002,11655,24,0
2024-09-24 08:00:00,1.61993,1.6312,1.61848,1.62953,14803,24,0
2024-09-24 12:00:00,1.62955,1.63022,1.62337,1.62432,12414,30,0
2024-09-24 16:00:00,1.6242100000000002,1.6244399999999999,1.62042,1.62144,16044,32,0
2024-09-24 20:00:00,1.6214499999999998,1.6225,1.62106,1.62178,7899,9,0
2024-09-25 00:00:00,1.62192,1.62327,1.61972,1.62257,5170,32,0
2024-09-25 04:00:00,1.62256,1.62676,1.62168,1.62519,11547,31,0
2024-09-25 08:00:00,1.62519,1.62771,1.6232799999999998,1.6243400000000001,12330,32,0
2024-09-25 12:00:00,1.62431,1.6305,1.6242999999999999,1.62958,12350,32,0
2024-09-25 16:00:00,1.62958,1.6309200000000001,1.6263999999999998,1.6308099999999999,16778,27,0
2024-09-25 20:00:00,1.63082,1.63171,1.62976,1.63143,10130,32,0
2024-09-26 00:00:00,1.6314,1.63202,1.6292200000000001,1.62975,3800,6,0
2024-09-26 04:00:00,1.62973,1.63021,1.62695,1.62771,9085,32,0
2024-09-26 08:00:00,1.62772,1.6281400000000001,1.62114,1.62359,13546,32,0
2024-09-26 12:00:00,1.62361,1.6242299999999998,1.61884,1.61931,13872,26,0
2024-09-26 16:00:00,1.61928,1.6232199999999999,1.6183,1.62176,18627,32,0
2024-09-26 20:00:00,1.62178,1.6220400000000001,1.61978,1.6205500000000002,10497,32,0
2024-09-27 00:00:00,1.62087,1.62268,1.6194600000000001,1.62157,5141,30,0
2024-09-27 04:00:00,1.62158,1.62456,1.62083,1.62306,10953,32,0
2024-09-27 08:00:00,1.62305,1.625,1.6160700000000001,1.61822,15748,26,0
2024-09-27 12:00:00,1.61823,1.6219999999999999,1.61385,1.61717,13843,25,0
2024-09-27 16:00:00,1.61707,1.61745,1.61159,1.61374,17006,26,0
2024-09-27 20:00:00,1.61374,1.6176599999999999,1.61357,1.61726,9924,29,0
2024-09-30 00:00:00,1.61476,1.6172900000000001,1.61331,1.61358,5392,32,0
2024-09-30 04:00:00,1.61356,1.6141999999999999,1.6091600000000001,1.61005,11235,26,0
2024-09-30 08:00:00,1.6100400000000001,1.61807,1.60859,1.6175199999999998,12982,25,0
2024-09-30 12:00:00,1.61765,1.6184699999999999,1.61484,1.615,11358,32,0
2024-09-30 16:00:00,1.6149499999999999,1.61527,1.60623,1.60648,16800,27,0
2024-09-30 20:00:00,1.6064699999999998,1.61157,1.60644,1.61039,13238,30,0
2024-10-01 00:00:00,1.6105399999999999,1.61129,1.6080999999999999,1.61026,4983,11,0
2024-10-01 04:00:00,1.61025,1.61068,1.60653,1.60758,10653,30,0
2024-10-01 08:00:00,1.60754,1.6107900000000002,1.60622,1.6069900000000001,13405,32,0
2024-10-01 12:00:00,1.60704,1.60768,1.60179,1.6023,13700,25,0
2024-10-01 16:00:00,1.6023100000000001,1.61077,1.60229,1.60823,20086,27,0
2024-10-01 20:00:00,1.60823,1.61121,1.6048,1.60771,12392,12,0
2024-10-02 00:00:00,1.60774,1.6090200000000001,1.6026500000000001,1.60762,4492,10,0
2024-10-02 04:00:00,1.60762,1.60762,1.60031,1.60548,11872,27,0
2024-10-02 08:00:00,1.60547,1.60857,1.6040100000000002,1.60561,14501,25,0
2024-10-02 12:00:00,1.60568,1.60628,1.60198,1.60312,13296,25,0
2024-10-02 16:00:00,1.60312,1.6063100000000001,1.60219,1.6045,16769,25,0
2024-10-02 20:00:00,1.6045099999999999,1.60553,1.60339,1.60392,8694,8,0
2024-10-03 00:00:00,1.60423,1.60579,1.60348,1.6043699999999999,4686,12,0
2024-10-03 04:00:00,1.60432,1.60825,1.6036899999999998,1.60825,11013,32,0
2024-10-03 08:00:00,1.60826,1.61211,1.6050499999999999,1.61107,14089,26,0
2024-10-03 12:00:00,1.6110600000000002,1.61376,1.61105,1.61321,14439,32,0
2024-10-03 16:00:00,1.61319,1.6134,1.6085500000000001,1.6101999999999999,18024,31,0
2024-10-03 20:00:00,1.61018,1.61279,1.61015,1.6127,9423,30,0
2024-10-04 00:00:00,1.61166,1.61301,1.6098400000000002,1.6108099999999999,3686,11,0
2024-10-04 04:00:00,1.61083,1.61205,1.60983,1.61198,9039,32,0
2024-10-04 08:00:00,1.61198,1.6130900000000001,1.6104,1.61151,11007,28,0
2024-10-04 12:00:00,1.61152,1.6150099999999998,1.60981,1.6132,10211,26,0
2024-10-04 16:00:00,1.61308,1.61491,1.61178,1.6126,18268,26,0
2024-10-04 20:00:00,1.61259,1.6153,1.61215,1.6151200000000001,8970,17,0
2024-10-07 00:00:00,1.6138400000000002,1.6154,1.6113499999999998,1.6130499999999999,6245,20,0
2024-10-07 04:00:00,1.6130499999999999,1.61394,1.6109200000000001,1.61155,13841,32,0
2024-10-07 08:00:00,1.6115599999999999,1.61681,1.6113499999999998,1.61642,14195,26,0
2024-10-07 12:00:00,1.61642,1.6178,1.6139000000000001,1.61734,15031,27,0
2024-10-07 16:00:00,1.6173600000000001,1.62483,1.61652,1.62435,16437,32,0
2024-10-07 20:00:00,1.62435,1.6263100000000001,1.62343,1.62417,10536,31,0
2024-10-08 00:00:00,1.62524,1.62596,1.62025,1.62236,4738,12,0
2024-10-08 04:00:00,1.62235,1.6339000000000001,1.62235,1.63046,15700,26,0
2024-10-08 08:00:00,1.63046,1.63407,1.62919,1.63331,16278,25,0
2024-10-08 12:00:00,1.6332900000000001,1.6351900000000001,1.62854,1.6300599999999998,13725,26,0
2024-10-08 16:00:00,1.63,1.63226,1.6274600000000001,1.6286399999999999,16375,26,0
2024-10-08 20:00:00,1.62865,1.62968,1.62609,1.6280299999999999,9063,9,0
2024-10-09 00:00:00,1.62808,1.62914,1.62291,1.62766,5507,11,0
2024-10-09 04:00:00,1.62759,1.6306699999999998,1.6261700000000001,1.62889,16498,30,0
2024-10-09 08:00:00,1.62889,1.6294300000000002,1.6228,1.62809,16735,31,0
2024-10-09 12:00:00,1.6280700000000001,1.63042,1.62694,1.62995,14050,32,0
2024-10-09 16:00:00,1.62996,1.63182,1.62775,1.62887,14899,32,0
2024-10-09 20:00:00,1.62887,1.62958,1.62697,1.62697,8335,32,0
2024-10-10 00:00:00,1.62698,1.62957,1.62698,1.6287500000000001,3931,10,0
2024-10-10 04:00:00,1.62879,1.629,1.6229900000000002,1.62341,13050,32,0
2024-10-10 08:00:00,1.6234600000000001,1.62641,1.6225,1.626,14014,25,0
2024-10-10 12:00:00,1.6259700000000001,1.62801,1.62436,1.62533,13476,32,0
2024-10-10 16:00:00,1.6253199999999999,1.62899,1.62171,1.62314,16713,30,0
2024-10-10 20:00:00,1.62316,1.6240700000000001,1.62135,1.62329,9906,7,0
2024-10-11 00:00:00,1.62221,1.62263,1.6176,1.62235,4032,10,0
2024-10-11 04:00:00,1.62234,1.62234,1.6201699999999999,1.62168,9834,24,0
2024-10-11 08:00:00,1.62169,1.62549,1.62137,1.6248,10978,32,0
2024-10-11 12:00:00,1.62479,1.62526,1.6212499999999999,1.6236899999999999,12487,30,0
2024-10-11 16:00:00,1.6236899999999999,1.6247,1.61929,1.61947,14340,32,0
2024-10-11 20:00:00,1.61947,1.62002,1.61857,1.6198299999999999,5847,5,0
2024-10-14 00:00:00,1.62096,1.6244,1.6195,1.62171,5276,32,0
2024-10-14 04:00:00,1.6217000000000001,1.62401,1.61997,1.6212499999999999,9650,32,0
2024-10-14 08:00:00,1.62126,1.62456,1.62029,1.62401,10965,32,0
2024-10-14 12:00:00,1.62401,1.62697,1.62334,1.62687,11158,25,0
2024-10-14 16:00:00,1.6268799999999999,1.6276199999999998,1.6202800000000002,1.6210499999999999,14355,32,0
2024-10-14 20:00:00,1.62106,1.62222,1.6210499999999999,1.62161,7162,9,0
2024-10-15 00:00:00,1.6218,1.6227399999999998,1.62,1.62112,4085,16,0
2024-10-15 04:00:00,1.6211600000000002,1.62294,1.61964,1.62243,10600,32,0
2024-10-15 08:00:00,1.62245,1.62596,1.62128,1.62461,12756,1,0
2024-10-15 12:00:00,1.6243699999999999,1.62634,1.6228799999999999,1.62417,12749,32,0
2024-10-15 16:00:00,1.62417,1.62643,1.62175,1.6236199999999998,15021,32,0
2024-10-15 20:00:00,1.62364,1.62522,1.6236000000000002,1.62479,9868,32,0
2024-10-16 00:00:00,1.62501,1.63183,1.62176,1.6294499999999998,5755,10,0
2024-10-16 04:00:00,1.6294499999999998,1.63043,1.62574,1.62736,12941,2,0
2024-10-16 08:00:00,1.62737,1.62791,1.6249099999999999,1.62677,13387,32,0
2024-10-16 12:00:00,1.62679,1.6314,1.6266500000000002,1.63132,12343,32,0
2024-10-16 16:00:00,1.63136,1.63266,1.6299700000000001,1.63,12780,32,0
2024-10-16 20:00:00,1.62998,1.6300599999999998,1.62851,1.62914,8280,29,0
2024-10-17 00:00:00,1.62935,1.63026,1.62209,1.62283,4593,9,0
2024-10-17 04:00:00,1.62282,1.6239,1.61891,1.6223,12476,32,0
2024-10-17 08:00:00,1.6223100000000001,1.62641,1.62119,1.6246,12340,32,0
2024-10-17 12:00:00,1.62459,1.6247,1.6199400000000002,1.62045,11949,29,0
2024-10-17 16:00:00,1.62046,1.62087,1.61479,1.61559,16548,25,0
2024-10-17 20:00:00,1.61561,1.61775,1.61532,1.61727,9017,8,0
2024-10-18 00:00:00,1.6171600000000002,1.61753,1.6154199999999999,1.61654,4337,6,0
2024-10-18 04:00:00,1.61656,1.61744,1.6132900000000001,1.6172,11869,32,0
2024-10-18 08:00:00,1.61722,1.61798,1.61342,1.61455,13113,32,0
2024-10-18 12:00:00,1.61455,1.6176599999999999,1.6139700000000001,1.61751,12074,32,0
2024-10-18 16:00:00,1.61751,1.62024,1.6160999999999999,1.61954,13504,32,0
2024-10-18 20:00:00,1.61957,1.62103,1.61916,1.62009,6987,32,0
2024-10-21 00:00:00,1.6192,1.6212,1.6180400000000001,1.61948,4582,11,0
2024-10-21 04:00:00,1.61945,1.6198299999999999,1.61615,1.6195,11597,32,0
2024-10-21 08:00:00,1.61951,1.6239599999999998,1.6195,1.62216,11672,2,0
2024-10-21 12:00:00,1.6221700000000001,1.62348,1.62062,1.6222400000000001,10084,32,0
2024-10-21 16:00:00,1.6222400000000001,1.6260599999999998,1.6206,1.62424,12832,25,0
2024-10-21 20:00:00,1.62424,1.62492,1.62332,1.62401,8319,32,0
2024-10-22 00:00:00,1.62327,1.62584,1.6199599999999998,1.62507,4369,6,0
2024-10-22 04:00:00,1.62507,1.6255,1.61741,1.6181100000000002,11866,32,0
2024-10-22 08:00:00,1.61812,1.62183,1.61721,1.62093,11727,27,0
2024-10-22 12:00:00,1.62093,1.6212499999999999,1.61667,1.61706,11357,32,0
2024-10-22 16:00:00,1.61708,1.61877,1.61478,1.6170200000000001,13590,25,0
2024-10-22 20:00:00,1.617,1.617,1.61466,1.6162100000000001,8368,25,0
2024-10-23 00:00:00,1.61622,1.61882,1.61383,1.61815,3831,11,0
2024-10-23 04:00:00,1.61815,1.61989,1.61457,1.61774,12368,32,0
2024-10-23 08:00:00,1.61773,1.62015,1.61688,1.62004,12923,25,0
2024-10-23 12:00:00,1.62002,1.62402,1.6191,1.62372,11419,26,0
2024-10-23 16:00:00,1.62371,1.6263100000000001,1.62236,1.6254300000000002,14681,32,0
2024-10-23 20:00:00,1.62544,1.62826,1.62492,1.6250200000000001,10509,28,0
2024-10-24 00:00:00,1.6237599999999999,1.6259299999999999,1.62364,1.62443,4557,13,0
2024-10-24 04:00:00,1.62439,1.62493,1.62194,1.62357,10466,32,0
2024-10-24 08:00:00,1.62358,1.62432,1.61839,1.62313,12499,32,0
2024-10-24 12:00:00,1.6231200000000001,1.6239599999999998,1.62146,1.62321,12673,32,0
2024-10-24 16:00:00,1.62323,1.63152,1.62307,1.62994,15493,32,0
2024-10-24 20:00:00,1.62995,1.63102,1.6289,1.63042,9478,27,0
2024-10-25 00:00:00,1.6297000000000001,1.6322999999999999,1.6283699999999999,1.63107,4167,8,0
2024-10-25 04:00:00,1.63107,1.635,1.63039,1.63452,10373,32,0
2024-10-25 08:00:00,1.6345399999999999,1.63496,1.6316000000000002,1.63299,11839,32,0
2024-10-25 12:00:00,1.63297,1.63314,1.63049,1.63086,10339,32,0
2024-10-25 16:00:00,1.63086,1.63423,1.62917,1.63384,13588,25,0
2024-10-25 20:00:00,1.63384,1.63608,1.63384,1.63435,8933,7,0
2024-10-28 00:00:00,1.6317599999999999,1.63619,1.63124,1.63525,8573,32,0
2024-10-28 04:00:00,1.63524,1.63898,1.63463,1.637,10321,28,0
2024-10-28 08:00:00,1.637,1.63855,1.63533,1.63785,11018,26,0
2024-10-28 12:00:00,1.63788,1.63887,1.63631,1.6379000000000001,10433,32,0
2024-10-28 16:00:00,1.63791,1.64314,1.6378599999999999,1.64256,12141,32,0
2024-10-28 20:00:00,1.64255,1.64313,1.6391900000000001,1.64208,6536,4,0
2024-10-29 00:00:00,1.64236,1.6455600000000001,1.64209,1.6438199999999998,6738,5,0
2024-10-29 04:00:00,1.64378,1.64738,1.64268,1.6467800000000001,10932,32,0
2024-10-29 08:00:00,1.6467800000000001,1.64846,1.6437,1.64537,11913,25,0
2024-10-29 12:00:00,1.64534,1.64635,1.6417199999999998,1.64422,12071,32,0
2024-10-29 16:00:00,1.64398,1.64871,1.64327,1.64829,14828,32,0
2024-10-29 20:00:00,1.64828,1.65,1.64697,1.64852,6674,32,0
2024-10-30 00:00:00,1.6486,1.65089,1.64716,1.64818,6432,11,0
2024-10-30 04:00:00,1.6482,1.65405,1.64775,1.65307,11340,25,0
2024-10-30 08:00:00,1.65306,1.65346,1.64588,1.64777,11743,32,0
2024-10-30 12:00:00,1.64774,1.64825,1.6439300000000001,1.64546,12816,32,0
2024-10-30 16:00:00,1.6454499999999999,1.6520899999999998,1.64516,1.65157,14329,27,0
2024-10-30 20:00:00,1.6516,1.65212,1.6487699999999998,1.65104,7641,5,0
2024-10-31 00:00:00,1.65104,1.65333,1.65059,1.65136,6147,12,0
2024-10-31 04:00:00,1.65136,1.65177,1.6496,1.65027,9336,32,0
2024-10-31 08:00:00,1.65027,1.65418,1.6498,1.65385,11529,1,0
2024-10-31 12:00:00,1.6537899999999999,1.65954,1.65292,1.65808,13298,32,0
2024-10-31 16:00:00,1.65808,1.65983,1.6530200000000002,1.6537199999999999,16598,25,0
2024-10-31 20:00:00,1.65374,1.65439,1.65224,1.65357,9601,32,0
2024-11-01 00:00:00,1.65362,1.6564999999999999,1.65292,1.65421,6837,10,0
2024-11-01 04:00:00,1.65421,1.65648,1.65222,1.65572,9749,25,0
2024-11-01 08:00:00,1.65571,1.6583,1.65343,1.65359,10401,32,0
2024-11-01 12:00:00,1.65359,1.65594,1.65028,1.65084,13068,32,0
2024-11-01 16:00:00,1.65041,1.65199,1.6474600000000001,1.6511900000000002,14311,26,0
2024-11-01 20:00:00,1.65118,1.65321,1.65099,1.65127,6766,25,0
2024-11-04 00:00:00,1.64429,1.6514,1.64306,1.6489500000000001,8706,32,0
2024-11-04 04:00:00,1.6489500000000001,1.65028,1.64682,1.64836,11504,32,0
2024-11-04 08:00:00,1.64836,1.65419,1.64832,1.65231,11680,32,0
2024-11-04 12:00:00,1.65232,1.65391,1.6510799999999999,1.65324,10337,32,0
2024-11-04 16:00:00,1.6532200000000001,1.65358,1.64933,1.6515499999999999,14634,32,0
2024-11-04 20:00:00,1.65151,1.65274,1.6508500000000002,1.6518899999999999,9814,32,0
2024-11-05 00:00:00,1.6526,1.6527500000000002,1.64978,1.65016,5858,32,0
2024-11-05 04:00:00,1.65022,1.6516600000000001,1.6480000000000001,1.6487699999999998,9982,32,0
2024-11-05 08:00:00,1.64876,1.64899,1.6451099999999999,1.6459000000000001,9469,26,0
2024-11-05 12:00:00,1.64592,1.64629,1.64316,1.64368,8318,25,0
2024-11-05 16:00:00,1.6436600000000001,1.64768,1.64279,1.64743,13218,25,0
2024-11-05 20:00:00,1.6474199999999999,1.64781,1.64564,1.64601,8270,26,0
2024-11-06 00:00:00,1.64675,1.64779,1.6427100000000001,1.64341,12714,33,0
2024-11-06 04:00:00,1.64361,1.64954,1.64099,1.6430099999999999,20357,25,0
2024-11-06 08:00:00,1.643,1.64314,1.6328,1.6328,18982,29,0
2024-11-06 12:00:00,1.63276,1.63457,1.6271,1.63323,16096,25,0
2024-11-06 16:00:00,1.63312,1.63568,1.6300400000000002,1.63281,16656,25,0
2024-11-06 20:00:00,1.63281,1.63529,1.6295600000000001,1.63277,9119,14,0
2024-11-07 00:00:00,1.6326100000000001,1.63437,1.62792,1.62825,7909,32,0
2024-11-07 04:00:00,1.6282299999999998,1.62825,1.62126,1.62234,11586,30,0
2024-11-07 08:00:00,1.62234,1.6240700000000001,1.62076,1.6208399999999998,13802,32,0
2024-11-07 12:00:00,1.6208399999999998,1.62391,1.61907,1.61957,13400,32,0
2024-11-07 16:00:00,1.61958,1.62117,1.61622,1.61802,15636,26,0
2024-11-07 20:00:00,1.61805,1.6196199999999998,1.61613,1.6184500000000002,12871,19,0
2024-11-08 00:00:00,1.6180400000000001,1.6195,1.61638,1.61928,7529,32,0
2024-11-08 04:00:00,1.61929,1.62199,1.61857,1.6200700000000001,11889,32,0
2024-11-08 08:00:00,1.62006,1.62492,1.6188500000000001,1.6224699999999999,14674,25,0
2024-11-08 12:00:00,1.62246,1.6275300000000001,1.6219000000000001,1.6271499999999999,14344,25,0
2024-11-08 16:00:00,1.62717,1.63039,1.62553,1.62827,16600,32,0
2024-11-08 20:00:00,1.62827,1.62953,1.6265800000000001,1.62668,8080,32,0
2024-11-11 00:00:00,1.6239400000000002,1.62775,1.6229,1.62649,8417,32,0
2024-11-11 04:00:00,1.6265100000000001,1.6279599999999999,1.6239599999999998,1.6260599999999998,9756,32,0
2024-11-11 08:00:00,1.62605,1.62707,1.62199,1.62243,12884,32,0
2024-11-11 12:00:00,1.62243,1.62259,1.61821,1.61998,12042,32,0
2024-11-11 16:00:00,1.62,1.62148,1.61828,1.62115,13021,32,0
2024-11-11 20:00:00,1.6211600000000002,1.62235,1.6204,1.6205699999999998,7218,15,0
2024-11-12 00:00:00,1.62053,1.62334,1.61707,1.62133,7499,32,0
2024-11-12 04:00:00,1.6213199999999999,1.6245699999999998,1.6213199999999999,1.62408,12339,26,0
2024-11-12 08:00:00,1.62412,1.62436,1.62158,1.62377,14295,26,0
2024-11-12 12:00:00,1.6235,1.6242999999999999,1.62019,1.6214499999999998,13771,32,0
2024-11-12 16:00:00,1.62144,1.62764,1.62088,1.62748,16798,32,0
2024-11-12 20:00:00,1.6274600000000001,1.6276199999999998,1.62354,1.6257899999999998,8976,11,0
2024-11-13 00:00:00,1.62581,1.62835,1.62384,1.6256599999999999,7972,2,0
2024-11-13 04:00:00,1.62565,1.62622,1.62375,1.6244100000000001,10497,32,0
2024-11-13 08:00:00,1.6244100000000001,1.62724,1.62417,1.62666,12457,32,0
2024-11-13 12:00:00,1.62669,1.6303,1.6258,1.62839,13774,32,0
2024-11-13 16:00:00,1.62839,1.63098,1.62744,1.62886,17118,32,0
2024-11-13 20:00:00,1.6287500000000001,1.62955,1.62677,1.62851,8417,6,0
2024-11-14 00:00:00,1.6285500000000002,1.62923,1.62485,1.62778,7101,26,0
2024-11-14 04:00:00,1.6278000000000001,1.63158,1.62778,1.6314600000000001,11619,32,0
2024-11-14 08:00:00,1.6314600000000001,1.63159,1.6265800000000001,1.62717,14165,25,0
2024-11-14 12:00:00,1.6271900000000001,1.62973,1.62616,1.62874,15176,32,0
2024-11-14 16:00:00,1.6288200000000002,1.6328,1.62831,1.6299299999999999,17398,32,0
2024-11-14 20:00:00,1.62989,1.63262,1.62921,1.6314899999999999,12224,32,0
2024-11-15 00:00:00,1.6319599999999999,1.63355,1.6280299999999999,1.63163,8020,32,0
2024-11-15 04:00:00,1.63163,1.6318899999999998,1.62958,1.63072,11460,32,0
2024-11-15 08:00:00,1.63069,1.63517,1.63041,1.6332900000000001,14702,28,0
2024-11-15 12:00:00,1.63327,1.6348500000000001,1.6324999999999998,1.63353,14399,32,0
2024-11-15 16:00:00,1.63355,1.63522,1.63043,1.6320299999999999,18058,32,0
2024-11-15 20:00:00,1.6320700000000001,1.63289,1.629,1.6301299999999999,9675,25,0
2024-11-18 00:00:00,1.62856,1.63095,1.6274899999999999,1.6288,8668,32,0
2024-11-18 04:00:00,1.62879,1.63025,1.62747,1.62954,11226,32,0
2024-11-18 08:00:00,1.62955,1.63593,1.6295199999999999,1.63563,13911,8,0
2024-11-18 12:00:00,1.63563,1.63602,1.63226,1.63453,13027,30,0
2024-11-18 16:00:00,1.63452,1.63461,1.62737,1.6280999999999999,15303,32,0
2024-11-18 20:00:00,1.62808,1.62912,1.62751,1.62828,7841,15,0
2024-11-19 00:00:00,1.62818,1.6299000000000001,1.62706,1.62747,7168,32,0
2024-11-19 04:00:00,1.62748,1.62767,1.6247,1.6263999999999998,10556,32,0
2024-11-19 08:00:00,1.62644,1.6265100000000001,1.62149,1.62508,15010,30,0
2024-11-19 12:00:00,1.62528,1.62729,1.62458,1.62637,14522,32,0
2024-11-19 16:00:00,1.62643,1.62784,1.6215199999999999,1.6223999999999998,16563,29,0
2024-11-19 20:00:00,1.62239,1.62284,1.6209799999999999,1.62199,7947,28,0
2024-11-20 00:00:00,1.6214,1.62302,1.61955,1.6217000000000001,6674,32,0
2024-11-20 04:00:00,1.62175,1.62352,1.6212499999999999,1.62294,10164,32,0
2024-11-20 08:00:00,1.62289,1.62309,1.6201699999999999,1.62087,12977,27,0
2024-11-20 12:00:00,1.62088,1.62356,1.61999,1.6232600000000001,12776,25,0
2024-11-20 16:00:00,1.6232600000000001,1.62356,1.6196000000000002,1.62056,16332,25,0
2024-11-20 20:00:00,1.62059,1.62252,1.61971,1.61989,9173,32,0
2024-11-21 00:00:00,1.61991,1.6206,1.61808,1.6185,6091,32,0
2024-11-21 04:00:00,1.61844,1.61989,1.61764,1.6195599999999999,8438,32,0
2024-11-21 08:00:00,1.61957,1.61964,1.61487,1.61551,13534,6,0
2024-11-21 12:00:00,1.6155300000000001,1.61601,1.6120700000000001,1.61385,12880,27,0
2024-11-21 16:00:00,1.61376,1.6147,1.60873,1.60913,17453,32,0
2024-11-21 20:00:00,1.60913,1.6093,1.60777,1.6079599999999998,9358,32,0
2024-11-22 00:00:00,1.6078700000000001,1.60917,1.60314,1.60687,6706,32,0
2024-11-22 04:00:00,1.6069,1.6131799999999998,1.60601,1.61234,11731,32,0
2024-11-22 08:00:00,1.61234,1.61284,1.59623,1.60304,15782,25,0
2024-11-22 12:00:00,1.60303,1.60515,1.60059,1.6035300000000001,14495,32,0
2024-11-22 16:00:00,1.60352,1.60382,1.59996,1.6023800000000001,16316,26,0
2024-11-22 20:00:00,1.60239,1.6033300000000001,1.60063,1.6009799999999998,8936,17,0
2024-11-25 00:00:00,1.60208,1.6046200000000002,1.60034,1.60294,8316,32,0
2024-11-25 04:00:00,1.60291,1.60782,1.6026099999999999,1.6070799999999998,10717,32,0
2024-11-25 08:00:00,1.60702,1.61075,1.6059,1.60988,14159,12,0
2024-11-25 12:00:00,1.6098599999999998,1.61349,1.60955,1.61338,13915,25,0
2024-11-25 16:00:00,1.6134,1.61552,1.6125099999999999,1.61521,15402,25,0
2024-11-25 20:00:00,1.61521,1.6162999999999998,1.61263,1.6126800000000001,8505,28,0
2024-11-26 00:00:00,1.6127,1.62093,1.61097,1.6162,11322,32,0
2024-11-26 04:00:00,1.61619,1.6166399999999999,1.6125500000000001,1.6141299999999998,11804,27,0
2024-11-26 08:00:00,1.6141,1.62036,1.6133899999999999,1.61995,14606,25,0
2024-11-26 12:00:00,1.62001,1.62101,1.61787,1.61995,14633,27,0
2024-11-26 16:00:00,1.6199599999999998,1.62438,1.61913,1.6218599999999999,16850,26,0
2024-11-26 20:00:00,1.62187,1.6225100000000001,1.61896,1.6192,9067,5,0
2024-11-27 00:00:00,1.6184699999999999,1.6223,1.61679,1.62002,8002,28,0
2024-11-27 04:00:00,1.6200299999999999,1.62137,1.61683,1.61844,9719,32,0
2024-11-27 08:00:00,1.6184500000000002,1.6222400000000001,1.61721,1.62094,14080,32,0
2024-11-27 12:00:00,1.62094,1.62752,1.62063,1.62734,13084,25,0
2024-11-27 16:00:00,1.62738,1.6305800000000001,1.62345,1.62847,16729,25,0
2024-11-27 20:00:00,1.62846,1.62862,1.62537,1.6259700000000001,9805,32,0
2024-11-28 00:00:00,1.62571,1.6261999999999999,1.6224699999999999,1.623,7149,32,0
2024-11-28 04:00:00,1.6229900000000002,1.6273300000000002,1.6226699999999998,1.62565,10020,32,0
2024-11-28 08:00:00,1.6256300000000001,1.6266699999999998,1.6207099999999999,1.6207099999999999,12512,29,0
2024-11-28 12:00:00,1.62076,1.6242,1.61989,1.62035,10629,25,0
2024-11-28 16:00:00,1.62036,1.6249500000000001,1.6200299999999999,1.6227399999999998,10185,32,0
2024-11-28 20:00:00,1.62275,1.62388,1.62271,1.6231200000000001,1255,3,0
2024-11-29 00:00:00,1.62181,1.62474,1.62025,1.6225399999999999,7142,19,0
2024-11-29 04:00:00,1.62255,1.6249099999999999,1.62083,1.62196,10450,32,0
2024-11-29 08:00:00,1.62192,1.62415,1.62176,1.62202,12276,32,0
2024-11-29 12:00:00,1.62178,1.6251799999999998,1.62178,1.6238899999999998,11928,28,0
2024-11-29 16:00:00,1.62388,1.62388,1.61875,1.6201699999999999,14722,32,0
2024-11-29 20:00:00,1.6201699999999999,1.6231,1.61982,1.62174,10729,32,0
2024-12-02 00:00:00,1.6227,1.6227,1.61877,1.61932,8855,32,0
2024-12-02 04:00:00,1.6193499999999998,1.62079,1.61812,1.61902,11327,25,0
2024-12-02 08:00:00,1.61902,1.6196000000000002,1.6156899999999998,1.61853,14567,29,0
2024-12-02 12:00:00,1.6185100000000001,1.62412,1.61762,1.62358,14464,31,0
2024-12-02 16:00:00,1.62363,1.62486,1.62194,1.62298,16553,32,0
2024-12-02 20:00:00,1.623,1.62338,1.62013,1.6202299999999998,8880,1,0
2024-12-03 00:00:00,1.62005,1.62207,1.6193,1.62172,7219,8,0
2024-12-03 04:00:00,1.62172,1.62395,1.62022,1.62144,10394,32,0
2024-12-03 08:00:00,1.6214499999999998,1.62165,1.6168,1.61945,13009,32,0
2024-12-03 12:00:00,1.61936,1.6226099999999999,1.61913,1.62223,11760,25,0
2024-12-03 16:00:00,1.62225,1.62504,1.62104,1.6219700000000001,16186,29,0
2024-12-03 20:00:00,1.62195,1.62243,1.61929,1.61948,8506,1,0
2024-12-04 00:00:00,1.61918,1.62824,1.6189,1.62765,6772,32,0
2024-12-04 04:00:00,1.62767,1.6367,1.62709,1.63199,12391,25,0
2024-12-04 08:00:00,1.63198,1.63636,1.63154,1.63602,13046,32,0
2024-12-04 12:00:00,1.6360000000000001,1.63914,1.6353900000000001,1.63594,11898,32,0
2024-12-04 16:00:00,1.63594,1.63819,1.63468,1.63619,14365,32,0
2024-12-04 20:00:00,1.63619,1.63626,1.63229,1.63344,9951,0,0
2024-12-05 00:00:00,1.63401,1.63705,1.63293,1.6350500000000001,6821,7,0
2024-12-05 04:00:00,1.6350099999999999,1.63609,1.63408,1.6351499999999999,9147,32,0
2024-12-05 08:00:00,1.63518,1.63568,1.63339,1.63509,11186,32,0
2024-12-05 12:00:00,1.63504,1.6401599999999998,1.63382,1.6399599999999999,12106,32,0
2024-12-05 16:00:00,1.63999,1.64309,1.63947,1.64127,15298,2,0
2024-12-05 20:00:00,1.64126,1.64269,1.63952,1.63978,7855,5,0
2024-12-06 00:00:00,1.6397,1.6457199999999998,1.63723,1.64517,6533,25,0
2024-12-06 04:00:00,1.64516,1.64594,1.64185,1.64341,8993,32,0
2024-12-06 08:00:00,1.6434199999999999,1.64725,1.6434199999999999,1.64562,10131,32,0
2024-12-06 12:00:00,1.6455899999999999,1.6510099999999999,1.6455899999999999,1.6478899999999999,12629,25,0
2024-12-06 16:00:00,1.6478899999999999,1.65594,1.64627,1.65394,16569,25,0
2024-12-06 20:00:00,1.65394,1.65425,1.65194,1.6526800000000001,7636,4,0
2024-12-09 00:00:00,1.65111,1.6524100000000002,1.6484299999999998,1.6495199999999999,6863,32,0
2024-12-09 04:00:00,1.6495199999999999,1.6509800000000001,1.64818,1.65005,9934,32,0
2024-12-09 08:00:00,1.65004,1.65184,1.63993,1.64067,13323,25,0
2024-12-09 12:00:00,1.64067,1.64178,1.6352,1.63591,12071,25,0
2024-12-09 16:00:00,1.6359,1.63838,1.63498,1.63692,14346,32,0
2024-12-09 20:00:00,1.6369099999999999,1.6392799999999998,1.6366800000000001,1.63805,7821,0,0
2024-12-10 00:00:00,1.63746,1.6432600000000002,1.6374499999999999,1.64254,7124,32,0
2024-12-10 04:00:00,1.64253,1.6537899999999999,1.6417199999999998,1.65106,11025,27,0
2024-12-10 08:00:00,1.65103,1.6528800000000001,1.6459700000000002,1.6468500000000001,11132,32,0
2024-12-10 12:00:00,1.64684,1.64716,1.6442,1.6456,10843,32,0
2024-12-10 16:00:00,1.64577,1.6497000000000002,1.64505,1.64887,12934,32,0
2024-12-10 20:00:00,1.64887,1.65075,1.6484100000000002,1.6498,8426,0,0
2024-12-11 00:00:00,1.64989,1.6528800000000001,1.64736,1.6508500000000002,6373,28,0
2024-12-11 04:00:00,1.65082,1.6522700000000001,1.6484,1.6515,10221,32,0
2024-12-11 08:00:00,1.65149,1.6574,1.65089,1.65431,13545,32,0
2024-12-11 12:00:00,1.65429,1.65527,1.65118,1.65248,13729,32,0
2024-12-11 16:00:00,1.65245,1.65292,1.64662,1.6475,16426,32,0
2024-12-11 20:00:00,1.64747,1.64797,1.64609,1.6470099999999999,9145,32,0
2024-12-12 00:00:00,1.6470799999999999,1.6480299999999999,1.63753,1.6385800000000001,7252,5,0
2024-12-12 04:00:00,1.63856,1.6398899999999998,1.63631,1.6371,10738,32,0
2024-12-12 08:00:00,1.6371,1.64121,1.63605,1.63826,11905,32,0
2024-12-12 12:00:00,1.63829,1.64219,1.6362299999999999,1.6385800000000001,13009,32,0
2024-12-12 16:00:00,1.63861,1.64629,1.6378300000000001,1.6457000000000002,15447,32,0
2024-12-12 20:00:00,1.6457000000000002,1.64619,1.64245,1.64252,8678,0,0
2024-12-13 00:00:00,1.64256,1.64611,1.64096,1.64467,4863,7,0
2024-12-13 04:00:00,1.64463,1.64632,1.6428099999999999,1.64433,6403,35,0
2024-12-13 08:00:00,1.64433,1.6474,1.64182,1.64698,11289,35,0
2024-12-13 12:00:00,1.64707,1.64908,1.6452200000000001,1.64703,11075,26,0
2024-12-13 16:00:00,1.64704,1.65176,1.6461000000000001,1.65091,13721,35,0
2024-12-13 20:00:00,1.6509200000000002,1.65163,1.64926,1.64967,8079,8,0
2024-12-16 00:00:00,1.65032,1.65195,1.64858,1.65063,5867,35,0
2024-12-16 04:00:00,1.65063,1.65192,1.6474,1.65001,8999,35,0
2024-12-16 08:00:00,1.6499899999999998,1.65134,1.6479599999999999,1.6501700000000001,10496,35,0
2024-12-16 12:00:00,1.65023,1.65222,1.6494499999999999,1.65191,9463,35,0
2024-12-16 16:00:00,1.65188,1.6526999999999998,1.64833,1.64935,13482,25,0
2024-12-16 20:00:00,1.6493799999999998,1.65106,1.64874,1.64892,7103,1,0
2024-12-17 00:00:00,1.64934,1.65282,1.6482299999999999,1.6505800000000002,5284,6,0
2024-12-17 04:00:00,1.6505999999999998,1.6543,1.6505999999999998,1.65396,8977,35,0
2024-12-17 08:00:00,1.65396,1.6547800000000001,1.65111,1.6530200000000002,10408,2,0
2024-12-17 12:00:00,1.65326,1.65549,1.6528800000000001,1.65384,9872,25,0
2024-12-17 16:00:00,1.6538300000000001,1.6579000000000002,1.6535,1.65565,12626,35,0
2024-12-17 20:00:00,1.6556199999999999,1.65611,1.65429,1.65438,7357,0,0
2024-12-18 00:00:00,1.6547,1.6593499999999999,1.65237,1.6591399999999998,3519,7,0
2024-12-18 04:00:00,1.65916,1.6639300000000001,1.65835,1.6633499999999999,7094,25,0
2024-12-18 08:00:00,1.66334,1.66438,1.6613,1.6636199999999999,9609,35,0
2024-12-18 12:00:00,1.66363,1.66379,1.658,1.6592099999999999,9349,26,0
2024-12-18 16:00:00,1.65918,1.66229,1.65857,1.66181,12095,26,0
2024-12-18 20:00:00,1.66182,1.6671,1.65994,1.66394,16053,35,0
2024-12-19 00:00:00,1.66463,1.6713200000000001,1.66223,1.6670500000000001,8101,35,0
2024-12-19 04:00:00,1.6671200000000002,1.66978,1.66541,1.66973,9903,3,0
2024-12-19 08:00:00,1.6697199999999999,1.6703999999999999,1.66507,1.66765,13426,27,0
2024-12-19 12:00:00,1.6676600000000001,1.66805,1.66231,1.66303,12818,32,0
2024-12-19 16:00:00,1.66304,1.66309,1.65653,1.6583700000000001,16243,35,0
2024-12-19 20:00:00,1.6583999999999999,1.6611799999999999,1.6582,1.66082,11148,35,0
2024-12-20 00:00:00,1.66048,1.66561,1.65987,1.66338,7591,33,0
2024-12-20 04:00:00,1.66341,1.66675,1.6630500000000001,1.66523,11629,35,0
2024-12-20 08:00:00,1.66521,1.6662,1.66017,1.66555,12942,28,0
2024-12-20 12:00:00,1.66557,1.66909,1.66509,1.6687699999999999,12233,35,0
2024-12-20 16:00:00,1.66878,1.6691500000000001,1.66216,1.66435,17125,27,0
2024-12-20 20:00:00,1.66435,1.66779,1.66408,1.6673200000000001,9993,7,0
2024-12-23 00:00:00,1.6665100000000002,1.6700300000000001,1.66516,1.66818,6680,35,0
2024-12-23 04:00:00,1.66821,1.67079,1.6674099999999998,1.6674099999999998,7734,3,0
2024-12-23 08:00:00,1.6674,1.66936,1.6623,1.6627800000000001,9576,35,0
2024-12-23 12:00:00,1.66279,1.66934,1.66189,1.66928,9697,35,0
2024-12-23 16:00:00,1.66927,1.67041,1.6642700000000001,1.66492,13394,35,0
2024-12-23 20:00:00,1.6649,1.66628,1.66425,1.66448,7623,21,0
2024-12-24 00:00:00,1.66505,1.66858,1.66228,1.6677499999999998,4849,19,0
2024-12-24 04:00:00,1.6677499999999998,1.66997,1.66512,1.66555,7951,3,0
2024-12-24 08:00:00,1.66555,1.6668699999999999,1.6638199999999999,1.66627,6775,35,0
2024-12-24 12:00:00,1.66628,1.6699899999999999,1.66555,1.66761,7119,35,0
2024-12-24 16:00:00,1.6676199999999999,1.66921,1.66591,1.66771,10077,35,0
2024-12-24 20:00:00,1.66769,1.66801,1.66441,1.66535,3139,30,0
2024-12-26 00:00:00,1.66402,1.66781,1.66402,1.66516,3782,10,0
2024-12-26 04:00:00,1.66516,1.66688,1.66303,1.66673,6801,35,0
2024-12-26 08:00:00,1.66675,1.67068,1.66641,1.67008,5115,4,0
2024-12-26 12:00:00,1.67009,1.6709399999999999,1.66797,1.67083,4641,5,0
2024-12-26 16:00:00,1.67085,1.6747800000000002,1.66978,1.67371,8991,35,0
2024-12-26 20:00:00,1.67373,1.67531,1.67354,1.67442,6409,5,0
2024-12-27 00:00:00,1.6733099999999999,1.6766100000000002,1.67083,1.67394,5882,16,0
2024-12-27 04:00:00,1.67394,1.67741,1.67343,1.6773,8441,4,0
2024-12-27 08:00:00,1.6773099999999999,1.67774,1.67293,1.67737,8412,27,0
2024-12-27 12:00:00,1.6773500000000001,1.6791399999999999,1.6762000000000001,1.67815,7900,35,0
2024-12-27 16:00:00,1.6781899999999998,1.68006,1.67667,1.67879,13203,35,0
2024-12-27 20:00:00,1.67876,1.6790500000000002,1.67519,1.6757,7810,7,0
2024-12-30 00:00:00,1.6757,1.67787,1.67271,1.67287,6018,2,0
2024-12-30 04:00:00,1.67286,1.67362,1.6689,1.66981,7618,35,0
2024-12-30 08:00:00,1.66978,1.67642,1.6693500000000001,1.67618,8740,35,0
2024-12-30 12:00:00,1.67622,1.67689,1.6703999999999999,1.67077,10720,26,0
2024-12-30 16:00:00,1.67085,1.67375,1.66919,1.6693099999999998,14908,35,0
2024-12-30 20:00:00,1.66933,1.67229,1.669,1.67188,7906,3,0
2024-12-31 00:00:00,1.67214,1.67404,1.6697600000000001,1.67142,4198,8,0
2024-12-31 04:00:00,1.6714,1.67581,1.67135,1.67344,4347,4,0
2024-12-31 08:00:00,1.67344,1.67659,1.67238,1.6752500000000001,7983,35,0
2024-12-31 12:00:00,1.67529,1.67754,1.6747999999999998,1.6759300000000001,9153,35,0
2024-12-31 16:00:00,1.67592,1.67626,1.67007,1.67301,13572,35,0
2024-12-31 20:00:00,1.6730399999999999,1.67387,1.67199,1.67228,7311,9,0
2025-01-01 00:00:00,1.67217,1.67217,1.67217,1.67217,1,178,0
2025-01-02 00:00:00,1.67257,1.67429,1.666,1.66729,7723,6,0
2025-01-02 04:00:00,1.66726,1.6690399999999999,1.66641,1.6669399999999999,8661,35,0
2025-01-02 08:00:00,1.66697,1.67093,1.66439,1.6646999999999998,9891,26,0
2025-01-02 12:00:00,1.6646800000000002,1.666,1.65918,1.6592099999999999,12511,35,0
2025-01-02 16:00:00,1.65917,1.65995,1.64879,1.65495,16204,35,0
2025-01-02 20:00:00,1.65495,1.65626,1.6536,1.65391,9687,3,0
2025-01-03 00:00:00,1.65236,1.65584,1.6519,1.65271,5689,15,0
2025-01-03 04:00:00,1.6527500000000002,1.65391,1.65072,1.65222,7828,35,0
2025-01-03 08:00:00,1.65221,1.6568800000000001,1.65133,1.65597,10637,35,0
2025-01-03 12:00:00,1.6560000000000001,1.65644,1.6537199999999999,1.65554,9030,35,0
2025-01-03 16:00:00,1.65551,1.65922,1.65464,1.65785,13960,26,0
2025-01-03 20:00:00,1.65785,1.65804,1.65633,1.65732,7506,7,0
2025-01-06 00:00:00,1.6571799999999999,1.6591200000000002,1.65213,1.65577,5902,35,0
2025-01-06 04:00:00,1.65578,1.65835,1.65457,1.65475,8718,35,0
2025-01-06 08:00:00,1.65475,1.65895,1.65449,1.6579000000000002,10642,35,0
2025-01-06 12:00:00,1.6579199999999998,1.65941,1.65401,1.65592,15017,35,0
2025-01-06 16:00:00,1.6558899999999999,1.66501,1.65421,1.66404,16709,35,0
2025-01-06 20:00:00,1.66403,1.66506,1.66234,1.66246,7796,35,0
2025-01-07 00:00:00,1.662,1.6644999999999999,1.65998,1.6606999999999998,6285,35,0
2025-01-07 04:00:00,1.66071,1.6608399999999999,1.65849,1.65856,2530,35,0
2025-01-07 08:00:00,1.6585299999999998,1.6612900000000002,1.65777,1.65902,8001,31,0
2025-01-07 12:00:00,1.65892,1.6594799999999998,1.65436,1.65744,9674,35,0
2025-01-07 16:00:00,1.65743,1.66148,1.65603,1.6599,14796,26,0
2025-01-07 20:00:00,1.6598600000000001,1.66089,1.65849,1.65863,8938,7,0
2025-01-08 00:00:00,1.6587800000000001,1.6654200000000001,1.65778,1.66353,6248,31,0
2025-01-08 04:00:00,1.66352,1.6638600000000001,1.65984,1.66119,7443,35,0
2025-01-08 08:00:00,1.66119,1.6617199999999999,1.6577199999999999,1.65852,10179,25,0
2025-01-08 12:00:00,1.65842,1.6622599999999998,1.6583,1.66055,13750,25,0
2025-01-08 16:00:00,1.6605400000000001,1.66087,1.6583299999999999,1.66024,14099,28,0
2025-01-08 20:00:00,1.6602299999999999,1.6616,1.6588,1.65924,9783,0,0
2025-01-09 00:00:00,1.65929,1.6633200000000001,1.6578300000000001,1.66302,4660,11,0
2025-01-09 04:00:00,1.66303,1.66368,1.66189,1.66225,8314,35,0
2025-01-09 08:00:00,1.6622400000000002,1.6662599999999999,1.66153,1.66422,11436,35,0
2025-01-09 12:00:00,1.6642700000000001,1.66469,1.66059,1.6630099999999999,9949,35,0
2025-01-09 16:00:00,1.66303,1.66352,1.66123,1.66194,8970,35,0
2025-01-09 20:00:00,1.66191,1.66261,1.66143,1.66227,3961,0,0
2025-01-10 00:00:00,1.6621899999999998,1.66349,1.65983,1.66143,6074,16,0
2025-01-10 04:00:00,1.6614499999999999,1.66316,1.66063,1.6609,7685,35,0
2025-01-10 08:00:00,1.66092,1.66587,1.66006,1.6656499999999999,9467,35,0
2025-01-10 12:00:00,1.66559,1.6675900000000001,1.66282,1.6665299999999998,10690,35,0
2025-01-10 16:00:00,1.66652,1.66711,1.66236,1.66428,17478,35,0
2025-01-10 20:00:00,1.66435,1.66787,1.6633200000000001,1.66528,9401,5,0
2025-01-13 00:00:00,1.6636199999999999,1.6672799999999999,1.66216,1.66279,6662,35,0
2025-01-13 04:00:00,1.6627999999999998,1.66519,1.66191,1.66444,8577,35,0
2025-01-13 08:00:00,1.66446,1.6650399999999999,1.6579899999999999,1.66059,12308,27,0
2025-01-13 12:00:00,1.66059,1.6612200000000001,1.65714,1.65976,12146,35,0
2025-01-13 16:00:00,1.65974,1.6615600000000001,1.6573,1.6585100000000002,13702,26,0
2025-01-13 20:00:00,1.6585,1.65915,1.6571799999999999,1.6574499999999999,8226,0,0
2025-01-14 00:00:00,1.6578300000000001,1.66074,1.6551399999999998,1.6558000000000002,7422,33,0
2025-01-14 04:00:00,1.6558000000000002,1.65748,1.65549,1.65663,9889,35,0
2025-01-14 08:00:00,1.65662,1.65764,1.65334,1.65725,12845,35,0
2025-01-14 12:00:00,1.6572200000000001,1.6610800000000001,1.6566100000000001,1.66045,12183,33,0
2025-01-14 16:00:00,1.66044,1.6649,1.6593200000000001,1.6637300000000002,15414,33,0
2025-01-14 20:00:00,1.66381,1.6653,1.66311,1.66369,7471,1,0
2025-01-15 00:00:00,1.66361,1.6662599999999999,1.66083,1.6646100000000001,4938,3,0
2025-01-15 04:00:00,1.66462,1.6656900000000001,1.66252,1.66342,6851,2,0
2025-01-15 08:00:00,1.66341,1.66421,1.66013,1.6610399999999998,9718,3,0
2025-01-15 12:00:00,1.6610200000000002,1.66269,1.65581,1.65676,10367,33,0
2025-01-15 16:00:00,1.6568399999999999,1.65761,1.65188,1.65339,14757,25,0
2025-01-15 20:00:00,1.65335,1.6540300000000001,1.65161,1.6519599999999999,6406,0,0
2025-01-16 00:00:00,1.65191,1.65396,1.6480700000000001,1.65314,7154,10,0
2025-01-16 04:00:00,1.65312,1.65983,1.6525400000000001,1.65859,9303,33,0
2025-01-16 08:00:00,1.65856,1.65856,1.65457,1.6552799999999999,10629,28,0
2025-01-16 12:00:00,1.65527,1.65735,1.6551,1.65633,10874,33,0
2025-01-16 16:00:00,1.65621,1.65732,1.65425,1.6559599999999999,14732,33,0
2025-01-16 20:00:00,1.65597,1.65889,1.65584,1.65686,7525,0,0
2025-01-17 00:00:00,1.6577,1.6600899999999998,1.65529,1.65876,5166,1,0
2025-01-17 04:00:00,1.6587,1.6611799999999999,1.6572900000000002,1.65936,8276,0,0
2025-01-17 08:00:00,1.65938,1.66013,1.65588,1.65978,10022,25,0
2025-01-17 12:00:00,1.6596899999999999,1.66598,1.65943,1.66559,10327,25,0
2025-01-17 16:00:00,1.6655799999999998,1.66573,1.6551900000000002,1.65682,14649,25,0
2025-01-17 20:00:00,1.6568399999999999,1.6587399999999999,1.65674,1.65846,7753,3,0
2025-01-20 00:00:00,1.65758,1.65903,1.65631,1.65735,6355,34,0
2025-01-20 04:00:00,1.65734,1.65972,1.65679,1.6596199999999999,8446,33,0
2025-01-20 08:00:00,1.6596199999999999,1.66311,1.6576300000000002,1.66225,9792,3,0
2025-01-20 12:00:00,1.66227,1.66429,1.65746,1.65938,10211,33,0
2025-01-20 16:00:00,1.65937,1.66238,1.65758,1.66019,13947,26,0
2025-01-20 20:00:00,1.66019,1.66119,1.6590799999999999,1.6591399999999998,7178,9,0
2025-01-21 00:00:00,1.65937,1.66797,1.65618,1.6641,11529,33,0
2025-01-21 04:00:00,1.66403,1.66546,1.66094,1.6651099999999999,10791,29,0
2025-01-21 08:00:00,1.66512,1.66564,1.6604700000000001,1.66103,10944,33,0
2025-01-21 12:00:00,1.66053,1.6648,1.66022,1.6633499999999999,11937,27,0
2025-01-21 16:00:00,1.6632500000000001,1.6639,1.66096,1.6625100000000002,14371,26,0
2025-01-21 20:00:00,1.66254,1.66331,1.66072,1.66144,6700,0,0
2025-01-22 00:00:00,1.66155,1.66318,1.6596899999999999,1.66184,7501,3,0
2025-01-22 04:00:00,1.66184,1.66306,1.66069,1.66232,8039,2,0
2025-01-22 08:00:00,1.66232,1.66412,1.66049,1.66211,10777,33,0
2025-01-22 12:00:00,1.66212,1.66242,1.65931,1.6601599999999999,10024,33,0
2025-01-22 16:00:00,1.66014,1.66292,1.65882,1.65934,11534,33,0
2025-01-22 20:00:00,1.65933,1.6600700000000002,1.6580599999999999,1.65814,6598,0,0
2025-01-23 00:00:00,1.65815,1.66042,1.65739,1.65825,6818,5,0
2025-01-23 04:00:00,1.6582400000000002,1.6594799999999998,1.65732,1.65903,9951,33,0
2025-01-23 08:00:00,1.6590500000000001,1.66282,1.65848,1.66202,10422,33,0
2025-01-23 12:00:00,1.66201,1.66222,1.65888,1.65956,11148,33,0
2025-01-23 16:00:00,1.65958,1.65974,1.65631,1.65694,13601,33,0
2025-01-23 20:00:00,1.65696,1.65795,1.6564,1.65679,7901,2,0
2025-01-24 00:00:00,1.65649,1.65863,1.65541,1.65757,5628,3,0
2025-01-24 04:00:00,1.65748,1.65759,1.65106,1.6511,12034,48,0
2025-01-24 08:00:00,1.65109,1.6610200000000002,1.65027,1.65961,11973,33,0
2025-01-24 12:00:00,1.6596,1.66127,1.65849,1.6602000000000001,9997,25,0
2025-01-24 16:00:00,1.66022,1.66417,1.65979,1.66327,12858,29,0
2025-01-24 20:00:00,1.66327,1.66329,1.65999,1.66059,6429,0,0
2025-01-27 00:00:00,1.66166,1.6651500000000001,1.65985,1.6637300000000002,6818,25,0
2025-01-27 04:00:00,1.6638199999999999,1.66469,1.66202,1.66307,10147,33,0
2025-01-27 08:00:00,1.6630500000000001,1.66699,1.66261,1.66662,13376,26,0
2025-01-27 12:00:00,1.66662,1.67201,1.6656,1.67153,14537,25,0
2025-01-27 16:00:00,1.67157,1.6726,1.67004,1.67085,13676,25,0
2025-01-27 20:00:00,1.67088,1.67097,1.6657899999999999,1.66696,8175,0,0
2025-01-28 00:00:00,1.66706,1.66898,1.66548,1.6677499999999998,10084,13,0
2025-01-28 04:00:00,1.66783,1.66955,1.6657,1.6688800000000001,10724,4,0
2025-01-28 08:00:00,1.6689,1.6700599999999999,1.6675499999999999,1.66849,11843,33,0
2025-01-28 12:00:00,1.66846,1.6709100000000001,1.6673,1.67059,11075,28,0
2025-01-28 16:00:00,1.67057,1.6707,1.66841,1.6689,11767,33,0
2025-01-28 20:00:00,1.6689,1.66913,1.66761,1.66761,6652,0,0
2025-01-29 00:00:00,1.66761,1.67493,1.66568,1.67306,5427,3,0
2025-01-29 04:00:00,1.67305,1.6745999999999999,1.67129,1.67134,7740,2,0
2025-01-29 08:00:00,1.6712,1.67194,1.66974,1.67082,9410,33,0
2025-01-29 12:00:00,1.67083,1.67206,1.66995,1.67165,9724,26,0
2025-01-29 16:00:00,1.67164,1.6741700000000002,1.67103,1.67239,12855,33,0
2025-01-29 20:00:00,1.6723599999999998,1.67312,1.67038,1.6719,11769,1,0
2025-01-30 00:00:00,1.6718199999999999,1.67265,1.66986,1.6701899999999998,5038,10,0
2025-01-30 04:00:00,1.67022,1.6754,1.66977,1.67538,7524,33,0
2025-01-30 08:00:00,1.67538,1.6758199999999999,1.6695799999999998,1.67108,10089,33,0
2025-01-30 12:00:00,1.67093,1.67721,1.6686800000000002,1.67703,12137,26,0
2025-01-30 16:00:00,1.67693,1.67778,1.67126,1.67197,12594,25,0
2025-01-30 20:00:00,1.6718899999999999,1.6753200000000001,1.67074,1.67239,8330,0,0
2025-01-31 00:00:00,1.6724700000000001,1.6741700000000002,1.6710500000000001,1.67158,6674,10,0
2025-01-31 04:00:00,1.6715900000000001,1.67206,1.6674799999999999,1.66919,8327,7,0
2025-01-31 08:00:00,1.6692,1.6705,1.66597,1.6682000000000001,10275,3,0
2025-01-31 12:00:00,1.66819,1.67063,1.6674799999999999,1.66891,9499,8,0
2025-01-31 16:00:00,1.6688800000000001,1.66978,1.66413,1.66555,14682,25,0
2025-01-31 20:00:00,1.66554,1.67,1.6652,1.6661000000000001,13546,33,0
2025-02-03 00:00:00,1.66544,1.6741000000000001,1.6593900000000001,1.67378,13603,33,0
2025-02-03 04:00:00,1.6738499999999998,1.67895,1.67088,1.67286,14131,33,0
2025-02-03 08:00:00,1.67287,1.67344,1.66419,1.66564,14646,29,0
2025-02-03 12:00:00,1.66564,1.66948,1.6649,1.66596,12801,27,0
2025-02-03 16:00:00,1.66594,1.6695799999999998,1.66211,1.66361,18516,11,0
2025-02-03 20:00:00,1.66347,1.66476,1.65862,1.66074,14324,29,0
2025-02-04 00:00:00,1.66071,1.66448,1.65764,1.66241,9290,33,0
2025-02-04 04:00:00,1.6623999999999999,1.6665,1.6611500000000001,1.66399,12675,33,0
2025-02-04 08:00:00,1.66401,1.6671200000000002,1.66089,1.6654499999999999,13106,31,0
2025-02-04 12:00:00,1.66539,1.66562,1.66109,1.6632099999999999,11659,27,0
2025-02-04 16:00:00,1.6632,1.66466,1.6582599999999998,1.65956,15572,26,0
2025-02-04 20:00:00,1.65956,1.66017,1.65819,1.6587800000000001,7982,0,0
2025-02-05 00:00:00,1.65857,1.66159,1.65743,1.66143,6735,9,0
2025-02-05 04:00:00,1.6614,1.6624400000000001,1.6595,1.65956,10388,33,0
2025-02-05 08:00:00,1.65957,1.66048,1.65557,1.65682,12002,25,0
2025-02-05 12:00:00,1.6568399999999999,1.6584400000000001,1.65648,1.6577199999999999,10929,19,0
2025-02-05 16:00:00,1.65771,1.65992,1.6549,1.65587,13632,32,0
2025-02-05 20:00:00,1.65588,1.6562999999999999,1.65411,1.6547399999999999,8241,0,0
2025-02-06 00:00:00,1.6543,1.65618,1.6531099999999999,1.65511,6461,4,0
2025-02-06 04:00:00,1.65515,1.6593900000000001,1.6551399999999998,1.6583299999999999,8579,3,0
2025-02-06 08:00:00,1.65835,1.65841,1.65429,1.65438,9685,28,0
2025-02-06 12:00:00,1.65438,1.65502,1.65211,1.6539000000000001,10796,33,0
2025-02-06 16:00:00,1.65384,1.65538,1.6503299999999999,1.65127,11185,25,0
2025-02-06 20:00:00,1.6512099999999998,1.6539700000000002,1.6511200000000001,1.65228,7939,1,0
2025-02-07 00:00:00,1.65238,1.6534,1.65005,1.65072,5739,8,0
2025-02-07 04:00:00,1.65072,1.65237,1.64944,1.65197,8387,5,0
2025-02-07 08:00:00,1.65195,1.65245,1.6499700000000002,1.6508,8943,4,0
2025-02-07 12:00:00,1.65077,1.65256,1.65001,1.6509200000000002,10015,18,0
2025-02-07 16:00:00,1.65091,1.65183,1.64609,1.6464400000000001,16589,25,0
2025-02-07 20:00:00,1.64646,1.64779,1.645,1.64516,8171,1,0
2025-02-10 00:00:00,1.6481400000000002,1.65082,1.6447699999999998,1.64704,8385,7,0
2025-02-10 04:00:00,1.64704,1.64724,1.64406,1.64469,7633,2,0
2025-02-10 08:00:00,1.64472,1.64602,1.64311,1.64451,9618,33,0
2025-02-10 12:00:00,1.6444999999999999,1.6452200000000001,1.64262,1.64276,9039,0,0
2025-02-10 16:00:00,1.64275,1.64311,1.6404999999999998,1.64282,9731,28,0
2025-02-10 20:00:00,1.64283,1.64314,1.6408800000000001,1.64144,5366,0,0
2025-02-11 00:00:00,1.64142,1.6438199999999998,1.63887,1.6422400000000001,6544,5,0
2025-02-11 04:00:00,1.64222,1.6440700000000001,1.64155,1.6418,7933,33,0
2025-02-11 08:00:00,1.64185,1.64365,1.6391900000000001,1.64361,9536,33,0
2025-02-11 12:00:00,1.64361,1.6458599999999999,1.64299,1.64391,8948,29,0
2025-02-11 16:00:00,1.64388,1.6451,1.64262,1.64425,10370,33,0
2025-02-11 20:00:00,1.64424,1.64715,1.6442,1.64558,6785,1,0
2025-02-12 00:00:00,1.64499,1.6469399999999998,1.64394,1.64409,5711,0,0
2025-02-12 04:00:00,1.64409,1.6468699999999998,1.64299,1.64616,7583,3,0
2025-02-12 08:00:00,1.6461700000000001,1.65242,1.64581,1.65219,9215,33,0
2025-02-12 12:00:00,1.65222,1.65538,1.6509800000000001,1.65482,10015,33,0
2025-02-12 16:00:00,1.65476,1.65674,1.6523400000000001,1.6539700000000002,15665,32,0
2025-02-12 20:00:00,1.65394,1.6540599999999999,1.65197,1.6529,8305,2,0
2025-02-13 00:00:00,1.65297,1.6562999999999999,1.6507800000000001,1.65522,6038,3,0
2025-02-13 04:00:00,1.6553,1.65789,1.65506,1.65712,10973,33,0
2025-02-13 08:00:00,1.65713,1.66322,1.65709,1.66291,12058,33,0
2025-02-13 12:00:00,1.66292,1.66318,1.6581700000000001,1.6592,12199,29,0
2025-02-13 16:00:00,1.6592099999999999,1.66008,1.6561599999999999,1.65777,13765,2,0
2025-02-13 20:00:00,1.6577600000000001,1.65906,1.6541700000000001,1.65601,9617,25,0
2025-02-14 00:00:00,1.65597,1.6575,1.6537199999999999,1.65423,7580,33,0
2025-02-14 04:00:00,1.65422,1.65502,1.65259,1.65396,8947,33,0
2025-02-14 08:00:00,1.6539700000000002,1.65472,1.65194,1.6526800000000001,12189,33,0
2025-02-14 12:00:00,1.65265,1.65317,1.64989,1.6505999999999998,11482,33,0
2025-02-14 16:00:00,1.6505800000000002,1.65237,1.65014,1.6521599999999999,12616,18,0
2025-02-14 20:00:00,1.65213,1.65238,1.64901,1.65027,5708,18,0
2025-02-17 00:00:00,1.65126,1.65191,1.6480000000000001,1.64944,7117,27,0
2025-02-17 04:00:00,1.64943,1.6512,1.6457600000000001,1.64723,10543,33,0
2025-02-17 08:00:00,1.6472,1.6481599999999998,1.6446800000000001,1.64496,10750,33,0
2025-02-17 12:00:00,1.6449799999999999,1.6480299999999999,1.64458,1.64533,8720,33,0
2025-02-17 16:00:00,1.64533,1.6472099999999998,1.64486,1.6467800000000001,7084,13,0
2025-02-17 20:00:00,1.6467800000000001,1.64955,1.6463999999999999,1.649,4181,2,0
2025-02-18 00:00:00,1.64901,1.65184,1.6465999999999998,1.65053,6754,26,0
2025-02-18 04:00:00,1.65052,1.65188,1.64394,1.64462,10705,33,0
2025-02-18 08:00:00,1.64463,1.64691,1.6438899999999999,1.6449,9940,33,0
2025-02-18 12:00:00,1.64466,1.64774,1.64398,1.64648,9715,31,0
2025-02-18 16:00:00,1.64641,1.64781,1.64487,1.64589,11848,33,0
2025-02-18 20:00:00,1.64589,1.64596,1.6427399999999999,1.64395,6170,18,0
2025-02-19 00:00:00,1.64384,1.6463299999999998,1.64133,1.64486,7403,26,0
2025-02-19 04:00:00,1.64466,1.6459000000000001,1.64161,1.6420599999999999,9242,26,0
2025-02-19 08:00:00,1.64208,1.64318,1.64019,1.64036,9917,33,0
2025-02-19 12:00:00,1.64033,1.643,1.63994,1.64296,10407,13,0
2025-02-19 16:00:00,1.6429399999999998,1.64398,1.6398700000000002,1.64148,17640,13,0
2025-02-19 20:00:00,1.64148,1.64323,1.64106,1.64207,10677,18,0
2025-02-20 00:00:00,1.64182,1.64652,1.63907,1.64535,10252,26,0
2025-02-20 04:00:00,1.64534,1.6459000000000001,1.63814,1.6387,13313,26,0
2025-02-20 08:00:00,1.63872,1.63927,1.6356899999999999,1.63686,14925,13,0
2025-02-20 12:00:00,1.63692,1.6388099999999999,1.63632,1.63873,16397,13,0
2025-02-20 16:00:00,1.63875,1.63979,1.6358000000000001,1.6397599999999999,20162,13,0
2025-02-20 20:00:00,1.6398000000000001,1.64053,1.6388,1.64033,9665,17,0
2025-02-21 00:00:00,1.64008,1.64141,1.63893,1.64039,9832,26,0
2025-02-21 04:00:00,1.64038,1.64261,1.63861,1.64235,12554,26,0
2025-02-21 08:00:00,1.6423299999999998,1.6432099999999998,1.63861,1.63925,16679,13,0
2025-02-21 12:00:00,1.63924,1.6410900000000002,1.63789,1.64074,13696,13,0
2025-02-21 16:00:00,1.6407699999999998,1.6421999999999999,1.6391,1.64205,18840,13,0
2025-02-21 20:00:00,1.64208,1.64693,1.64195,1.6441599999999998,12661,18,0
2025-02-24 00:00:00,1.64425,1.65125,1.642,1.65103,15250,26,0
2025-02-24 04:00:00,1.65106,1.65187,1.6463,1.64909,15571,26,0
2025-02-24 08:00:00,1.64909,1.64933,1.64379,1.64508,18711,13,0
2025-02-24 12:00:00,1.64507,1.64656,1.6431900000000002,1.64352,15699,13,0
2025-02-24 16:00:00,1.6435300000000002,1.64937,1.64287,1.64695,20716,13,0
2025-02-24 20:00:00,1.64697,1.64913,1.6465999999999998,1.64824,12231,18,0
2025-02-25 00:00:00,1.64788,1.6507,1.6452499999999999,1.64937,9776,26,0
2025-02-25 04:00:00,1.64937,1.65022,1.64775,1.6484999999999999,11693,26,0
2025-02-25 08:00:00,1.6484999999999999,1.65395,1.64813,1.6538300000000001,17653,14,0
2025-02-25 12:00:00,1.65384,1.65552,1.6528,1.6545999999999998,18357,13,0
2025-02-25 16:00:00,1.6547,1.66191,1.6540599999999999,1.65778,23309,13,0
2025-02-25 20:00:00,1.65787,1.65809,1.6557300000000001,1.6559599999999999,13726,18,0
2025-02-26 00:00:00,1.6559,1.6611799999999999,1.65509,1.659,10555,26,0
2025-02-26 04:00:00,1.65897,1.6613,1.6583,1.65903,12393,26,0
2025-02-26 08:00:00,1.65896,1.66003,1.65639,1.6599,16061,14,0
2025-02-26 12:00:00,1.6598899999999999,1.6627399999999999,1.65915,1.66263,16945,13,0
2025-02-26 16:00:00,1.6627,1.66501,1.6593499999999999,1.66117,23955,13,0
2025-02-26 20:00:00,1.66113,1.6645400000000001,1.66067,1.66215,16013,18,0
2025-02-27 00:00:00,1.66234,1.6631399999999998,1.65839,1.66128,9772,27,0
2025-02-27 04:00:00,1.6612900000000002,1.66439,1.6598600000000001,1.6631399999999998,13830,27,0
2025-02-27 08:00:00,1.66307,1.66395,1.66193,1.66347,16611,14,0
2025-02-27 12:00:00,1.66353,1.6661899999999998,1.6627100000000001,1.66315,18709,13,0
2025-02-27 16:00:00,1.66313,1.66727,1.6626400000000001,1.66601,25487,13,0
2025-02-27 20:00:00,1.66607,1.66842,1.665,1.66699,14692,18,0
2025-02-28 00:00:00,1.66672,1.66966,1.66581,1.66906,11154,27,0
2025-02-28 04:00:00,1.6691799999999999,1.67259,1.6688,1.6717499999999998,14187,27,0
2025-02-28 08:00:00,1.67171,1.6739899999999999,1.67068,1.6726999999999999,17187,14,0
2025-02-28 12:00:00,1.67269,1.6753,1.67172,1.675,15815,13,0
2025-02-28 16:00:00,1.6749800000000001,1.67725,1.6720199999999998,1.67517,23221,13,0
2025-02-28 20:00:00,1.6751200000000002,1.6757499999999999,1.6693500000000001,1.66946,17099,18,0
2025-03-03 00:00:00,1.6732399999999998,1.67558,1.67188,1.67318,14006,27,0
2025-03-03 04:00:00,1.6731500000000001,1.67638,1.6724700000000001,1.675,12302,27,0
2025-03-03 08:00:00,1.67504,1.67673,1.67171,1.67523,17331,14,0
2025-03-03 12:00:00,1.6752799999999999,1.68205,1.6752799999999999,1.67997,19261,13,0
2025-03-03 16:00:00,1.67996,1.68146,1.67782,1.6789399999999999,22105,13,0
2025-03-03 20:00:00,1.67897,1.68801,1.67886,1.68423,24719,18,0
2025-03-04 00:00:00,1.68388,1.68944,1.68178,1.6887400000000001,14020,27,0
2025-03-04 04:00:00,1.68875,1.69284,1.68788,1.69031,17925,28,0
2025-03-04 08:00:00,1.69032,1.69543,1.68823,1.68948,21907,14,0
2025-03-04 12:00:00,1.68945,1.6940300000000001,1.68858,1.69279,22668,13,0
2025-03-04 16:00:00,1.6928100000000001,1.6979199999999999,1.69112,1.69592,29045,13,0
2025-03-04 20:00:00,1.69594,1.70014,1.69279,1.6939,24522,18,0
2025-03-05 00:00:00,1.6932800000000001,1.69774,1.69275,1.6976499999999999,14601,27,0
2025-03-05 04:00:00,1.69774,1.70072,1.69695,1.6997,17225,27,0
2025-03-05 08:00:00,1.6996,1.70513,1.69574,1.70442,24023,14,0
2025-03-05 12:00:00,1.7044700000000002,1.7055500000000001,1.70005,1.70227,23227,13,0
2025-03-05 16:00:00,1.7023000000000001,1.70933,1.70217,1.7054399999999998,30127,13,0
2025-03-05 20:00:00,1.70545,1.70553,1.7013099999999999,1.70267,17033,18,0
2025-03-06 00:00:00,1.70218,1.7057600000000002,1.7006000000000001,1.7026599999999998,12142,27,0
2025-03-06 04:00:00,1.70271,1.70566,1.70132,1.7055500000000001,15363,27,0
2025-03-06 08:00:00,1.7055500000000001,1.7065700000000001,1.70286,1.70525,24450,14,0
2025-03-06 12:00:00,1.7052399999999999,1.71059,1.70238,1.70947,23690,13,0
2025-03-06 16:00:00,1.70961,1.71076,1.70236,1.70309,31096,13,0
2025-03-06 20:00:00,1.7030699999999999,1.70518,1.6992,1.70211,19368,18,0
2025-03-07 00:00:00,1.70198,1.70821,1.7005599999999998,1.70728,11127,27,0
2025-03-07 04:00:00,1.7073,1.71628,1.70721,1.71585,14383,27,0
2025-03-07 08:00:00,1.71585,1.721,1.71517,1.72024,20799,14,0
2025-03-07 12:00:00,1.72025,1.72696,1.7199,1.7252,22850,14,0
2025-03-07 16:00:00,1.72526,1.72695,1.7181199999999999,1.72299,29994,13,0
2025-03-07 20:00:00,1.72298,1.72308,1.71596,1.71625,16409,19,0
2025-03-10 00:00:00,1.7177099999999998,1.7242199999999999,1.7170999999999998,1.71802,18077,5,0
2025-03-10 04:00:00,1.71802,1.71933,1.71475,1.71521,15442,27,0
2025-03-10 08:00:00,1.71522,1.71587,1.71041,1.71523,22006,14,0
2025-03-10 12:00:00,1.71522,1.7187000000000001,1.71185,1.71517,23793,13,0
2025-03-10 16:00:00,1.7151800000000001,1.72278,1.71503,1.72256,24067,13,0
2025-03-10 20:00:00,1.7225899999999998,1.7275,1.7224300000000001,1.72477,13693,19,0
2025-03-11 00:00:00,1.7252800000000001,1.73282,1.7250299999999998,1.73075,14767,28,0
2025-03-11 04:00:00,1.73072,1.73115,1.72652,1.72915,16237,28,0
2025-03-11 08:00:00,1.72916,1.73556,1.72906,1.73388,23558,14,0
2025-03-11 12:00:00,1.7339,1.73706,1.73177,1.73483,21742,14,0
2025-03-11 16:00:00,1.7348,1.7418900000000002,1.73282,1.7391999999999999,27351,14,0
2025-03-11 20:00:00,1.73919,1.7396,1.7316500000000001,1.73268,16707,19,0
2025-03-12 00:00:00,1.73285,1.73488,1.73214,1.73338,11605,28,0
2025-03-12 04:00:00,1.73338,1.73438,1.73201,1.73259,13347,28,0
2025-03-12 08:00:00,1.7325599999999999,1.7365,1.7323499999999998,1.73562,21145,14,0
2025-03-12 12:00:00,1.7356099999999999,1.73661,1.72824,1.7303199999999999,24601,14,0
2025-03-12 16:00:00,1.73034,1.73453,1.72627,1.72884,22866,14,0
2025-03-12 20:00:00,1.72881,1.72885,1.7206000000000001,1.72136,11522,19,0
2025-03-13 00:00:00,1.72217,1.7225700000000002,1.71864,1.72214,9554,4,0
2025-03-13 04:00:00,1.72213,1.72692,1.7216200000000002,1.72608,12660,28,0
2025-03-13 08:00:00,1.7260900000000001,1.73035,1.72546,1.72946,20907,14,0
2025-03-13 12:00:00,1.7295,1.7301199999999999,1.72411,1.7277,23647,14,0
2025-03-13 16:00:00,1.72771,1.73061,1.7247599999999998,1.7292100000000001,23633,14,0
2025-03-13 20:00:00,1.7292399999999999,1.7293500000000002,1.7232699999999999,1.7266599999999999,11204,19,0
2025-03-14 00:00:00,1.7268599999999998,1.72812,1.72319,1.72396,11238,28,0
2025-03-14 04:00:00,1.72397,1.72534,1.72204,1.72359,15309,28,0
2025-03-14 08:00:00,1.72357,1.7236099999999999,1.7181199999999999,1.72206,18436,14,0
2025-03-14 12:00:00,1.72195,1.72973,1.72021,1.72061,23811,13,0
2025-03-14 16:00:00,1.72102,1.7231,1.71921,1.72122,20326,13,0
2025-03-14 20:00:00,1.72119,1.72152,1.7176399999999998,1.7181199999999999,7595,19,0
2025-03-17 00:00:00,1.71872,1.72041,1.7172100000000001,1.71831,11377,27,0
2025-03-17 04:00:00,1.71827,1.7207599999999998,1.71793,1.7187299999999999,9922,27,0
2025-03-17 08:00:00,1.71875,1.71996,1.71487,1.7173,16367,14,0
2025-03-17 12:00:00,1.71727,1.71836,1.7142,1.7155200000000002,18356,13,0
2025-03-17 16:00:00,1.71553,1.71651,1.70858,1.7092399999999999,17648,13,0
2025-03-17 20:00:00,1.70923,1.71119,1.7084700000000002,1.71056,8655,18,0
2025-03-18 00:00:00,1.71034,1.7111100000000001,1.70852,1.7098499999999999,8792,27,0
2025-03-18 04:00:00,1.70983,1.71313,1.70964,1.71157,9236,27,0
2025-03-18 08:00:00,1.71156,1.71619,1.7109100000000002,1.7161499999999998,14545,14,0
2025-03-18 12:00:00,1.71617,1.71691,1.71196,1.7155200000000002,17090,13,0
2025-03-18 16:00:00,1.7155399999999998,1.7219,1.71533,1.72104,18873,13,0
2025-03-18 20:00:00,1.72105,1.7220499999999999,1.7187299999999999,1.7204199999999998,7917,18,0
2025-03-19 00:00:00,1.72046,1.7205599999999999,1.71774,1.7192699999999999,7346,27,0
2025-03-19 04:00:00,1.71925,1.7202199999999999,1.7186599999999999,1.71924,8960,27,0
2025-03-19 08:00:00,1.71925,1.72404,1.71637,1.7217500000000001,17746,14,0
2025-03-19 12:00:00,1.72177,1.7231999999999998,1.72052,1.72207,16925,13,0
2025-03-19 16:00:00,1.72202,1.72251,1.71747,1.7186,15931,13,0
2025-03-19 20:00:00,1.71849,1.71942,1.71374,1.71486,17043,18,0
2025-03-20 00:00:00,1.71485,1.72308,1.71401,1.72136,11475,27,0
2025-03-20 04:00:00,1.7214,1.7221,1.71756,1.71876,11858,27,0
2025-03-20 08:00:00,1.7187700000000001,1.7248999999999999,1.71835,1.7241300000000002,17882,14,0
2025-03-20 12:00:00,1.72418,1.72683,1.72262,1.72348,20049,14,0
2025-03-20 16:00:00,1.72337,1.7244199999999998,1.72077,1.72265,17214,14,0
2025-03-20 20:00:00,1.72264,1.72282,1.71947,1.7223600000000001,7232,19,0
2025-03-21 00:00:00,1.72226,1.72349,1.721,1.7226,8668,28,0
2025-03-21 04:00:00,1.72261,1.72377,1.72078,1.72167,10557,28,0
2025-03-21 08:00:00,1.72165,1.72317,1.71963,1.72244,15042,14,0
2025-03-21 12:00:00,1.7224599999999999,1.7268400000000002,1.72188,1.7261,17352,14,0
2025-03-21 16:00:00,1.72606,1.72715,1.72288,1.7246299999999999,18104,14,0
2025-03-21 20:00:00,1.72462,1.72523,1.722,1.7221199999999999,6549,19,0
2025-03-24 00:00:00,1.72401,1.72409,1.7206700000000001,1.72268,12451,28,0
2025-03-24 04:00:00,1.7227000000000001,1.7248,1.72218,1.72404,11470,28,0
2025-03-24 08:00:00,1.724,1.72445,1.72039,1.72127,16966,14,0
2025-03-24 12:00:00,1.72136,1.7231999999999998,1.71804,1.71834,17246,14,0
2025-03-24 16:00:00,1.7183000000000002,1.72093,1.7162600000000001,1.7194099999999999,20574,52,0
2025-03-24 20:00:00,1.7194,1.72132,1.71644,1.71746,9428,50,0
2025-03-25 00:00:00,1.7179,1.7190699999999999,1.7161499999999998,1.71727,9002,54,0
2025-03-25 04:00:00,1.71727,1.71871,1.71664,1.71689,10230,54,0
2025-03-25 08:00:00,1.71689,1.71791,1.7143899999999999,1.71462,18127,51,0
2025-03-25 12:00:00,1.7146,1.71548,1.71109,1.7113800000000001,20013,51,0
2025-03-25 16:00:00,1.71133,1.71472,1.71108,1.71387,19828,52,0
2025-03-25 20:00:00,1.71387,1.71462,1.7079,1.7106400000000002,9500,52,0
2025-03-26 00:00:00,1.7111,1.71644,1.71002,1.7124899999999998,11556,54,0
2025-03-26 04:00:00,1.7124700000000002,1.71343,1.7075399999999998,1.70842,11544,53,0
2025-03-26 08:00:00,1.70839,1.70862,1.7057099999999998,1.70694,18984,51,0
2025-03-26 12:00:00,1.70696,1.70851,1.7046999999999999,1.70823,19472,51,0
2025-03-26 16:00:00,1.7083,1.7115200000000002,1.7073399999999999,1.70943,22181,52,0
2025-03-26 20:00:00,1.70946,1.7105299999999999,1.705,1.7050999999999998,11331,4,0
2025-03-27 00:00:00,1.70557,1.71056,1.70538,1.70987,13592,54,0
2025-03-27 04:00:00,1.7098900000000001,1.7101899999999999,1.7063899999999999,1.70824,10939,53,0
2025-03-27 08:00:00,1.7082600000000001,1.7086299999999999,1.70506,1.70744,21634,51,0
2025-03-27 12:00:00,1.7074500000000001,1.71334,1.70696,1.7104300000000001,20872,51,0
2025-03-27 16:00:00,1.71045,1.71381,1.70975,1.71232,22684,52,0
2025-03-27 20:00:00,1.7123,1.713,1.71063,1.71232,8898,52,0
2025-03-28 00:00:00,1.7128,1.71555,1.71255,1.71512,8623,53,0
2025-03-28 04:00:00,1.71513,1.7180900000000001,1.7142,1.71619,10132,54,0
2025-03-28 08:00:00,1.71619,1.7162,1.71018,1.7111399999999999,16968,51,0
2025-03-28 12:00:00,1.71115,1.71384,1.7102300000000001,1.7132,19673,51,0
2025-03-28 16:00:00,1.71327,1.72138,1.71314,1.7202600000000001,23461,52,0
2025-03-28 20:00:00,1.7202600000000001,1.72292,1.71959,1.72116,8893,52,0
2025-03-31 00:00:00,1.71908,1.72511,1.71908,1.7242600000000001,11538,54,0
2025-03-31 04:00:00,1.72423,1.7261199999999999,1.7208,1.72519,15039,54,0
2025-03-31 08:00:00,1.72519,1.73008,1.72251,1.7299799999999999,22897,51,0
2025-03-31 12:00:00,1.7299799999999999,1.7324000000000002,1.72919,1.7321900000000001,18455,51,0
2025-03-31 16:00:00,1.7321900000000001,1.7363,1.72926,1.7320600000000002,24466,52,0
2025-03-31 20:00:00,1.7320600000000002,1.7327599999999999,1.72918,1.7307000000000001,11788,52,0
2025-04-01 00:00:00,1.73081,1.73494,1.7299,1.7340900000000001,7701,54,0
2025-04-01 04:00:00,1.73415,1.73629,1.72654,1.7266,13581,54,0
2025-04-01 08:00:00,1.7266,1.73027,1.72581,1.7286000000000001,18547,51,0
2025-04-01 12:00:00,1.72857,1.7298499999999999,1.72389,1.7248299999999999,20403,51,0
2025-04-01 16:00:00,1.7248299999999999,1.72733,1.7189999999999999,1.7216,25606,52,0
2025-04-01 20:00:00,1.7216399999999998,1.72261,1.71707,1.71841,13016,52,0
2025-04-02 00:00:00,1.71917,1.7196799999999999,1.71567,1.71886,8010,52,0
2025-04-02 04:00:00,1.71889,1.71951,1.7128700000000001,1.7130800000000002,9867,54,0
2025-04-02 08:00:00,1.71302,1.7145899999999998,1.7111800000000001,1.7116799999999999,14813,51,0
2025-04-02 12:00:00,1.7116500000000001,1.71578,1.71092,1.71532,16880,51,0
2025-04-02 16:00:00,1.7153399999999999,1.72491,1.7151100000000001,1.7231100000000001,24030,52,0
2025-04-02 20:00:00,1.7231100000000001,1.72919,1.71696,1.72203,22704,52,0
2025-04-03 00:00:00,1.72206,1.7410999999999999,1.72,1.73715,29266,54,0
2025-04-03 04:00:00,1.73712,1.74074,1.7360799999999998,1.74058,24066,54,0
2025-04-03 08:00:00,1.74058,1.74264,1.7364199999999999,1.73724,32265,51,0
2025-04-03 12:00:00,1.73724,1.75268,1.73685,1.74167,36606,51,0
2025-04-03 16:00:00,1.74166,1.74542,1.73664,1.73815,38539,4,0
2025-04-03 20:00:00,1.73815,1.74586,1.73702,1.7457799999999999,19239,52,0
2025-04-04 00:00:00,1.7458200000000001,1.74951,1.74362,1.74847,13245,54,0
2025-04-04 04:00:00,1.7485,1.7792599999999998,1.74823,1.7784499999999999,23559,54,0
2025-04-04 08:00:00,1.77844,1.7789899999999998,1.7689300000000001,1.77157,32153,52,0
2025-04-04 12:00:00,1.7715999999999998,1.82568,1.76875,1.80152,49325,52,0
2025-04-04 16:00:00,1.80153,1.8289499999999999,1.79647,1.82586,52864,55,0
2025-04-04 20:00:00,1.82584,1.82725,1.80774,1.81326,35303,55,0
2025-04-07 00:00:00,1.8155999999999999,1.8418,1.8113299999999999,1.8273700000000002,36923,57,0
2025-04-07 04:00:00,1.82743,1.8298999999999999,1.81461,1.8260800000000001,34631,56,0
2025-04-07 08:00:00,1.8260800000000001,1.83623,1.8133,1.8312,46703,53,0
2025-04-07 12:00:00,1.83118,1.8332600000000001,1.8027600000000001,1.80434,47953,54,0
2025-04-07 16:00:00,1.80447,1.83768,1.78738,1.8371,56044,56,0
2025-04-07 20:00:00,1.8372000000000002,1.8372000000000002,1.81922,1.8222399999999999,35417,32,0
2025-04-08 00:00:00,1.82284,1.82501,1.81576,1.82483,15438,57,0
2025-04-08 04:00:00,1.82487,1.82982,1.81044,1.81101,25882,56,0
2025-04-08 08:00:00,1.81107,1.8154599999999999,1.8025,1.80325,35504,53,0
2025-04-08 12:00:00,1.80329,1.81186,1.80329,1.80674,35374,53,0
2025-04-08 16:00:00,1.80674,1.82672,1.79557,1.82654,44189,55,0
2025-04-08 20:00:00,1.82659,1.84195,1.82318,1.83816,36041,55,0
2025-04-09 00:00:00,1.83816,1.85537,1.83488,1.8477000000000001,20890,57,0
2025-04-09 04:00:00,1.8477000000000001,1.8545500000000001,1.83586,1.85191,36457,57,0
2025-04-09 08:00:00,1.8518400000000002,1.85507,1.82446,1.83465,46527,54,0
2025-04-09 12:00:00,1.8347,1.8441100000000001,1.82385,1.83737,44484,54,0
2025-04-09 16:00:00,1.83738,1.84348,1.82104,1.82883,40939,55,0
2025-04-09 20:00:00,1.82885,1.83152,1.77447,1.7782200000000001,45264,54,0
2025-04-10 00:00:00,1.77821,1.79335,1.77566,1.79269,20392,56,0
2025-04-10 04:00:00,1.79269,1.7949899999999999,1.7742200000000001,1.77534,27553,55,0
2025-04-10 08:00:00,1.77534,1.7996699999999999,1.7694800000000002,1.7934299999999999,35900,52,0
2025-04-10 12:00:00,1.79352,1.79855,1.7874400000000001,1.79491,37491,53,0
2025-04-10 16:00:00,1.79491,1.8143799999999999,1.7877,1.8062399999999998,48904,55,0
2025-04-10 20:00:00,1.80627,1.80835,1.79423,1.79855,38419,54,0
2025-04-11 00:00:00,1.7986,1.82955,1.7947600000000001,1.81969,26104,56,0
2025-04-11 04:00:00,1.81966,1.82751,1.80544,1.82718,36924,56,0
2025-04-11 08:00:00,1.8271899999999999,1.8446,1.81439,1.83734,43240,53,0
2025-04-11 12:00:00,1.83737,1.8375,1.8138999999999998,1.8199,41925,53,0
2025-04-11 16:00:00,1.8198699999999999,1.82672,1.8048600000000001,1.80743,47673,55,0
2025-04-11 20:00:00,1.80743,1.80971,1.7974700000000001,1.8035,27034,54,0
2025-04-14 00:00:00,1.79559,1.8066900000000001,1.7922799999999999,1.80618,21707,56,0
2025-04-14 04:00:00,1.80618,1.81111,1.80372,1.80517,26052,55,0
2025-04-14 08:00:00,1.80514,1.80849,1.79516,1.79674,30208,52,0
2025-04-14 12:00:00,1.7967499999999998,1.80517,1.7956699999999999,1.8006,28306,53,0
2025-04-14 16:00:00,1.80058,1.8020800000000001,1.79414,1.79584,37836,54,0
2025-04-14 20:00:00,1.79584,1.79638,1.7906499999999999,1.79304,20889,53,0
2025-04-15 00:00:00,1.79292,1.79649,1.78838,1.79006,12302,55,0
2025-04-15 04:00:00,1.79006,1.7903799999999999,1.7811,1.78274,19818,55,0
2025-04-15 08:00:00,1.78274,1.78851,1.7782900000000001,1.78654,28026,52,0
2025-04-15 12:00:00,1.78653,1.7879399999999999,1.77502,1.77528,25446,52,0
2025-04-15 16:00:00,1.77527,1.77964,1.7713100000000002,1.77446,32732,53,0
2025-04-15 20:00:00,1.77446,1.7786300000000002,1.7734100000000002,1.77733,16058,53,0
2025-04-16 00:00:00,1.7774100000000002,1.78711,1.77441,1.7861500000000001,14888,55,0
2025-04-16 04:00:00,1.78621,1.78837,1.78085,1.7858,20449,55,0
2025-04-16 08:00:00,1.78582,1.7941,1.77834,1.7852299999999999,30027,52,0
2025-04-16 12:00:00,1.7852299999999999,1.7868,1.78037,1.78393,28364,51,0
2025-04-16 16:00:00,1.78399,1.78603,1.7778100000000001,1.78155,29291,53,0
2025-04-16 20:00:00,1.7815699999999999,1.7922799999999999,1.77961,1.7881,24256,53,0
2025-04-17 00:00:00,1.7881399999999998,1.7894700000000001,1.78517,1.78668,13350,55,0
2025-04-17 04:00:00,1.78674,1.79298,1.78506,1.79223,19716,55,0
2025-04-17 08:00:00,1.79223,1.79371,1.78892,1.79035,23467,20,0
2025-04-17 12:00:00,1.79032,1.7906300000000002,1.7786,1.77929,24157,51,0
2025-04-17 16:00:00,1.77929,1.78443,1.7766199999999999,1.77731,31765,54,0
2025-04-17 20:00:00,1.77736,1.78026,1.77568,1.77848,16653,83,0
2025-04-18 00:00:00,1.77844,1.78148,1.77647,1.78034,13363,28,0
2025-04-18 04:00:00,1.78031,1.78609,1.77939,1.78119,52289,0,0
2025-04-18 08:00:00,1.7811599999999999,1.78501,1.77912,1.78485,44875,85,0
2025-04-18 12:00:00,1.7848600000000001,1.78578,1.78237,1.78529,55337,85,0
2025-04-18 16:00:00,1.78525,1.78823,1.7839,1.78701,40608,85,0
2025-04-18 20:00:00,1.78702,1.78707,1.7844,1.7852299999999999,31132,85,0
2025-04-21 00:00:00,1.78578,1.79538,1.7855400000000001,1.79511,18260,85,0
2025-04-21 04:00:00,1.79511,1.80114,1.7913700000000001,1.7942399999999998,20074,85,0
2025-04-21 08:00:00,1.7942200000000001,1.79841,1.79148,1.79725,20201,82,0
2025-04-21 12:00:00,1.79725,1.79936,1.79142,1.7946,19689,83,0
2025-04-21 16:00:00,1.79463,1.79547,1.7894,1.79428,24468,84,0
2025-04-21 20:00:00,1.79428,1.79816,1.79125,1.79393,16585,84,0
2025-04-22 00:00:00,1.79342,1.79619,1.79131,1.7924799999999999,12078,85,0
2025-04-22 04:00:00,1.79243,1.79496,1.78872,1.79222,19556,8,0
2025-04-22 08:00:00,1.79219,1.79562,1.7888199999999999,1.79413,27456,51,0
2025-04-22 12:00:00,1.79413,1.79755,1.79321,1.79441,23589,51,0
2025-04-22 16:00:00,1.7944499999999999,1.7980800000000001,1.7863,1.78722,27523,53,0
2025-04-22 20:00:00,1.7871899999999998,1.79574,1.7855699999999999,1.7925200000000001,17333,53,0
2025-04-23 00:00:00,1.79245,1.7941,1.77844,1.78209,23521,55,0
2025-04-23 04:00:00,1.78214,1.78526,1.77884,1.78097,20857,55,0
2025-04-23 08:00:00,1.78097,1.78194,1.77215,1.7798699999999998,26464,51,0
2025-04-23 12:00:00,1.77988,1.7834400000000001,1.77719,1.77737,21907,52,0
2025-04-23 16:00:00,1.77731,1.78583,1.7659,1.7803200000000001,38293,53,0
2025-04-23 20:00:00,1.78031,1.78216,1.77724,1.77826,18574,53,0
2025-04-24 00:00:00,1.7774999999999999,1.78262,1.77556,1.7818,12488,55,0
2025-04-24 04:00:00,1.78182,1.7865799999999998,1.78138,1.78285,15849,54,0
2025-04-24 08:00:00,1.78287,1.7866499999999998,1.78098,1.78441,22908,52,0
2025-04-24 12:00:00,1.78444,1.7849300000000001,1.77988,1.7824900000000001,20517,51,0
2025-04-24 16:00:00,1.7824900000000001,1.78325,1.77457,1.7759399999999999,26005,53,0
2025-04-24 20:00:00,1.7759200000000002,1.7781799999999999,1.77528,1.77611,13018,53,0
2025-04-25 00:00:00,1.77611,1.77671,1.7719200000000002,1.77198,9923,54,0
2025-04-25 04:00:00,1.772,1.7744900000000001,1.7647599999999999,1.76912,18169,54,0
2025-04-25 08:00:00,1.7691,1.77751,1.7682799999999999,1.77595,22552,51,0
2025-04-25 12:00:00,1.77595,1.78106,1.77589,1.7788,19799,52,0
2025-04-25 16:00:00,1.7788,1.7807,1.77498,1.77721,22558,53,0
2025-04-25 20:00:00,1.77724,1.7806600000000001,1.77319,1.77376,11585,53,0
2025-04-28 00:00:00,1.7776999999999998,1.7801200000000001,1.7712599999999998,1.77884,9384,54,0
2025-04-28 04:00:00,1.77887,1.78119,1.7749700000000002,1.77588,14852,54,0
2025-04-28 08:00:00,1.77582,1.78145,1.77408,1.77773,19437,51,0
2025-04-28 12:00:00,1.77773,1.7779500000000001,1.77278,1.77468,17783,51,0
2025-04-28 16:00:00,1.7747199999999999,1.77898,1.77078,1.77766,26375,53,0
2025-04-28 20:00:00,1.77769,1.77925,1.77379,1.7746499999999998,12380,53,0
2025-04-29 00:00:00,1.77459,1.7764199999999999,1.77308,1.77311,7814,55,0
2025-04-29 04:00:00,1.77309,1.77586,1.76974,1.77412,16849,55,0
2025-04-29 08:00:00,1.77412,1.7764199999999999,1.77213,1.77349,21361,51,0
2025-04-29 12:00:00,1.77351,1.77963,1.77333,1.7794400000000001,19856,51,0
2025-04-29 16:00:00,1.7794400000000001,1.78857,1.7786300000000002,1.7854100000000002,26717,30,0
2025-04-29 20:00:00,1.7854100000000002,1.78565,1.7813400000000001,1.78262,11964,53,0
2025-04-30 00:00:00,1.78286,1.78458,1.78054,1.78281,8926,55,0
2025-04-30 04:00:00,1.78281,1.7832599999999998,1.77287,1.7729300000000001,15496,55,0
2025-04-30 08:00:00,1.7729,1.78022,1.77202,1.77929,19071,52,0
2025-04-30 12:00:00,1.77927,1.7866300000000002,1.77588,1.7845499999999999,21685,51,0
2025-04-30 16:00:00,1.78444,1.7879800000000001,1.77043,1.77535,31024,54,0
2025-04-30 20:00:00,1.7753700000000001,1.7763499999999999,1.7665600000000001,1.76877,15692,46,0
2025-05-01 00:00:00,1.76817,1.77074,1.7646600000000001,1.7650700000000001,8932,54,0
2025-05-01 04:00:00,1.76505,1.76735,1.75953,1.76543,14174,54,0
2025-05-01 08:00:00,1.76543,1.77378,1.76427,1.7720099999999999,19759,51,0
2025-05-01 12:00:00,1.7720500000000001,1.77498,1.77017,1.77145,18735,51,0
2025-05-01 16:00:00,1.77149,1.77362,1.76552,1.77152,25819,53,0
2025-05-01 20:00:00,1.77152,1.77162,1.76631,1.76766,12352,52,0
2025-05-02 00:00:00,1.7677800000000001,1.77,1.75914,1.76098,10935,54,0
2025-05-02 04:00:00,1.76092,1.76556,1.7604899999999999,1.7624300000000002,17103,54,0
2025-05-02 08:00:00,1.7624300000000002,1.76694,1.7623199999999999,1.76493,20488,51,0
2025-05-02 12:00:00,1.7650000000000001,1.76532,1.75507,1.75586,23403,51,0
2025-05-02 16:00:00,1.75586,1.76154,1.75365,1.75502,32424,52,0
2025-05-02 20:00:00,1.75502,1.75606,1.7490999999999999,1.75156,15533,53,0
2025-05-05 00:00:00,1.74962,1.75844,1.74802,1.7563499999999999,10181,54,0
2025-05-05 04:00:00,1.75636,1.75658,1.749,1.7524600000000001,15603,54,0
2025-05-05 08:00:00,1.7524600000000001,1.75247,1.74617,1.7481499999999999,20686,50,0
2025-05-05 12:00:00,1.74817,1.75114,1.74596,1.75082,19331,51,0
2025-05-05 16:00:00,1.75082,1.75292,1.74691,1.74814,22596,52,0
2025-05-05 20:00:00,1.7481200000000001,1.74962,1.74756,1.74854,10457,52,0
2025-05-06 00:00:00,1.74882,1.7507700000000002,1.7473,1.7499,7427,54,0
2025-05-06 04:00:00,1.74993,1.75285,1.74821,1.75021,15895,54,0
2025-05-06 08:00:00,1.75021,1.7570700000000001,1.7501,1.75521,22184,51,0
2025-05-06 12:00:00,1.75518,1.75733,1.75166,1.75278,19893,51,0
2025-05-06 16:00:00,1.7528000000000001,1.75453,1.74617,1.74916,23352,52,0
2025-05-06 20:00:00,1.7490700000000001,1.75218,1.7485,1.7498,13503,52,0
2025-05-07 00:00:00,1.74979,1.75118,1.73828,1.74441,16124,54,0
2025-05-07 04:00:00,1.74445,1.7511100000000002,1.7417799999999999,1.7503,19602,53,0
2025-05-07 08:00:00,1.7503,1.7555399999999999,1.74969,1.7546,21553,50,0
2025-05-07 12:00:00,1.75458,1.75625,1.75376,1.75561,17991,50,0
2025-05-07 16:00:00,1.75559,1.7584499999999998,1.7552400000000001,1.75579,20462,53,0
2025-05-07 20:00:00,1.7557800000000001,1.7620200000000001,1.755,1.75813,24068,52,0
2025-05-08 00:00:00,1.7583,1.75987,1.7545199999999999,1.7554699999999999,8960,54,0
2025-05-08 04:00:00,1.7554699999999999,1.75604,1.75274,1.75386,16736,54,0
2025-05-08 08:00:00,1.75389,1.76101,1.75347,1.75963,24759,51,0
2025-05-08 12:00:00,1.7596,1.76268,1.75667,1.76038,22674,51,0
2025-05-08 16:00:00,1.7603900000000001,1.76054,1.75021,1.7507899999999998,29356,52,0
2025-05-08 20:00:00,1.7507700000000002,1.7549299999999999,1.75046,1.75331,13032,52,0
2025-05-09 00:00:00,1.75265,1.7566000000000002,1.74976,1.7566000000000002,8921,54,0
2025-05-09 04:00:00,1.75657,1.7574999999999998,1.7512400000000001,1.75148,17296,54,0
2025-05-09 08:00:00,1.75148,1.7578200000000002,1.75148,1.7562799999999998,19165,51,0
2025-05-09 12:00:00,1.7562799999999998,1.7582499999999999,1.75503,1.7557800000000001,17771,51,0
2025-05-09 16:00:00,1.7557800000000001,1.75697,1.75196,1.7549700000000001,20539,52,0
2025-05-09 20:00:00,1.7549700000000001,1.7556500000000002,1.752,1.75266,8603,52,0
2025-05-12 00:00:00,1.7446000000000002,1.75129,1.74065,1.74989,12843,54,0
2025-05-12 04:00:00,1.74989,1.75067,1.7452100000000002,1.74577,16739,54,0
2025-05-12 08:00:00,1.74577,1.74577,1.73092,1.73724,31294,51,0
2025-05-12 12:00:00,1.73723,1.7413699999999999,1.73396,1.7397,27513,51,0
2025-05-12 16:00:00,1.73968,1.74597,1.73844,1.74142,26979,29,0
2025-05-12 20:00:00,1.74142,1.74224,1.73824,1.73837,12254,52,0
2025-05-13 00:00:00,1.73841,1.74468,1.73828,1.74451,8546,54,0
2025-05-13 04:00:00,1.74451,1.745,1.73248,1.7334100000000001,16372,54,0
2025-05-13 08:00:00,1.73345,1.73533,1.73108,1.73429,22242,51,0
2025-05-13 12:00:00,1.73435,1.73478,1.7300200000000001,1.73079,20329,51,0
2025-05-13 16:00:00,1.73079,1.73467,1.72536,1.72613,26233,16,0
2025-05-13 20:00:00,1.7261199999999999,1.729,1.72499,1.7280600000000002,9958,28,0
2025-05-14 00:00:00,1.7277900000000002,1.72959,1.7260499999999999,1.7288299999999999,7542,53,0
2025-05-14 04:00:00,1.7288299999999999,1.7295,1.72452,1.72877,16560,53,0
2025-05-14 08:00:00,1.72877,1.73221,1.72624,1.7311100000000001,23919,51,0
2025-05-14 12:00:00,1.7311100000000001,1.73641,1.73042,1.73549,24566,51,0
2025-05-14 16:00:00,1.73549,1.74002,1.7348599999999998,1.73862,26880,53,0
2025-05-14 20:00:00,1.73862,1.7393800000000001,1.7360600000000002,1.7375,13192,52,0
2025-05-15 00:00:00,1.7375500000000001,1.7413699999999999,1.7337799999999999,1.73937,8330,54,0
2025-05-15 04:00:00,1.73943,1.74052,1.7336399999999998,1.74007,15151,54,0
2025-05-15 08:00:00,1.74,1.74607,1.7388599999999999,1.7455,21294,51,0
2025-05-15 12:00:00,1.74549,1.74905,1.7444,1.7469000000000001,19925,51,0
2025-05-15 16:00:00,1.74692,1.74922,1.74516,1.7458200000000001,24161,54,0
2025-05-15 20:00:00,1.74579,1.74634,1.74377,1.7455,11273,36,0
2025-05-16 00:00:00,1.74553,1.75163,1.74431,1.75091,8382,56,0
2025-05-16 04:00:00,1.75089,1.75118,1.7414,1.74321,13946,54,0
2025-05-16 08:00:00,1.7432699999999999,1.74601,1.74166,1.7420499999999999,18174,51,0
2025-05-16 12:00:00,1.74207,1.74654,1.74195,1.7454,17129,51,0
2025-05-16 16:00:00,1.7453699999999999,1.74664,1.7404899999999999,1.74132,20857,53,0
2025-05-16 20:00:00,1.74132,1.74194,1.7385199999999998,1.7412999999999998,9813,52,0
2025-05-19 00:00:00,1.7417099999999999,1.7467899999999998,1.74169,1.7454,10071,54,0
2025-05-19 04:00:00,1.7454,1.74633,1.7417799999999999,1.74549,14649,54,0
2025-05-19 08:00:00,1.74551,1.75169,1.74489,1.74943,21238,51,0
2025-05-19 12:00:00,1.7493699999999999,1.75087,1.7466300000000001,1.74783,21992,51,0
2025-05-19 16:00:00,1.7478500000000001,1.7488299999999999,1.7393,1.74004,22182,52,0
2025-05-19 20:00:00,1.74004,1.74167,1.73862,1.7396500000000001,9191,52,0
2025-05-20 00:00:00,1.73962,1.74143,1.7384300000000001,1.74138,6225,54,0
2025-05-20 04:00:00,1.74139,1.75092,1.7412999999999998,1.74952,14206,53,0
2025-05-20 08:00:00,1.7495,1.7555,1.74776,1.75376,22277,51,0
2025-05-20 12:00:00,1.75373,1.75661,1.7523,1.7558799999999999,17138,16,0
2025-05-20 16:00:00,1.75583,1.76041,1.75301,1.75387,21746,52,0
2025-05-20 20:00:00,1.75385,1.75797,1.75305,1.75596,10326,52,0
2025-05-21 00:00:00,1.7555,1.7575699999999999,1.7538200000000002,1.7539799999999999,8416,54,0
2025-05-21 04:00:00,1.7539799999999999,1.75873,1.7534100000000001,1.75576,16240,54,0
2025-05-21 08:00:00,1.7558099999999999,1.7591,1.75496,1.75794,22390,51,0
2025-05-21 12:00:00,1.75793,1.7621099999999998,1.7546300000000001,1.75831,21475,51,0
2025-05-21 16:00:00,1.7582900000000001,1.7593800000000002,1.7529,1.7541,23436,52,0
2025-05-21 20:00:00,1.75407,1.76112,1.75385,1.7595399999999999,16268,52,0
2025-05-22 00:00:00,1.7593299999999998,1.7614800000000002,1.75719,1.75867,11007,54,0
2025-05-22 04:00:00,1.75867,1.7633,1.7559,1.75634,15648,54,0
2025-05-22 08:00:00,1.75631,1.7601,1.75354,1.75548,22597,51,0
2025-05-22 12:00:00,1.7554400000000001,1.76181,1.75543,1.7585,22108,51,0
2025-05-22 16:00:00,1.7585199999999999,1.76142,1.7574100000000001,1.75779,25194,52,0
2025-05-22 20:00:00,1.7578200000000002,1.76056,1.75618,1.75899,10621,52,0
2025-05-23 00:00:00,1.75781,1.76092,1.7545899999999999,1.75987,7474,54,0
2025-05-23 04:00:00,1.75989,1.76045,1.75686,1.7586300000000001,12432,54,0
2025-05-23 08:00:00,1.75865,1.7600099999999999,1.75589,1.75716,18098,51,0
2025-05-23 12:00:00,1.75716,1.76011,1.7538200000000002,1.75444,27651,51,0
2025-05-23 16:00:00,1.75441,1.7568700000000002,1.74912,1.75041,25766,52,0
2025-05-23 20:00:00,1.75041,1.75041,1.7463600000000001,1.7465000000000002,11274,21,0
2025-05-26 00:00:00,1.7508599999999999,1.75171,1.74745,1.75171,11708,54,0
2025-05-26 04:00:00,1.75171,1.7521,1.74615,1.7492299999999998,15577,53,0
2025-05-26 08:00:00,1.7492299999999998,1.7500200000000001,1.74722,1.7479,16985,51,0
2025-05-26 12:00:00,1.74791,1.7496800000000001,1.74719,1.74904,11601,16,0
2025-05-26 16:00:00,1.7489400000000002,1.7538399999999998,1.74881,1.75374,5243,52,0
2025-05-26 20:00:00,1.75363,1.75546,1.75327,1.75458,3781,52,0
2025-05-27 00:00:00,1.7535500000000002,1.75804,1.75,1.75561,8126,54,0
2025-05-27 04:00:00,1.75561,1.7593800000000002,1.75541,1.7579099999999999,12795,53,0
2025-05-27 08:00:00,1.7579099999999999,1.76016,1.75487,1.7594699999999999,19691,0,0
2025-05-27 12:00:00,1.75946,1.76248,1.75805,1.7604899999999999,18295,51,0
2025-05-27 16:00:00,1.7604899999999999,1.76219,1.75773,1.75854,20565,52,0
2025-05-27 20:00:00,1.7585199999999999,1.75972,1.75638,1.75778,8492,52,0
2025-05-28 00:00:00,1.75816,1.75871,1.75489,1.75739,6801,54,0
2025-05-28 04:00:00,1.7573699999999999,1.76082,1.75417,1.75907,17512,54,0
2025-05-28 08:00:00,1.75907,1.75943,1.75546,1.75747,18740,51,0
2025-05-28 12:00:00,1.75745,1.7616399999999999,1.7572100000000002,1.76109,17157,51,0
2025-05-28 16:00:00,1.76109,1.76345,1.7579099999999999,1.7583,22770,52,0
2025-05-28 20:00:00,1.75828,1.75837,1.75485,1.7564,10269,52,0
2025-05-29 00:00:00,1.75712,1.75783,1.7470400000000001,1.7495699999999998,16194,54,0
2025-05-29 04:00:00,1.74956,1.75447,1.74861,1.74891,17196,54,0
2025-05-29 08:00:00,1.74892,1.7532100000000002,1.74775,1.75094,20988,51,0
2025-05-29 12:00:00,1.75094,1.7578,1.74951,1.75763,20313,51,0
2025-05-29 16:00:00,1.75763,1.76511,1.75683,1.7631700000000001,24964,52,0
2025-05-29 20:00:00,1.7631700000000001,1.7646199999999999,1.76196,1.7640099999999999,10214,52,0
2025-05-30 00:00:00,1.7647,1.76655,1.76071,1.76387,10054,53,0
2025-05-30 04:00:00,1.7638,1.76843,1.76291,1.76423,16683,29,0
2025-05-30 08:00:00,1.76423,1.76804,1.76167,1.7648899999999998,19653,50,0
2025-05-30 12:00:00,1.7648899999999998,1.7696,1.76275,1.76628,20803,17,0
2025-05-30 16:00:00,1.76631,1.76719,1.76144,1.7663799999999998,27956,52,0
2025-05-30 20:00:00,1.7664499999999999,1.7666300000000001,1.7608899999999998,1.76173,12640,21,0
2025-06-02 00:00:00,1.7637,1.76404,1.76011,1.7606000000000002,9220,55,0
2025-06-02 04:00:00,1.7606000000000002,1.7618399999999999,1.7576800000000001,1.76031,13974,54,0
2025-06-02 08:00:00,1.76033,1.76289,1.75983,1.76262,21007,51,0
2025-06-02 12:00:00,1.76264,1.76393,1.75949,1.7596,19668,50,0
2025-06-02 16:00:00,1.7596,1.76521,1.75877,1.7601499999999999,24787,52,0
2025-06-02 20:00:00,1.76011,1.7622200000000001,1.75901,1.7607300000000001,10912,52,0
2025-06-03 00:00:00,1.76067,1.76388,1.7584,1.762,7700,54,0
2025-06-03 04:00:00,1.7619500000000001,1.7669700000000002,1.76102,1.7665,15514,54,0
2025-06-03 08:00:00,1.7665199999999999,1.77057,1.76567,1.7675,20116,51,0
2025-06-03 12:00:00,1.76746,1.76766,1.76264,1.7637,19092,51,0
2025-06-03 16:00:00,1.76366,1.76424,1.75942,1.76038,22415,52,0
2025-06-03 20:00:00,1.76043,1.76054,1.75705,1.75919,8664,52,0
2025-06-04 00:00:00,1.75921,1.76237,1.7572100000000002,1.76152,7791,49,0
2025-06-04 04:00:00,1.76153,1.76368,1.75686,1.76031,15455,54,0
2025-06-04 08:00:00,1.76034,1.76234,1.75853,1.7604,19300,51,0
2025-06-04 12:00:00,1.7604,1.76041,1.75406,1.75704,19196,51,0
2025-06-04 16:00:00,1.75704,1.76044,1.7549299999999999,1.75773,22790,52,0
2025-06-04 20:00:00,1.7577500000000001,1.7583199999999999,1.75658,1.7576,10363,52,0
2025-06-05 00:00:00,1.75668,1.75991,1.75523,1.7577099999999999,8235,54,0
2025-06-05 04:00:00,1.7577099999999999,1.75932,1.7559200000000001,1.7571400000000001,15613,54,0
2025-06-05 08:00:00,1.75717,1.7583,1.75412,1.7542900000000001,17229,51,0
2025-06-05 12:00:00,1.75419,1.75636,1.75195,1.7534,21083,16,0
2025-06-05 16:00:00,1.7534,1.76031,1.75214,1.7572,29916,53,0
2025-06-05 20:00:00,1.75717,1.7590599999999998,1.75481,1.75867,12513,52,0
2025-06-06 00:00:00,1.7587000000000002,1.75984,1.75532,1.75873,7353,54,0
2025-06-06 04:00:00,1.75877,1.76106,1.75763,1.75878,13023,53,0
2025-06-06 08:00:00,1.75878,1.76075,1.75665,1.75869,17404,51,0
2025-06-06 12:00:00,1.75869,1.75966,1.75379,1.75515,20217,51,0
2025-06-06 16:00:00,1.7551700000000001,1.7566899999999999,1.75354,1.7547700000000002,27732,52,0
2025-06-06 20:00:00,1.75471,1.75514,1.75285,1.75338,10901,21,0
2025-06-09 00:00:00,1.75331,1.75548,1.75153,1.75291,6831,53,0
2025-06-09 04:00:00,1.75291,1.7541099999999998,1.75164,1.7525300000000001,11974,53,0
2025-06-09 08:00:00,1.75255,1.7542,1.74901,1.75062,15331,50,0
2025-06-09 12:00:00,1.75062,1.75162,1.74916,1.7502,15556,50,0
2025-06-09 16:00:00,1.7502,1.75139,1.7489,1.75128,16824,51,0
2025-06-09 20:00:00,1.7512699999999999,1.7529,1.75064,1.75206,8224,51,0
2025-06-10 00:00:00,1.7517800000000001,1.75346,1.7500900000000001,1.75255,7185,53,0
2025-06-10 04:00:00,1.75254,1.75258,1.74593,1.74786,15953,53,0
2025-06-10 08:00:00,1.74783,1.7548599999999999,1.74715,1.75092,23813,50,0
2025-06-10 12:00:00,1.75092,1.75426,1.75064,1.75407,19226,50,0
2025-06-10 16:00:00,1.754,1.75404,1.74954,1.75149,19193,52,0
2025-06-10 20:00:00,1.7515800000000001,1.7526199999999998,1.74983,1.75078,9809,52,0
2025-06-11 00:00:00,1.75103,1.75367,1.7487300000000001,1.75308,10129,53,0
2025-06-11 04:00:00,1.75308,1.75621,1.75137,1.75298,12673,53,0
2025-06-11 08:00:00,1.75298,1.7565,1.75099,1.75564,17250,50,0
2025-06-11 12:00:00,1.75563,1.7587899999999999,1.7532999999999999,1.75505,21842,51,0
2025-06-11 16:00:00,1.75508,1.7628,1.75467,1.7614100000000001,23082,52,0
2025-06-11 20:00:00,1.7614100000000001,1.76753,1.76029,1.76658,11815,52,0
2025-06-12 00:00:00,1.76655,1.7718,1.76248,1.7712599999999998,9755,54,0
2025-06-12 04:00:00,1.7712599999999998,1.7762,1.7699099999999999,1.77277,16501,54,0
2025-06-12 08:00:00,1.7727300000000001,1.77862,1.77069,1.77534,21463,51,0
2025-06-12 12:00:00,1.77534,1.783,1.77502,1.77848,25700,51,0
2025-06-12 16:00:00,1.7784499999999999,1.77963,1.77224,1.7731,24769,52,0
2025-06-12 20:00:00,1.77309,1.77394,1.77198,1.77224,9338,52,0
2025-06-13 00:00:00,1.77224,1.78517,1.7701799999999999,1.7843,15433,54,0
2025-06-13 04:00:00,1.78434,1.78799,1.7782499999999999,1.78112,25603,54,0
2025-06-13 08:00:00,1.78112,1.78372,1.7759200000000002,1.77622,26682,51,0
2025-06-13 12:00:00,1.77625,1.7795800000000002,1.77466,1.7772000000000001,24114,16,0
2025-06-13 16:00:00,1.77721,1.7788300000000001,1.77333,1.77378,22409,52,0
2025-06-13 20:00:00,1.7737500000000002,1.77931,1.77337,1.7777500000000002,13464,52,0
2025-06-16 00:00:00,1.77869,1.7794699999999999,1.7741500000000001,1.77688,15793,54,0
2025-06-16 04:00:00,1.77681,1.78201,1.77675,1.77966,16470,54,0
2025-06-16 08:00:00,1.77968,1.77999,1.7772000000000001,1.7776100000000001,21040,51,0
2025-06-16 12:00:00,1.7776,1.77866,1.7728199999999998,1.77443,18784,51,0
2025-06-16 16:00:00,1.7744,1.7765900000000001,1.76857,1.7694800000000002,23416,52,0
2025-06-16 20:00:00,1.7694800000000002,1.77176,1.76874,1.77129,10496,52,0
2025-06-17 00:00:00,1.77101,1.77536,1.7692999999999999,1.77283,10739,54,0
2025-06-17 04:00:00,1.77284,1.77457,1.76849,1.76877,16298,54,0
2025-06-17 08:00:00,1.76881,1.76996,1.76607,1.7676500000000002,20174,51,0
2025-06-17 12:00:00,1.76766,1.77188,1.7663799999999998,1.77068,19846,50,0
2025-06-17 16:00:00,1.77068,1.7720099999999999,1.7675999999999998,1.77103,25434,52,0
2025-06-17 20:00:00,1.77104,1.77488,1.76994,1.77247,17197,52,0
2025-06-18 00:00:00,1.77096,1.774,1.76958,1.77251,8956,54,0
2025-06-18 04:00:00,1.77251,1.77346,1.7684199999999999,1.76868,13480,53,0
2025-06-18 08:00:00,1.7687,1.77213,1.76748,1.7698800000000001,18754,51,0
2025-06-18 12:00:00,1.7698800000000001,1.77145,1.76905,1.77003,18402,51,0
2025-06-18 16:00:00,1.76999,1.7704,1.76459,1.76542,23724,52,0
2025-06-18 20:00:00,1.76542,1.7660200000000001,1.76212,1.763,23211,52,0
2025-06-19 00:00:00,1.7629299999999999,1.76688,1.7613400000000001,1.7665600000000001,8391,54,0
2025-06-19 04:00:00,1.76655,1.76999,1.76445,1.76725,16653,54,0
2025-06-19 08:00:00,1.76725,1.7737699999999998,1.7669899999999998,1.7721200000000001,21932,51,0
2025-06-19 12:00:00,1.77214,1.7765300000000002,1.77132,1.7757800000000001,17388,51,0
2025-06-19 16:00:00,1.7758,1.77862,1.7741,1.77518,15552,52,0
2025-06-19 20:00:00,1.7751700000000001,1.7752599999999998,1.77243,1.77243,7074,52,0
2025-06-20 00:00:00,1.77257,1.77617,1.77069,1.776,9759,54,0
2025-06-20 04:00:00,1.776,1.77866,1.77448,1.77532,16192,53,0
2025-06-20 08:00:00,1.7753100000000002,1.77835,1.7744,1.7758699999999998,18722,51,0
2025-06-20 12:00:00,1.77586,1.7767,1.77256,1.7737500000000002,17683,50,0
2025-06-20 16:00:00,1.7736800000000001,1.78598,1.77353,1.7858,22883,52,0
2025-06-20 20:00:00,1.7858100000000001,1.78779,1.7839,1.78431,11019,52,0
2025-06-23 00:00:00,1.7823,1.7877800000000001,1.77968,1.7847,15293,54,0
2025-06-23 04:00:00,1.78471,1.79599,1.78328,1.79379,19133,54,0
2025-06-23 08:00:00,1.79379,1.79679,1.7886600000000001,1.79311,23083,51,0
2025-06-23 12:00:00,1.79312,1.7987600000000001,1.79213,1.7939500000000002,23281,51,0
2025-06-23 16:00:00,1.7939500000000002,1.798,1.79196,1.79759,30545,53,0
2025-06-23 20:00:00,1.79757,1.79812,1.79037,1.79135,16612,52,0
2025-06-24 00:00:00,1.7913000000000001,1.79247,1.78834,1.78959,13721,3,0
2025-06-24 04:00:00,1.78958,1.79051,1.7861799999999999,1.78643,16747,54,0
2025-06-24 08:00:00,1.78653,1.78747,1.78164,1.7824200000000001,25646,51,0
2025-06-24 12:00:00,1.78239,1.7845900000000001,1.78088,1.78349,20367,51,0
2025-06-24 16:00:00,1.78346,1.78715,1.7826300000000002,1.78643,26787,52,0
2025-06-24 20:00:00,1.78646,1.78895,1.78586,1.78856,10731,21,0
2025-06-25 00:00:00,1.78856,1.78986,1.78637,1.78868,7678,54,0
2025-06-25 04:00:00,1.78868,1.78994,1.78524,1.7866499999999998,14706,54,0
2025-06-25 08:00:00,1.7866499999999998,1.78834,1.78341,1.78667,19112,51,0
2025-06-25 12:00:00,1.7866,1.78775,1.78484,1.78549,18009,51,0
2025-06-25 16:00:00,1.78552,1.79123,1.78514,1.7883900000000001,21765,52,0
2025-06-25 20:00:00,1.7883900000000001,1.79116,1.78792,1.7896,12636,52,0
2025-06-26 00:00:00,1.78973,1.79176,1.78796,1.79147,8336,54,0
2025-06-26 04:00:00,1.7915100000000002,1.79324,1.78926,1.79032,15615,54,0
2025-06-26 08:00:00,1.79028,1.79291,1.7881399999999998,1.79169,22666,51,0
2025-06-26 12:00:00,1.7917100000000001,1.7939699999999998,1.78868,1.78949,23742,50,0
2025-06-26 16:00:00,1.78949,1.79077,1.78566,1.78904,26950,52,0
2025-06-26 20:00:00,1.78901,1.78904,1.78515,1.78693,12290,52,0
2025-06-27 00:00:00,1.78674,1.78674,1.7828,1.78354,8952,53,0
2025-06-27 04:00:00,1.78348,1.78671,1.78312,1.78582,14321,53,0
2025-06-27 08:00:00,1.78583,1.78946,1.78502,1.78718,18531,50,0
2025-06-27 12:00:00,1.78718,1.79468,1.78689,1.7944200000000001,19586,50,0
2025-06-27 16:00:00,1.79443,1.79715,1.7926600000000001,1.79358,23518,52,0
2025-06-27 20:00:00,1.79358,1.79604,1.7916699999999999,1.79219,15038,52,0
2025-06-30 00:00:00,1.7933,1.7959,1.7910599999999999,1.7941799999999999,8835,54,0
2025-06-30 04:00:00,1.7941500000000001,1.7947899999999999,1.79181,1.7924799999999999,14153,54,0
2025-06-30 08:00:00,1.79253,1.79573,1.7896800000000002,1.7938399999999999,21071,50,0
2025-06-30 12:00:00,1.79383,1.79619,1.7924600000000002,1.79305,17299,51,0
2025-06-30 16:00:00,1.79305,1.79352,1.78908,1.78937,24339,52,0
2025-06-30 20:00:00,1.78938,1.79098,1.78857,1.79068,13029,52,0
2025-07-01 00:00:00,1.7907600000000001,1.79389,1.7882,1.79383,6895,53,0
2025-07-01 04:00:00,1.79386,1.7971300000000001,1.79265,1.79294,11465,53,0
2025-07-01 08:00:00,1.7928899999999999,1.79305,1.78827,1.79173,19465,50,0
2025-07-01 12:00:00,1.79162,1.7959100000000001,1.79157,1.79541,20587,50,0
2025-07-01 16:00:00,1.79541,1.7960500000000001,1.79044,1.79114,25891,52,0
2025-07-01 20:00:00,1.79114,1.79322,1.79114,1.79303,11040,52,0
2025-07-02 00:00:00,1.7927499999999998,1.7941,1.79189,1.79367,6426,53,0
2025-07-02 04:00:00,1.7936999999999999,1.7959399999999999,1.79184,1.79226,10947,53,0
2025-07-02 08:00:00,1.79224,1.79459,1.79127,1.79376,17328,50,0
2025-07-02 12:00:00,1.7937400000000001,1.7962500000000001,1.79098,1.7944,21878,50,0
2025-07-02 16:00:00,1.79436,1.79629,1.79182,1.79292,24125,52,0
2025-07-02 20:00:00,1.79291,1.79351,1.78928,1.79162,10189,52,0
2025-07-03 00:00:00,1.79175,1.79256,1.78933,1.7923499999999999,2917,54,0
2025-07-03 12:00:00,1.79237,1.79477,1.79036,1.79284,19226,51,0
2025-07-03 16:00:00,1.79278,1.7938,1.78723,1.78824,26244,52,0
2025-07-03 20:00:00,1.78818,1.78898,1.7873999999999999,1.7884799999999998,6950,52,0
2025-07-04 00:00:00,1.78852,1.79013,1.7865600000000001,1.7891,6121,3,0
2025-07-04 04:00:00,1.7891,1.78931,1.78887,1.7890899999999998,318,2,0
2025-07-04 08:00:00,1.79535,1.79708,1.7938800000000001,1.795,7525,51,0
2025-07-04 12:00:00,1.795,1.79622,1.79396,1.7959,15009,51,0
2025-07-04 16:00:00,1.79589,1.7989199999999999,1.79538,1.79712,13381,52,0
2025-07-04 20:00:00,1.79712,1.7984,1.79471,1.79471,27924,22,0
2025-07-07 00:00:00,1.7938,1.80192,1.7926199999999999,1.80097,7044,54,0
2025-07-07 04:00:00,1.80098,1.80915,1.8007499999999999,1.80871,13125,54,0
2025-07-07 08:00:00,1.80871,1.80952,1.80415,1.80593,19649,51,0
2025-07-07 12:00:00,1.8058800000000002,1.80743,1.80206,1.8025099999999998,17445,51,0
2025-07-07 16:00:00,1.8025,1.8045,1.80038,1.8013599999999999,21568,52,0
2025-07-07 20:00:00,1.80137,1.80402,1.79989,1.80329,15695,52,0
2025-07-08 00:00:00,1.80278,1.80559,1.80101,1.80287,7612,54,0
2025-07-08 04:00:00,1.8029,1.80402,1.79122,1.79493,13467,54,0
2025-07-08 08:00:00,1.79493,1.79843,1.79265,1.79575,21646,51,0
2025-07-08 12:00:00,1.79573,1.79665,1.79052,1.79121,18495,51,0
2025-07-08 16:00:00,1.7911899999999998,1.79572,1.79115,1.79412,24757,52,0
2025-07-08 20:00:00,1.7941,1.7962500000000001,1.7932000000000001,1.79496,14111,52,0
2025-07-09 00:00:00,1.7946499999999999,1.79712,1.79265,1.79611,6192,54,0
2025-07-09 04:00:00,1.79609,1.79762,1.79002,1.79175,13677,54,0
2025-07-09 08:00:00,1.79173,1.79529,1.7896800000000002,1.79342,19508,51,0
2025-07-09 12:00:00,1.7933400000000002,1.7953000000000001,1.79182,1.79285,17484,51,0
2025-07-09 16:00:00,1.7928600000000001,1.7938,1.78925,1.7913999999999999,20352,52,0
2025-07-09 20:00:00,1.79132,1.79319,1.78996,1.79256,10844,52,0
2025-07-10 00:00:00,1.7915299999999998,1.79626,1.7906900000000001,1.79439,6465,54,0
2025-07-10 04:00:00,1.7943799999999999,1.79496,1.7913999999999999,1.79274,9250,54,0
2025-07-10 08:00:00,1.79274,1.79356,1.7875999999999999,1.78827,14305,50,0
2025-07-10 12:00:00,1.78827,1.78852,1.78528,1.7866300000000002,14977,51,0
2025-07-10 16:00:00,1.78664,1.7873999999999999,1.7766899999999999,1.7772999999999999,22003,52,0
2025-07-10 20:00:00,1.77732,1.77763,1.77326,1.77555,9108,52,0
2025-07-11 00:00:00,1.77616,1.7812000000000001,1.77393,1.7774100000000002,10105,53,0
2025-07-11 04:00:00,1.7774,1.77884,1.7717100000000001,1.77528,15540,53,0
2025-07-11 08:00:00,1.77528,1.7775400000000001,1.77271,1.7771599999999999,18214,50,0
2025-07-11 12:00:00,1.7771599999999999,1.7781,1.77401,1.77617,18165,51,0
2025-07-11 16:00:00,1.7762099999999998,1.7794699999999999,1.77443,1.77675,22841,52,0
2025-07-11 20:00:00,1.77672,1.77739,1.7747199999999999,1.7753100000000002,11489,52,0
2025-07-14 00:00:00,1.77624,1.778,1.77372,1.7763900000000001,9673,53,0
2025-07-14 04:00:00,1.7764199999999999,1.78187,1.77584,1.77893,12263,53,0
2025-07-14 08:00:00,1.77896,1.77956,1.77633,1.77895,16812,50,0
2025-07-14 12:00:00,1.7789700000000002,1.78196,1.7783600000000002,1.78159,14538,50,0
2025-07-14 16:00:00,1.78159,1.78289,1.7795100000000001,1.78087,20068,53,0
2025-07-14 20:00:00,1.78087,1.78251,1.78044,1.78178,8595,52,0
2025-07-15 00:00:00,1.78015,1.78287,1.7792,1.78201,5993,54,0
2025-07-15 04:00:00,1.7820399999999998,1.78453,1.7804600000000002,1.78392,10263,54,0
2025-07-15 08:00:00,1.78391,1.78429,1.77851,1.7796699999999999,14527,50,0
2025-07-15 12:00:00,1.7797,1.77988,1.77562,1.7768199999999998,17173,50,0
2025-07-15 16:00:00,1.7768199999999998,1.7827600000000001,1.77503,1.78114,28294,52,0
2025-07-15 20:00:00,1.78117,1.78153,1.77919,1.7795800000000002,5872,2,0
2025-07-16 00:00:00,1.77939,1.7815699999999999,1.7768199999999998,1.7782499999999999,5894,54,0
2025-07-16 04:00:00,1.7782200000000001,1.78079,1.77756,1.7801900000000002,10162,54,0
2025-07-16 08:00:00,1.78017,1.78244,1.77923,1.7823099999999998,15600,50,0
2025-07-16 12:00:00,1.78225,1.78295,1.77793,1.77912,17539,16,0
2025-07-16 16:00:00,1.77915,1.78958,1.77674,1.78334,35670,53,0
2025-07-16 20:00:00,1.78331,1.7842,1.78138,1.78206,13906,52,0
2025-07-17 00:00:00,1.78117,1.78498,1.77904,1.78409,6704,54,0
2025-07-17 04:00:00,1.78402,1.7943799999999999,1.78217,1.7906,12644,54,0
2025-07-17 08:00:00,1.79062,1.79383,1.7884600000000002,1.7921,18075,51,0
2025-07-17 12:00:00,1.7921399999999998,1.79335,1.79014,1.79082,16346,51,0
2025-07-17 16:00:00,1.79085,1.7927,1.7869899999999999,1.7870599999999999,21152,54,0
2025-07-17 20:00:00,1.7870599999999999,1.78714,1.7852700000000001,1.7867,10466,52,0
2025-07-18 00:00:00,1.78671,1.78845,1.78569,1.78636,6917,54,0
2025-07-18 04:00:00,1.78633,1.78796,1.78559,1.78755,10193,54,0
2025-07-18 08:00:00,1.78757,1.78769,1.78472,1.7848199999999999,14210,51,0
2025-07-18 12:00:00,1.7848199999999999,1.78549,1.7831700000000001,1.78415,15634,51,0
2025-07-18 16:00:00,1.78415,1.7858800000000001,1.78296,1.78538,20421,52,0
2025-07-18 20:00:00,1.7852999999999999,1.78667,1.78362,1.78474,9610,52,0
2025-07-21 00:00:00,1.7856,1.78743,1.78114,1.7858,8463,30,0
2025-07-21 04:00:00,1.7858100000000001,1.78738,1.78468,1.78651,8674,54,0
2025-07-21 08:00:00,1.7864900000000001,1.78878,1.7850700000000002,1.78623,14719,51,0
2025-07-21 12:00:00,1.78623,1.7892700000000001,1.78619,1.78819,15253,51,0
2025-07-21 16:00:00,1.7882,1.79277,1.78763,1.79097,19140,52,0
2025-07-21 20:00:00,1.7909899999999999,1.79209,1.79026,1.79104,9176,52,0
2025-07-22 00:00:00,1.7910599999999999,1.7933400000000002,1.78869,1.7928600000000001,5038,54,0
2025-07-22 04:00:00,1.7928600000000001,1.7936800000000002,1.79096,1.7932000000000001,8741,54,0
2025-07-22 08:00:00,1.7932000000000001,1.7967,1.7929300000000001,1.79651,14041,51,0
2025-07-22 12:00:00,1.79653,1.79721,1.79013,1.7910599999999999,15550,51,0
2025-07-22 16:00:00,1.7910599999999999,1.7937699999999999,1.78776,1.79364,24593,52,0
2025-07-22 20:00:00,1.79364,1.79398,1.7913000000000001,1.7923499999999999,9969,52,0
2025-07-23 00:00:00,1.79227,1.79351,1.79016,1.7912400000000002,8435,30,0
2025-07-23 04:00:00,1.79129,1.79132,1.78647,1.78664,13185,54,0
2025-07-23 08:00:00,1.7866300000000002,1.78776,1.78163,1.78194,17395,51,0
2025-07-23 12:00:00,1.78193,1.78257,1.7764600000000002,1.77943,17036,51,0
2025-07-23 16:00:00,1.77943,1.78504,1.77799,1.78479,23376,52,0
2025-07-23 20:00:00,1.78479,1.7856800000000002,1.7806899999999999,1.78207,12974,52,0
2025-07-24 00:00:00,1.78227,1.78379,1.7812700000000001,1.7823600000000002,6085,30,0
2025-07-24 04:00:00,1.7823600000000002,1.78262,1.7784499999999999,1.77854,10694,53,0
2025-07-24 08:00:00,1.77851,1.7799,1.7752599999999998,1.77575,15207,50,0
2025-07-24 12:00:00,1.7757800000000001,1.77803,1.7747600000000001,1.77637,17818,50,0
2025-07-24 16:00:00,1.77636,1.7837100000000001,1.77576,1.78288,24466,52,0
2025-07-24 20:00:00,1.78288,1.78407,1.78088,1.78239,10495,52,0
2025-07-25 00:00:00,1.78281,1.78309,1.77584,1.78214,5990,54,0
2025-07-25 04:00:00,1.7821500000000001,1.78689,1.78187,1.78627,10857,54,0
2025-07-25 08:00:00,1.7862900000000002,1.78885,1.7841,1.7875299999999998,18197,51,0
2025-07-25 12:00:00,1.7875100000000002,1.7891,1.7842,1.78621,17175,16,0
2025-07-25 16:00:00,1.78626,1.78971,1.7854299999999999,1.78754,23632,16,0
2025-07-25 20:00:00,1.7875299999999998,1.78946,1.7863799999999999,1.7866900000000001,9304,52,0
2025-07-28 00:00:00,1.78648,1.7892700000000001,1.78571,1.78725,9139,54,0
2025-07-28 04:00:00,1.78722,1.7901500000000001,1.78647,1.78871,11958,53,0
2025-07-28 08:00:00,1.78868,1.7919,1.788,1.79024,19962,51,0
2025-07-28 12:00:00,1.79024,1.79081,1.78356,1.78391,21935,51,0
2025-07-28 16:00:00,1.7839,1.78503,1.77949,1.77964,23481,52,0
2025-07-28 20:00:00,1.77962,1.7796699999999999,1.77508,1.7766,10493,52,0
2025-07-29 00:00:00,1.77607,1.7795299999999998,1.7745199999999999,1.77824,5461,54,0
2025-07-29 04:00:00,1.77824,1.7788,1.77474,1.77616,10150,53,0
2025-07-29 08:00:00,1.7761900000000002,1.7775699999999999,1.7725,1.77568,20711,51,0
2025-07-29 12:00:00,1.77566,1.77837,1.7729300000000001,1.77324,19620,51,0
2025-07-29 16:00:00,1.7731599999999998,1.7746300000000002,1.7702200000000001,1.7725300000000002,24428,52,0
2025-07-29 20:00:00,1.7725300000000002,1.77383,1.77139,1.77318,12173,52,0
2025-07-30 00:00:00,1.77331,1.77389,1.7704,1.77233,5659,40,0
2025-07-30 04:00:00,1.77233,1.77753,1.77198,1.77372,13147,53,0
2025-07-30 08:00:00,1.77372,1.77808,1.77214,1.7773400000000001,17491,51,0
2025-07-30 12:00:00,1.7773400000000001,1.77805,1.77304,1.77374,20631,51,0
2025-07-30 16:00:00,1.77373,1.77847,1.77371,1.77685,23209,52,0
2025-07-30 20:00:00,1.77688,1.7781799999999999,1.7703799999999998,1.77202,25584,21,0
2025-07-31 00:00:00,1.77215,1.77509,1.77033,1.77451,8079,30,0
2025-07-31 04:00:00,1.77451,1.7759200000000002,1.76769,1.7678099999999999,14327,54,0
2025-07-31 08:00:00,1.76788,1.77308,1.76708,1.77295,20093,51,0
2025-07-31 12:00:00,1.77298,1.7766600000000001,1.77204,1.77459,20605,51,0
2025-07-31 16:00:00,1.77459,1.77959,1.7723499999999999,1.77568,25977,53,0
2025-07-31 20:00:00,1.77573,1.77787,1.7745,1.77602,14132,53,0
2025-08-01 00:00:00,1.77591,1.77773,1.7718699999999998,1.77617,9346,54,0
2025-08-01 04:00:00,1.77618,1.77674,1.77301,1.7741500000000001,14195,30,0
2025-08-01 08:00:00,1.77419,1.7782,1.7735699999999999,1.7757,17274,51,0
2025-08-01 12:00:00,1.7755800000000002,1.7828,1.774,1.78124,23411,51,0
2025-08-01 16:00:00,1.78125,1.78985,1.78024,1.7876400000000001,38869,53,0
2025-08-01 20:00:00,1.78762,1.79285,1.78731,1.7890000000000001,21772,0,0
2025-08-04 00:00:00,1.7906900000000001,1.7928199999999999,1.78479,1.78513,10015,30,0
2025-08-04 04:00:00,1.78518,1.78728,1.78384,1.7854999999999999,11493,30,0
2025-08-04 08:00:00,1.78553,1.78653,1.7840099999999999,1.78411,15898,17,0
2025-08-04 12:00:00,1.78409,1.78748,1.7839800000000001,1.7859,15987,16,0
2025-08-04 16:00:00,1.7858800000000001,1.79021,1.78501,1.7900800000000001,18760,16,0
2025-08-04 20:00:00,1.79009,1.7909199999999998,1.78829,1.7886600000000001,9708,21,0
2025-08-05 00:00:00,1.78687,1.79009,1.78407,1.78781,7146,30,0
2025-08-05 04:00:00,1.78782,1.7902900000000002,1.78691,1.78783,10208,30,0
2025-08-05 08:00:00,1.78782,1.78868,1.78579,1.78777,14745,17,0
2025-08-05 12:00:00,1.78784,1.78784,1.7835999999999999,1.7843200000000001,15414,16,0
2025-08-05 16:00:00,1.78433,1.79148,1.7836699999999999,1.7886199999999999,20130,16,0
2025-08-05 20:00:00,1.78865,1.78949,1.78754,1.78793,9699,21,0
2025-08-06 00:00:00,1.7871000000000001,1.78918,1.78626,1.7867899999999999,6159,30,0
2025-08-06 04:00:00,1.7868,1.78701,1.78343,1.78361,9028,30,0
2025-08-06 08:00:00,1.78361,1.78552,1.7820399999999998,1.78312,12642,17,0
2025-08-06 12:00:00,1.78309,1.7879399999999999,1.78295,1.78721,13823,16,0
2025-08-06 16:00:00,1.78721,1.79193,1.78627,1.79005,24456,16,0
2025-08-06 20:00:00,1.79012,1.79292,1.78969,1.79138,13975,21,0
2025-08-07 00:00:00,1.79009,1.79425,1.78991,1.79329,8551,54,0
2025-08-07 04:00:00,1.79335,1.7934299999999999,1.78983,1.79068,14104,53,0
2025-08-07 08:00:00,1.7907,1.79182,1.78757,1.78854,19632,51,0
2025-08-07 12:00:00,1.78854,1.78906,1.7837100000000001,1.78525,22736,51,0
2025-08-07 16:00:00,1.78525,1.79085,1.78377,1.7899500000000002,27050,52,0
2025-08-07 20:00:00,1.7899699999999998,1.79032,1.78621,1.7866499999999998,16685,52,0
2025-08-08 00:00:00,1.7875999999999999,1.79025,1.7863,1.78955,9946,54,0
2025-08-08 04:00:00,1.78955,1.79006,1.7868300000000001,1.78728,12649,53,0
2025-08-08 08:00:00,1.78723,1.78758,1.7835999999999999,1.78465,18307,51,0
2025-08-08 12:00:00,1.78465,1.78657,1.7823799999999999,1.78614,19695,51,0
2025-08-08 16:00:00,1.7861099999999999,1.78762,1.78399,1.78614,21401,52,0
2025-08-08 20:00:00,1.7861099999999999,1.78643,1.7825199999999999,1.7827199999999999,12564,52,0
2025-08-11 00:00:00,1.78369,1.7872599999999998,1.78266,1.78712,7640,54,0
2025-08-11 04:00:00,1.78708,1.7892700000000001,1.78625,1.7887300000000002,12240,53,0
2025-08-11 08:00:00,1.7887499999999998,1.78906,1.7862900000000002,1.78704,16624,51,0
2025-08-11 12:00:00,1.78696,1.78743,1.78471,1.78565,17795,51,0
2025-08-11 16:00:00,1.78565,1.78592,1.7812000000000001,1.78213,20831,52,0
2025-08-11 20:00:00,1.78216,1.78339,1.78166,1.7818800000000001,11277,52,0
2025-08-12 00:00:00,1.78053,1.78325,1.78034,1.7818100000000001,7738,54,0
2025-08-12 04:00:00,1.78193,1.7867600000000001,1.78076,1.7844600000000002,13800,53,0
2025-08-12 08:00:00,1.7844600000000002,1.78949,1.7839800000000001,1.78858,20993,51,0
2025-08-12 12:00:00,1.78858,1.79044,1.78655,1.78932,22016,51,0
2025-08-12 16:00:00,1.7893400000000002,1.7919399999999999,1.7864,1.78802,32857,52,0
2025-08-12 20:00:00,1.78804,1.78861,1.786,1.78624,12559,52,0
2025-08-13 00:00:00,1.7867,1.78959,1.78619,1.78959,6945,31,0
2025-08-13 04:00:00,1.78962,1.79163,1.78792,1.7886,12331,53,0
2025-08-13 08:00:00,1.78861,1.78924,1.7858399999999999,1.78791,19245,51,0
2025-08-13 12:00:00,1.78792,1.78869,1.7866300000000002,1.7871000000000001,17410,50,0
2025-08-13 16:00:00,1.78711,1.7897699999999999,1.78659,1.78871,21445,52,0
2025-08-13 20:00:00,1.78874,1.7898100000000001,1.78646,1.78654,9771,52,0
2025-08-14 00:00:00,1.7868,1.78879,1.78558,1.7868300000000001,8019,54,0
2025-08-14 04:00:00,1.7868,1.78734,1.78308,1.78627,13121,53,0
2025-08-14 08:00:00,1.78625,1.78834,1.7854100000000002,1.7878699999999998,19582,51,0
2025-08-14 12:00:00,1.7878699999999998,1.79285,1.78781,1.7926199999999999,21572,51,0
2025-08-14 16:00:00,1.79265,1.7947600000000001,1.7921,1.79294,25757,52,0
2025-08-14 20:00:00,1.79297,1.79332,1.7909899999999999,1.79169,11221,21,0
2025-08-15 00:00:00,1.79175,1.7938399999999999,1.7904499999999999,1.7929300000000001,6549,54,0
2025-08-15 04:00:00,1.7929300000000001,1.79556,1.79196,1.7937699999999999,11780,54,0
2025-08-15 08:00:00,1.7937699999999999,1.79459,1.7929300000000001,1.7944,15694,51,0
2025-08-15 12:00:00,1.7944200000000001,1.7962799999999999,1.7936100000000001,1.79443,17580,51,0
2025-08-15 16:00:00,1.79443,1.79744,1.7934999999999999,1.79708,22917,52,0
2025-08-15 20:00:00,1.79708,1.79902,1.7959100000000001,1.79635,9502,52,0
2025-08-18 00:00:00,1.79749,1.7989199999999999,1.79602,1.79624,7913,54,0
2025-08-18 04:00:00,1.7962099999999999,1.79636,1.7943799999999999,1.79534,11528,54,0
2025-08-18 08:00:00,1.79532,1.79635,1.79218,1.7926600000000001,17222,51,0
2025-08-18 12:00:00,1.7926600000000001,1.79457,1.79162,1.79392,16839,51,0
2025-08-18 16:00:00,1.79392,1.79904,1.7937400000000001,1.79624,18582,52,0
2025-08-18 20:00:00,1.79624,1.79739,1.79459,1.79481,9286,52,0
2025-08-19 00:00:00,1.7937699999999999,1.79692,1.79182,1.79489,7552,54,0
2025-08-19 04:00:00,1.79489,1.79691,1.79426,1.79672,13936,54,0
2025-08-19 08:00:00,1.7967,1.80148,1.79633,1.8002099999999999,17581,51,0
2025-08-19 12:00:00,1.8002099999999999,1.80099,1.79862,1.80022,16528,51,0
2025-08-19 16:00:00,1.80022,1.80584,1.80015,1.80501,19549,52,0
2025-08-19 20:00:00,1.80501,1.80568,1.80288,1.8029899999999999,9543,52,0
2025-08-20 00:00:00,1.79985,1.80458,1.79985,1.80383,8252,54,0
2025-08-20 04:00:00,1.80382,1.8082,1.80277,1.80525,14300,54,0
2025-08-20 08:00:00,1.80526,1.8107199999999999,1.80385,1.80858,18031,51,0
2025-08-20 12:00:00,1.80858,1.81124,1.80777,1.81102,16452,51,0
2025-08-20 16:00:00,1.81104,1.81495,1.8103799999999999,1.81165,21901,17,0
2025-08-20 20:00:00,1.81165,1.8128600000000001,1.80907,1.8092899999999998,11621,53,0
2025-08-21 00:00:00,1.80958,1.81185,1.80921,1.8117,7260,54,0
2025-08-21 04:00:00,1.81168,1.8140399999999999,1.81014,1.81365,11971,54,0
2025-08-21 08:00:00,1.81366,1.8154400000000002,1.8101500000000001,1.81389,16988,51,0
2025-08-21 12:00:00,1.81392,1.81416,1.81108,1.81365,18499,51,0
2025-08-21 16:00:00,1.81369,1.81371,1.80603,1.80763,24623,53,0
2025-08-21 20:00:00,1.80763,1.80799,1.8058800000000002,1.80605,10067,22,0
2025-08-22 00:00:00,1.80369,1.8079,1.80369,1.80748,6887,54,0
2025-08-22 04:00:00,1.80748,1.8078400000000001,1.80363,1.8045,11361,54,0
2025-08-22 08:00:00,1.80453,1.80632,1.8028300000000002,1.8035700000000001,15136,51,0
2025-08-22 12:00:00,1.8035700000000001,1.80751,1.80314,1.80742,15387,51,0
2025-08-22 16:00:00,1.80742,1.80799,1.8025600000000002,1.8063099999999999,30656,52,0
2025-08-22 20:00:00,1.8063,1.80747,1.80289,1.80336,12418,52,0
2025-08-25 00:00:00,1.8031700000000002,1.80609,1.80284,1.80388,7269,54,0
2025-08-25 04:00:00,1.80388,1.80682,1.80268,1.80356,10820,54,0
2025-08-25 08:00:00,1.8035299999999999,1.80355,1.8007300000000002,1.8015400000000001,14816,51,0
2025-08-25 12:00:00,1.8015400000000001,1.8023099999999999,1.7997,1.80186,14196,17,0
2025-08-25 16:00:00,1.80186,1.80198,1.79321,1.7936800000000002,19624,52,0
2025-08-25 20:00:00,1.7936800000000002,1.79414,1.7906,1.7907899999999999,11740,52,0
2025-08-26 00:00:00,1.79189,1.79618,1.7907899999999999,1.7943799999999999,12358,54,0
2025-08-26 04:00:00,1.7943799999999999,1.79792,1.79341,1.79488,15235,54,0
2025-08-26 08:00:00,1.79491,1.79646,1.79224,1.79356,20827,51,0
2025-08-26 12:00:00,1.79356,1.79616,1.79267,1.79523,18302,51,0
2025-08-26 16:00:00,1.7951899999999998,1.7973400000000002,1.79283,1.79288,20342,52,0
2025-08-26 20:00:00,1.79288,1.79342,1.7904499999999999,1.79098,9444,52,0
2025-08-27 00:00:00,1.7925,1.7932000000000001,1.79101,1.7919100000000001,6502,54,0
2025-08-27 04:00:00,1.79186,1.79272,1.78845,1.79075,12042,54,0
2025-08-27 08:00:00,1.79077,1.79199,1.7894,1.7906499999999999,16551,51,0
2025-08-27 12:00:00,1.79066,1.79177,1.7898800000000001,1.7900399999999999,17080,51,0
2025-08-27 16:00:00,1.7900399999999999,1.79125,1.78661,1.7877399999999999,20802,52,0
2025-08-27 20:00:00,1.7877399999999999,1.78813,1.78616,1.78731,11121,53,0
2025-08-28 00:00:00,1.78673,1.7890700000000002,1.7860200000000002,1.78783,7184,55,0
2025-08-28 04:00:00,1.78783,1.7882500000000001,1.7861799999999999,1.78746,11669,54,0
2025-08-28 08:00:00,1.78746,1.78833,1.78494,1.7855699999999999,15661,51,0
2025-08-28 12:00:00,1.78556,1.7883499999999999,1.78519,1.78715,18440,51,0
2025-08-28 16:00:00,1.7871000000000001,1.78969,1.78607,1.7884799999999998,21118,53,0
2025-08-28 20:00:00,1.78851,1.78915,1.78661,1.7868,8834,53,0
2025-08-29 00:00:00,1.78797,1.78863,1.7859,1.786,7580,57,0
2025-08-29 04:00:00,1.7860200000000002,1.7865,1.7821099999999999,1.78343,12311,58,0
2025-08-29 08:00:00,1.78343,1.78752,1.78307,1.78612,15604,51,0
2025-08-29 12:00:00,1.78612,1.7881200000000002,1.78518,1.7852999999999999,16447,51,0
2025-08-29 16:00:00,1.7852999999999999,1.7892000000000001,1.78471,1.78725,22947,53,0
2025-08-29 20:00:00,1.78722,1.78775,1.7841399999999998,1.7849599999999999,8959,56,0
2025-09-01 00:00:00,1.78592,1.7867199999999999,1.78433,1.78632,6287,53,0
2025-09-01 04:00:00,1.7863,1.78952,1.78626,1.78911,12314,53,0
2025-09-01 08:00:00,1.78914,1.7930899999999999,1.78874,1.78951,16374,51,0
2025-09-01 12:00:00,1.78949,1.7895699999999999,1.7864499999999999,1.78651,15634,50,0
2025-09-01 16:00:00,1.78651,1.78783,1.7849300000000001,1.7856800000000002,13784,16,0
2025-09-01 20:00:00,1.7856800000000002,1.7868300000000001,1.7851,1.78538,4212,52,0
2025-09-02 00:00:00,1.78583,1.78754,1.78484,1.78586,5924,30,0
2025-09-02 04:00:00,1.7858800000000001,1.7886199999999999,1.78571,1.7884600000000002,11836,53,0
2025-09-02 08:00:00,1.78847,1.7932000000000001,1.78702,1.78754,22297,30,0
2025-09-02 12:00:00,1.78755,1.79125,1.78583,1.79054,24954,51,0
2025-09-02 16:00:00,1.7905799999999998,1.79208,1.78525,1.7854700000000001,26656,52,0
2025-09-02 20:00:00,1.78548,1.7863,1.78355,1.78379,10612,21,0
2025-09-03 00:00:00,1.78431,1.7859699999999998,1.78407,1.78532,6100,45,0
2025-09-03 04:00:00,1.78532,1.78532,1.78212,1.78346,11972,53,0
2025-09-03 08:00:00,1.7834699999999999,1.78736,1.78304,1.78616,18804,51,0
2025-09-03 12:00:00,1.78617,1.78623,1.7805900000000001,1.78067,18598,16,0
2025-09-03 16:00:00,1.78064,1.7835100000000002,1.78013,1.78193,24171,52,0
2025-09-03 20:00:00,1.78193,1.78286,1.78018,1.7805499999999999,10736,21,0
2025-09-04 00:00:00,1.78076,1.78266,1.77965,1.78052,7223,30,0
2025-09-04 04:00:00,1.78052,1.78453,1.7803,1.78444,11956,53,0
2025-09-04 08:00:00,1.78447,1.78689,1.78443,1.78583,13102,17,0
2025-09-04 12:00:00,1.7858399999999999,1.78804,1.7848600000000001,1.7859500000000001,14152,16,0
2025-09-04 16:00:00,1.7859,1.79012,1.78508,1.78769,17371,16,0
2025-09-04 20:00:00,1.7877800000000001,1.78792,1.78592,1.7860200000000002,8052,21,0
2025-09-05 00:00:00,1.78623,1.78782,1.78599,1.78632,5693,30,0
2025-09-05 04:00:00,1.78625,1.7881200000000002,1.78598,1.7871899999999998,7343,30,0
2025-09-05 08:00:00,1.7871899999999998,1.78736,1.78384,1.78514,10294,17,0
2025-09-05 12:00:00,1.78514,1.78974,1.78481,1.78548,15088,16,0
2025-09-05 16:00:00,1.7855400000000001,1.79138,1.7812999999999999,1.78842,23199,16,0
2025-09-05 20:00:00,1.78842,1.78953,1.78494,1.78508,10849,21,0
2025-09-08 00:00:00,1.7858100000000001,1.78824,1.78531,1.78643,7636,30,0
2025-09-08 04:00:00,1.78633,1.7870599999999999,1.78331,1.78468,10412,30,0
2025-09-08 08:00:00,1.78468,1.78537,1.78103,1.7816100000000001,13153,17,0
2025-09-08 12:00:00,1.7815400000000001,1.78186,1.7785199999999999,1.77949,12609,16,0
2025-09-08 16:00:00,1.7794699999999999,1.7841399999999998,1.77927,1.78271,15667,16,0
2025-09-08 20:00:00,1.7827199999999999,1.7841900000000002,1.78269,1.7829199999999998,8862,21,0
2025-09-09 00:00:00,1.78355,1.78452,1.78293,1.78444,6162,30,0
2025-09-09 04:00:00,1.78447,1.78573,1.7817699999999999,1.7818100000000001,8629,30,0
2025-09-09 08:00:00,1.78179,1.78225,1.77755,1.7782499999999999,14611,16,0
2025-09-09 12:00:00,1.77821,1.779,1.77595,1.77894,13177,16,0
2025-09-09 16:00:00,1.77894,1.7800099999999999,1.77763,1.77809,19195,16,0
2025-09-09 20:00:00,1.7781099999999999,1.7786300000000002,1.7766600000000001,1.77685,9479,21,0
2025-09-10 00:00:00,1.7729300000000001,1.77871,1.77218,1.7753999999999999,6665,30,0
2025-09-10 04:00:00,1.7753700000000001,1.7766,1.77138,1.77149,10073,29,0
2025-09-10 08:00:00,1.7715,1.7739099999999999,1.77039,1.7725,14080,16,0
2025-09-10 12:00:00,1.77249,1.77414,1.76899,1.7694999999999999,14773,16,0
2025-09-10 16:00:00,1.76945,1.77143,1.76689,1.7683,17628,16,0
2025-09-10 20:00:00,1.7682099999999998,1.76872,1.7667899999999999,1.76682,8761,20,0
2025-09-11 00:00:00,1.76326,1.76925,1.76318,1.76881,5128,29,0
2025-09-11 04:00:00,1.7688000000000001,1.76987,1.76718,1.76974,6935,29,0
2025-09-11 08:00:00,1.76976,1.77077,1.76761,1.7690700000000001,13490,16,0
2025-09-11 12:00:00,1.76909,1.77128,1.76664,1.76878,18342,16,0
2025-09-11 16:00:00,1.76877,1.7713700000000001,1.76079,1.7623,21076,15,0
2025-09-11 20:00:00,1.76228,1.76284,1.76027,1.76044,9902,20,0
2025-09-12 00:00:00,1.76078,1.76173,1.7593800000000002,1.7596,6707,29,0
2025-09-12 04:00:00,1.75959,1.7618200000000002,1.7590400000000002,1.76105,8237,29,0
2025-09-12 08:00:00,1.7610999999999999,1.76434,1.76034,1.7630599999999998,13639,16,0
2025-09-12 12:00:00,1.76305,1.76539,1.7616800000000001,1.7641499999999999,14018,15,0
2025-09-12 16:00:00,1.76418,1.7663600000000002,1.76296,1.76521,15924,15,0
2025-09-12 20:00:00,1.76522,1.76585,1.7628,1.7630599999999998,9482,20,0
2025-09-15 00:00:00,1.76368,1.76481,1.7623,1.7629299999999999,5436,29,0
2025-09-15 04:00:00,1.76291,1.76305,1.7602,1.76068,8128,29,0
2025-09-15 08:00:00,1.7606600000000001,1.7628300000000001,1.76016,1.76234,12901,16,0
2025-09-15 12:00:00,1.76231,1.7664900000000001,1.7622900000000001,1.76554,12762,15,0
2025-09-15 16:00:00,1.76552,1.76684,1.76348,1.76398,15566,15,0
2025-09-15 20:00:00,1.76396,1.76458,1.7616100000000001,1.7617,8744,20,0
2025-09-16 00:00:00,1.76176,1.7641200000000001,1.76176,1.7638500000000001,5285,29,0
2025-09-16 04:00:00,1.76386,1.76787,1.76305,1.76766,9376,29,0
2025-09-16 08:00:00,1.76764,1.7705600000000001,1.7664900000000001,1.7702,13720,16,0
2025-09-16 12:00:00,1.7702200000000001,1.77229,1.76897,1.7702,16386,15,0
2025-09-16 16:00:00,1.7702200000000001,1.7766600000000001,1.7700399999999998,1.7751299999999999,20218,15,0
2025-09-16 20:00:00,1.77512,1.77638,1.77332,1.7737,9798,20,0
2025-09-17 00:00:00,1.77383,1.77584,1.77222,1.7743799999999998,5938,29,0
2025-09-17 04:00:00,1.7743600000000002,1.77614,1.77369,1.77556,7424,29,0
2025-09-17 08:00:00,1.77557,1.77721,1.77475,1.7759800000000001,11181,16,0
2025-09-17 12:00:00,1.776,1.77613,1.77177,1.7728199999999998,11440,15,0
2025-09-17 16:00:00,1.7728199999999998,1.7790300000000001,1.77277,1.77864,13772,15,0
2025-09-17 20:00:00,1.77862,1.7802,1.77406,1.77426,24104,20,0
2025-09-18 00:00:00,1.77467,1.77866,1.77336,1.7779,8290,29,0
2025-09-18 04:00:00,1.77787,1.78053,1.7761200000000001,1.77873,10839,29,0
2025-09-18 08:00:00,1.77871,1.7826300000000002,1.77864,1.78167,16117,16,0
2025-09-18 12:00:00,1.7816800000000002,1.7821799999999999,1.77674,1.77869,16529,16,0
2025-09-18 16:00:00,1.77871,1.78167,1.77647,1.78088,21447,16,0
2025-09-18 20:00:00,1.78085,1.78233,1.7802,1.78095,9090,21,0
2025-09-19 00:00:00,1.78112,1.7829199999999998,1.7780200000000002,1.7824200000000001,6950,30,0
2025-09-19 04:00:00,1.7824,1.7843200000000001,1.78137,1.78277,11264,30,0
2025-09-19 08:00:00,1.7827600000000001,1.78607,1.77976,1.78,15855,17,0
2025-09-19 12:00:00,1.7799800000000001,1.7816100000000001,1.77948,1.78138,13512,16,0
2025-09-19 16:00:00,1.78137,1.7843900000000001,1.78049,1.78192,17370,16,0
2025-09-19 20:00:00,1.7819,1.78201,1.7787899999999999,1.77912,7657,21,0
2025-09-22 00:00:00,1.77677,1.78208,1.7767300000000001,1.78185,6601,30,0
2025-09-22 04:00:00,1.7818800000000001,1.78296,1.7782900000000001,1.77864,9060,30,0
2025-09-22 08:00:00,1.77866,1.786,1.77851,1.78366,13579,17,0
2025-09-22 12:00:00,1.7836699999999999,1.787,1.78319,1.78585,13076,16,0
2025-09-22 16:00:00,1.7858399999999999,1.7887,1.7854700000000001,1.78782,12224,16,0
2025-09-22 20:00:00,1.78779,1.78808,1.78671,1.78685,7486,21,0
2025-09-23 00:00:00,1.7866900000000001,1.7903799999999999,1.78472,1.7895400000000001,5290,30,0
2025-09-23 04:00:00,1.78953,1.79312,1.78944,1.7919800000000001,9034,30,0
2025-09-23 08:00:00,1.79202,1.7921399999999998,1.78781,1.78851,15128,17,0
2025-09-23 12:00:00,1.78851,1.78851,1.7835800000000002,1.7850899999999998,12488,16,0
2025-09-23 16:00:00,1.78504,1.78851,1.7837100000000001,1.78784,17677,16,0
2025-09-23 20:00:00,1.78783,1.79169,1.78735,1.78883,10699,21,0
2025-09-24 00:00:00,1.78969,1.79105,1.78861,1.7898,6488,30,0
2025-09-24 04:00:00,1.78978,1.7907899999999999,1.78108,1.7828,10340,30,0
2025-09-24 08:00:00,1.7828,1.78336,1.7792599999999998,1.78007,13601,16,0
2025-09-24 12:00:00,1.7800500000000001,1.78122,1.77755,1.7808000000000002,14129,16,0
2025-09-24 16:00:00,1.78081,1.78433,1.77993,1.78388,18861,16,0
2025-09-24 20:00:00,1.78386,1.7840099999999999,1.78146,1.7815699999999999,9086,21,0
2025-09-25 00:00:00,1.78194,1.78386,1.78013,1.78169,6089,30,0
2025-09-25 04:00:00,1.78166,1.78311,1.7800099999999999,1.78108,8145,30,0
2025-09-25 08:00:00,1.7810899999999998,1.78227,1.77807,1.77952,13064,17,0
2025-09-25 12:00:00,1.77954,1.7842799999999999,1.7785600000000001,1.78304,15920,16,0
2025-09-25 16:00:00,1.78307,1.7858,1.7819500000000001,1.7835299999999998,20682,16,0
2025-09-25 20:00:00,1.78359,1.78558,1.78182,1.7822,11488,21,0
2025-09-26 00:00:00,1.78267,1.7856999999999998,1.77889,1.7850700000000002,10222,29,0
2025-09-26 04:00:00,1.78506,1.78624,1.7841200000000002,1.78532,8005,30,0
2025-09-26 08:00:00,1.7853400000000001,1.78881,1.78472,1.78819,12405,17,0
2025-09-26 12:00:00,1.78822,1.78994,1.78627,1.7867899999999999,14119,16,0
2025-09-26 16:00:00,1.78688,1.78831,1.78529,1.7854299999999999,18692,16,0
2025-09-26 20:00:00,1.7854100000000002,1.78721,1.78521,1.78565,9272,21,0
2025-09-29 00:00:00,1.78433,1.78786,1.7837,1.78762,5530,30,0
2025-09-29 04:00:00,1.7875999999999999,1.7892000000000001,1.78433,1.7844600000000002,8636,30,0
2025-09-29 08:00:00,1.78447,1.7861099999999999,1.78345,1.78454,12975,17,0
2025-09-29 12:00:00,1.78453,1.78911,1.78403,1.7888199999999999,12918,16,0
2025-09-29 16:00:00,1.78884,1.7890899999999998,1.78271,1.78357,16172,16,0
2025-09-29 20:00:00,1.78356,1.7838500000000002,1.78144,1.78146,7027,21,0
2025-09-30 00:00:00,1.78194,1.78384,1.77993,1.78145,5647,12,0
2025-09-30 04:00:00,1.78148,1.7816,1.77412,1.77521,10034,29,0
2025-09-30 08:00:00,1.77523,1.78484,1.77494,1.77839,15941,16,0
2025-09-30 12:00:00,1.77841,1.77949,1.77401,1.77493,13726,16,0
2025-09-30 16:00:00,1.77496,1.77596,1.77122,1.77591,19273,16,0
2025-09-30 20:00:00,1.77591,1.77654,1.77265,1.77286,9304,21,0
2025-10-01 00:00:00,1.77353,1.77705,1.7724199999999999,1.77674,7385,29,0
2025-10-01 04:00:00,1.77676,1.7814,1.7767,1.78043,8468,30,0
2025-10-01 08:00:00,1.78043,1.78186,1.77607,1.77622,17157,16,0
2025-10-01 12:00:00,1.77626,1.77679,1.77267,1.77475,18250,16,0
2025-10-01 16:00:00,1.77484,1.77745,1.77344,1.7738,21419,16,0
2025-10-01 20:00:00,1.77383,1.77462,1.77225,1.7723200000000001,9615,21,0
2025-10-02 00:00:00,1.77306,1.7754699999999999,1.7707000000000002,1.77538,6576,12,0
2025-10-02 04:00:00,1.77532,1.7759200000000002,1.7727,1.77324,7129,29,0
2025-10-02 08:00:00,1.77326,1.77606,1.77234,1.77519,12967,16,0
2025-10-02 12:00:00,1.77525,1.7795100000000001,1.77502,1.7778800000000001,13289,16,0
2025-10-02 16:00:00,1.77782,1.7792599999999998,1.7755999999999998,1.77661,19691,16,0
2025-10-02 20:00:00,1.77661,1.77755,1.77473,1.7747600000000001,8207,21,0
2025-10-03 00:00:00,1.77538,1.77751,1.77414,1.7761200000000001,5015,14,0
2025-10-03 04:00:00,1.7761200000000001,1.77821,1.77521,1.7778,7959,20,0
2025-10-03 08:00:00,1.77776,1.77851,1.7751000000000001,1.77708,11686,16,0
2025-10-03 12:00:00,1.77708,1.7778399999999999,1.77634,1.77692,11204,16,0
2025-10-03 16:00:00,1.77691,1.77969,1.77569,1.77636,16976,16,0
2025-10-03 20:00:00,1.7763499999999999,1.77843,1.77615,1.77711,9410,21,0
2025-10-06 00:00:00,1.77771,1.77976,1.77518,1.77557,11071,30,0
2025-10-06 04:00:00,1.77553,1.7770700000000001,1.7734299999999998,1.77491,8605,29,0
2025-10-06 08:00:00,1.77492,1.77568,1.76511,1.76787,17308,16,0
2025-10-06 12:00:00,1.7678500000000001,1.7701,1.76707,1.76838,15366,16,0
2025-10-06 16:00:00,1.76838,1.77061,1.76698,1.76978,16130,16,0
2025-10-06 20:00:00,1.7697699999999998,1.77019,1.76807,1.76834,7892,21,0
2025-10-07 00:00:00,1.76875,1.77172,1.76718,1.77142,6867,29,0
2025-10-07 04:00:00,1.77142,1.7718500000000001,1.76677,1.76931,7025,29,0
2025-10-07 08:00:00,1.7692999999999999,1.7736399999999999,1.7690299999999999,1.77003,13037,16,0
2025-10-07 12:00:00,1.77001,1.77163,1.76863,1.7711700000000001,13766,16,0
2025-10-07 16:00:00,1.77112,1.77317,1.76807,1.7719399999999998,18117,16,0
2025-10-07 20:00:00,1.7718500000000001,1.7725300000000002,1.76974,1.7699,10555,21,0
2025-10-08 00:00:00,1.7696100000000001,1.77142,1.76865,1.771,5855,29,0
2025-10-08 04:00:00,1.77105,1.77204,1.76924,1.77006,11249,29,0
2025-10-08 08:00:00,1.77007,1.77154,1.76913,1.7702,14531,16,0
2025-10-08 12:00:00,1.7701799999999999,1.77092,1.7678500000000001,1.7679399999999998,14044,16,0
2025-10-08 16:00:00,1.7679,1.76796,1.76301,1.76379,16546,16,0
2025-10-08 20:00:00,1.76377,1.7656100000000001,1.7631299999999999,1.76398,10201,21,0
2025-10-09 00:00:00,1.76477,1.76654,1.76341,1.76463,7588,29,0
2025-10-09 04:00:00,1.7646199999999999,1.76614,1.76179,1.76262,8677,29,0
2025-10-09 08:00:00,1.76264,1.7674400000000001,1.7617699999999998,1.7644,15775,16,0
2025-10-09 12:00:00,1.76438,1.76513,1.75711,1.75816,14886,15,0
2025-10-09 16:00:00,1.7581799999999999,1.7659,1.75732,1.76484,22944,15,0
2025-10-09 20:00:00,1.7649,1.7657,1.76268,1.7627899999999999,11567,21,0
2025-10-10 00:00:00,1.7618800000000001,1.76397,1.75968,1.76152,6136,29,0
2025-10-10 04:00:00,1.7614800000000002,1.76253,1.7602,1.76234,8175,29,0
2025-10-10 08:00:00,1.76237,1.76712,1.76167,1.76574,14342,16,0
2025-10-10 12:00:00,1.76572,1.76696,1.76409,1.7653699999999999,13413,16,0
2025-10-10 16:00:00,1.76535,1.79287,1.7649,1.78987,24990,16,0
2025-10-10 20:00:00,1.7899,1.79504,1.78742,1.79376,15661,21,0
2025-10-13 00:00:00,1.7819099999999999,1.78769,1.78091,1.78287,12552,23,0
2025-10-13 04:00:00,1.7827600000000001,1.7835100000000002,1.77869,1.7813400000000001,10212,30,0
2025-10-13 08:00:00,1.78133,1.78291,1.77647,1.7765300000000002,15653,17,0
2025-10-13 12:00:00,1.77652,1.77952,1.77576,1.7773400000000001,14522,16,0
2025-10-13 16:00:00,1.77733,1.7776399999999999,1.77346,1.7741500000000001,16792,16,0
2025-10-13 20:00:00,1.77414,1.77591,1.7741099999999999,1.77443,6837,21,0
2025-10-14 00:00:00,1.77579,1.77647,1.7723499999999999,1.77337,6830,30,0
2025-10-14 04:00:00,1.77338,1.78967,1.77333,1.78858,11756,30,0
2025-10-14 08:00:00,1.7885499999999999,1.79358,1.78741,1.78979,20013,17,0
2025-10-14 12:00:00,1.7897699999999999,1.79398,1.7892000000000001,1.7923900000000001,16266,16,0
2025-10-14 16:00:00,1.7923900000000001,1.79461,1.7866,1.78822,23065,16,0
2025-10-14 20:00:00,1.7882099999999999,1.79182,1.787,1.7880500000000001,12362,21,0
2025-10-15 00:00:00,1.7885900000000001,1.78955,1.78651,1.7872400000000002,6719,30,0
2025-10-15 04:00:00,1.78721,1.78868,1.78225,1.78338,10804,29,0
2025-10-15 08:00:00,1.7831700000000001,1.7861500000000001,1.7825199999999999,1.7847300000000001,15741,17,0
2025-10-15 12:00:00,1.7846600000000001,1.78599,1.78203,1.78485,14893,16,0
2025-10-15 16:00:00,1.7848600000000001,1.78791,1.78349,1.78693,20020,16,0
2025-10-15 20:00:00,1.78687,1.79279,1.78674,1.7869199999999998,12939,21,0
2025-10-16 00:00:00,1.78824,1.79922,1.7861500000000001,1.79733,8093,30,0
2025-10-16 04:00:00,1.79728,1.7991700000000002,1.79322,1.79563,11615,30,0
2025-10-16 08:00:00,1.79565,1.7965,1.78929,1.79183,16326,17,0
2025-10-16 12:00:00,1.79183,1.7938800000000001,1.79001,1.7937699999999999,13685,16,0
2025-10-16 16:00:00,1.7937699999999999,1.80377,1.79267,1.7990599999999999,21873,16,0
2025-10-16 20:00:00,1.79895,1.8057699999999999,1.7984499999999999,1.8008199999999999,15762,21,0
2025-10-17 00:00:00,1.80096,1.80653,1.79897,1.8054299999999999,7923,29,0
2025-10-17 04:00:00,1.80541,1.8119,1.80342,1.80849,11223,31,0
2025-10-17 08:00:00,1.8085200000000001,1.8161800000000001,1.80844,1.81074,20117,17,0
2025-10-17 12:00:00,1.81075,1.8113000000000001,1.79732,1.80331,19329,16,0
2025-10-17 16:00:00,1.80334,1.80413,1.79764,1.79961,22004,16,0
2025-10-17 20:00:00,1.7997100000000001,1.80026,1.7920500000000001,1.79222,11967,21,0
2025-10-20 00:00:00,1.7938399999999999,1.79575,1.79084,1.79308,7305,30,0
2025-10-20 04:00:00,1.7930899999999999,1.79521,1.79062,1.79471,8496,30,0
2025-10-20 08:00:00,1.79473,1.79575,1.79325,1.79511,13027,17,0
2025-10-20 12:00:00,1.79512,1.79672,1.7936999999999999,1.7948499999999998,14001,16,0
2025-10-20 16:00:00,1.79484,1.79513,1.78752,1.78834,15782,16,0
2025-10-20 20:00:00,1.7883200000000001,1.78836,1.78555,1.78558,7926,21,0
2025-10-21 00:00:00,1.78616,1.7878699999999998,1.78268,1.78603,5143,30,0
2025-10-21 04:00:00,1.7860200000000002,1.78993,1.7859099999999999,1.7889599999999999,9467,30,0
2025-10-21 08:00:00,1.7889300000000001,1.79455,1.78872,1.79186,16062,17,0
2025-10-21 12:00:00,1.7919100000000001,1.7931300000000001,1.78731,1.78759,15466,16,0
2025-10-21 16:00:00,1.78758,1.79385,1.78627,1.78826,20233,16,0
2025-10-21 20:00:00,1.78826,1.78925,1.7860399999999998,1.7860800000000001,9269,21,0
2025-10-22 00:00:00,1.7865799999999998,1.78926,1.78589,1.7891599999999999,6778,30,0
2025-10-22 04:00:00,1.78921,1.78958,1.78477,1.78592,8407,30,0
2025-10-22 08:00:00,1.78593,1.7861099999999999,1.78311,1.78563,14764,17,0
2025-10-22 12:00:00,1.78564,1.78708,1.78396,1.7851,14261,16,0
2025-10-22 16:00:00,1.78511,1.7927300000000002,1.7835999999999999,1.78881,20082,16,0
2025-10-22 20:00:00,1.78877,1.7927499999999998,1.78745,1.78759,12218,21,0
2025-10-23 00:00:00,1.78809,1.7898,1.7869000000000002,1.78732,5984,30,0
2025-10-23 04:00:00,1.7872599999999998,1.78939,1.7862200000000001,1.78842,8143,29,0
2025-10-23 08:00:00,1.78842,1.78864,1.78088,1.78159,12797,17,0
2025-10-23 12:00:00,1.78164,1.78395,1.77996,1.78335,12244,16,0
2025-10-23 16:00:00,1.78336,1.78476,1.78151,1.78237,16207,16,0
2025-10-23 20:00:00,1.7823600000000002,1.78377,1.78176,1.78226,3043,21,0
2025-10-24 00:00:00,1.78312,1.78404,1.78205,1.7834699999999999,4975,29,0
2025-10-24 04:00:00,1.78348,1.7867,1.78282,1.78508,7590,30,0
2025-10-24 08:00:00,1.78512,1.78788,1.7840799999999999,1.7872,13205,17,0
2025-10-24 12:00:00,1.7872599999999998,1.78799,1.78298,1.78488,13779,16,0
2025-10-24 16:00:00,1.7848899999999999,1.78969,1.78426,1.78592,18266,16,0
2025-10-24 20:00:00,1.7859099999999999,1.7864,1.7832400000000002,1.78348,7372,21,0
2025-10-27 00:00:00,1.7776,1.7819099999999999,1.77663,1.78104,9824,30,0
2025-10-27 04:00:00,1.7810700000000002,1.78131,1.77801,1.7781799999999999,7425,30,0
2025-10-27 08:00:00,1.77817,1.77882,1.77403,1.77471,12906,17,0
2025-10-27 12:00:00,1.77473,1.77786,1.7744,1.77651,13428,16,0
2025-10-27 16:00:00,1.7764799999999998,1.7779500000000001,1.77473,1.77521,12619,16,0
2025-10-27 20:00:00,1.77522,1.77722,1.7745600000000001,1.77516,6482,21,0
2025-10-28 00:00:00,1.7753999999999999,1.7784900000000001,1.7749000000000001,1.77758,7833,13,0
2025-10-28 04:00:00,1.7776,1.77955,1.7763900000000001,1.77871,8041,30,0
2025-10-28 08:00:00,1.77869,1.78149,1.77765,1.77789,12660,17,0
2025-10-28 12:00:00,1.7779,1.7787899999999999,1.77419,1.77432,13393,16,0
2025-10-28 16:00:00,1.77437,1.7744,1.76909,1.7700200000000001,14986,16,0
2025-10-28 20:00:00,1.77003,1.77057,1.7678099999999999,1.7686600000000001,6764,21,0
2025-10-29 00:00:00,1.7689,1.7719200000000002,1.7640799999999999,1.76594,9609,29,0
2025-10-29 04:00:00,1.7659500000000001,1.7674699999999999,1.76075,1.7619500000000001,8619,29,0
2025-10-29 08:00:00,1.76196,1.76443,1.75786,1.76386,13990,16,0
2025-10-29 12:00:00,1.76384,1.7664900000000001,1.76149,1.76216,14615,16,0
2025-10-29 16:00:00,1.7621799999999999,1.7651,1.76091,1.76139,15433,16,0
2025-10-29 20:00:00,1.7613699999999999,1.7664900000000001,1.76031,1.7642600000000002,20603,20,0
2025-10-30 00:00:00,1.76448,1.7665899999999999,1.7624300000000002,1.7634699999999999,9545,29,0
2025-10-30 04:00:00,1.7635,1.76883,1.76158,1.76338,14410,29,0
2025-10-30 08:00:00,1.76337,1.7690000000000001,1.7628,1.76844,16775,16,0
2025-10-30 12:00:00,1.76844,1.77064,1.76654,1.76847,18739,16,0
2025-10-30 16:00:00,1.7685,1.76858,1.7635399999999999,1.7643,18114,16,0
2025-10-30 20:00:00,1.76431,1.76628,1.76274,1.7643,8844,21,0
2025-10-31 00:00:00,1.76454,1.76708,1.7638,1.76498,7928,12,0
2025-10-31 04:00:00,1.76499,1.76858,1.7646199999999999,1.7683900000000001,9453,30,0
2025-10-31 08:00:00,1.76838,1.76983,1.76718,1.7696399999999999,13445,17,0
2025-10-31 12:00:00,1.76965,1.76965,1.7624300000000002,1.7624300000000002,15124,16,0
2025-10-31 16:00:00,1.76241,1.76424,1.7597,1.76255,19615,16,0
2025-10-31 20:00:00,1.7626,1.7626300000000001,1.76065,1.76109,7563,21,0
2025-11-03 00:00:00,1.76045,1.7637399999999999,1.75998,1.76151,9225,29,0
2025-11-03 04:00:00,1.76153,1.76217,1.75776,1.75869,7744,29,0
2025-11-03 08:00:00,1.7587199999999998,1.76154,1.75631,1.75871,13496,16,0
2025-11-03 12:00:00,1.75865,1.76032,1.758,1.7602799999999998,12134,16,0
2025-11-03 16:00:00,1.76029,1.76581,1.75928,1.7631299999999999,17838,16,0
2025-11-03 20:00:00,1.76312,1.7634400000000001,1.7601900000000001,1.76025,8897,21,0
2025-11-04 00:00:00,1.7612,1.7624,1.75995,1.7614100000000001,9503,30,0
2025-11-04 04:00:00,1.76138,1.76789,1.76131,1.76772,11309,30,0
2025-11-04 08:00:00,1.76783,1.77138,1.76702,1.7707000000000002,16956,17,0
2025-11-04 12:00:00,1.77073,1.7726600000000001,1.7677800000000001,1.76999,16204,16,0
2025-11-04 16:00:00,1.77001,1.7705199999999999,1.7656399999999999,1.7688000000000001,18869,16,0
2025-11-04 20:00:00,1.7689,1.77067,1.7674400000000001,1.76791,11158,21,0
2025-11-05 00:00:00,1.76788,1.77854,1.76641,1.7764199999999999,11074,30,0
2025-11-05 04:00:00,1.7763900000000001,1.77657,1.76811,1.77042,10768,30,0
2025-11-05 08:00:00,1.77041,1.7718099999999999,1.76911,1.7717800000000001,14630,17,0
2025-11-05 12:00:00,1.7718,1.77407,1.7688899999999999,1.76904,15267,16,0
2025-11-05 16:00:00,1.76908,1.77095,1.76303,1.76445,19939,16,0
2025-11-05 20:00:00,1.7644199999999999,1.76617,1.76366,1.7647300000000001,8702,21,0
2025-11-06 00:00:00,1.7654800000000002,1.77066,1.76484,1.76738,9248,30,0
2025-11-06 04:00:00,1.76735,1.76858,1.7654,1.76858,8300,30,0
2025-11-06 08:00:00,1.7685300000000002,1.7694100000000001,1.76694,1.7675100000000001,13093,17,0
2025-11-06 12:00:00,1.76749,1.7723200000000001,1.7673,1.77222,13886,16,0
2025-11-06 16:00:00,1.77224,1.78494,1.77196,1.78151,21167,16,0
2025-11-06 20:00:00,1.78152,1.78357,1.77955,1.7805499999999999,12262,21,0
2025-11-07 00:00:00,1.7799,1.78329,1.77895,1.78097,10427,30,0
2025-11-07 04:00:00,1.78094,1.78362,1.77921,1.7799800000000001,10348,30,0
2025-11-07 08:00:00,1.77999,1.78103,1.77704,1.77979,12157,17,0
2025-11-07 12:00:00,1.77981,1.7844799999999998,1.77938,1.7829899999999999,14642,16,0
2025-11-07 16:00:00,1.7829899999999999,1.7898100000000001,1.78267,1.78585,20220,16,0
2025-11-07 20:00:00,1.78586,1.78661,1.7778399999999999,1.77864,12647,21,0
2025-11-10 00:00:00,1.77752,1.7808199999999998,1.7719200000000002,1.77332,11238,30,0
2025-11-10 04:00:00,1.77335,1.7743600000000002,1.77066,1.7711999999999999,8980,30,0
2025-11-10 08:00:00,1.7711700000000001,1.7729,1.76935,1.76952,12701,17,0
2025-11-10 12:00:00,1.76951,1.7725,1.76908,1.77164,12285,16,0
2025-11-10 16:00:00,1.77163,1.7732700000000001,1.76736,1.7681499999999999,15581,16,0
2025-11-10 20:00:00,1.76813,1.7687300000000001,1.7671999999999999,1.76737,8158,21,0
