time,open,high,low,close,tick_volume,spread,real_volume
2024-09-05 12:00:00,2515.42,2523.4,2514.07,2517.72,14770,15,0
2024-09-05 16:00:00,2517.75,2520.53,2503.9,2510.37,51133,15,0
2024-09-05 20:00:00,2510.37,2516.85,2509.27,2516.59,14466,15,0
2024-09-06 00:00:00,2516.25,2517.92,2515.61,2515.89,6946,15,0
2024-09-06 04:00:00,2515.9,2519.53,2512.98,2518.41,20146,15,0
2024-09-06 08:00:00,2518.4,2521.8,2515.49,2517.85,25070,15,0
2024-09-06 12:00:00,2517.85,2529.18,2506.38,2522.26,31155,15,0
2024-09-06 16:00:00,2522.31,2523.02,2485.09,2489.01,79105,15,0
2024-09-06 20:00:00,2489.01,2497.76,2485.92,2497.36,26148,15,0
2024-09-09 00:00:00,2496.83,2498.28,2495.56,2495.98,10621,15,0
2024-09-09 04:00:00,2495.92,2500.43,2494.7,2498.22,25849,15,0
2024-09-09 08:00:00,2498.2,2498.31,2485.52,2492.18,37585,15,0
2024-09-09 12:00:00,2492.22,2504.13,2492.06,2500.91,27612,15,0
2024-09-09 16:00:00,2500.92,2505.21,2493.13,2504.31,40712,15,0
2024-09-09 20:00:00,2504.31,2507.12,2499.41,2506.18,15808,15,0
2024-09-10 00:00:00,2506.25,2507.64,2504.78,2505.4,7241,15,0
2024-09-10 04:00:00,2505.4,2506.84,2501.07,2501.77,22408,15,0
2024-09-10 08:00:00,2501.78,2507.72,2500.1,2502.31,27828,15,0
2024-09-10 12:00:00,2502.31,2514.02,2500.16,2513.79,27399,15,0
2024-09-10 16:00:00,2513.79,2518.4,2500.86,2514.38,45397,15,0
2024-09-10 20:00:00,2514.39,2517.41,2512.05,2516.5,15927,15,0
2024-09-11 00:00:00,2516.12,2519.12,2516.0,2516.54,7577,15,0
2024-09-11 04:00:00,2516.54,2522.54,2514.93,2519.6,29774,15,0
2024-09-11 08:00:00,2519.58,2528.99,2519.32,2524.27,34392,15,0
2024-09-11 12:00:00,2524.34,2524.69,2502.21,2508.16,34571,15,0
2024-09-11 16:00:00,2508.16,2520.02,2500.92,2515.17,58929,15,0
2024-09-11 20:00:00,2515.14,2516.89,2509.77,2511.31,18760,15,0
2024-09-12 00:00:00,2511.39,2513.89,2511.09,2512.16,6599,15,0
2024-09-12 04:00:00,2512.11,2517.72,2510.99,2517.02,24151,15,0
2024-09-12 08:00:00,2517.02,2522.22,2514.48,2517.36,26534,15,0
2024-09-12 12:00:00,2517.36,2535.24,2512.98,2528.5,33248,15,0
2024-09-12 16:00:00,2528.51,2555.18,2522.12,2550.68,60510,15,0
2024-09-12 20:00:00,2550.69,2560.07,2550.11,2558.56,25080,15,0
2024-09-13 00:00:00,2558.27,2562.74,2556.7,2561.57,10408,15,0
2024-09-13 04:00:00,2561.57,2570.11,2559.93,2568.8,31744,15,0
2024-09-13 08:00:00,2568.79,2571.05,2563.11,2569.96,34702,15,0
2024-09-13 12:00:00,2569.84,2575.87,2563.69,2575.82,31259,15,0
2024-09-13 16:00:00,2575.79,2585.12,2573.11,2584.3,49126,15,0
2024-09-13 20:00:00,2584.3,2586.02,2577.62,2578.9,17883,15,0
2024-09-16 00:00:00,2578.12,2582.36,2577.56,2581.34,8221,15,0
2024-09-16 04:00:00,2581.34,2588.96,2579.9,2585.79,15901,15,0
2024-09-16 08:00:00,2585.79,2589.62,2579.56,2586.87,27491,15,0
2024-09-16 12:00:00,2586.86,2588.26,2575.24,2583.43,29540,15,0
2024-09-16 16:00:00,2583.37,2589.32,2576.11,2583.68,40319,15,0
2024-09-16 20:00:00,2583.62,2584.1,2579.6,2582.38,12147,15,0
2024-09-17 00:00:00,2581.75,2584.39,2580.26,2580.26,6097,15,0
2024-09-17 04:00:00,2580.26,2586.3,2574.94,2576.91,19311,15,0
2024-09-17 08:00:00,2576.91,2586.89,2574.58,2580.13,26247,15,0
2024-09-17 12:00:00,2580.13,2581.67,2568.37,2577.77,35159,15,0
2024-09-17 16:00:00,2577.79,2582.21,2561.37,2563.13,47770,15,0
2024-09-17 20:00:00,2563.12,2571.64,2560.75,2569.41,18202,15,0
2024-09-18 00:00:00,2568.87,2574.76,2568.83,2572.99,7515,15,0
2024-09-18 04:00:00,2573.0,2576.44,2567.97,2568.67,26518,15,0
2024-09-18 08:00:00,2568.63,2571.94,2565.73,2569.78,26449,15,0
2024-09-18 12:00:00,2569.79,2580.73,2567.98,2576.23,24773,15,0
2024-09-18 16:00:00,2576.23,2578.53,2568.02,2574.85,38937,15,0
2024-09-18 20:00:00,2574.84,2600.12,2546.8,2559.23,61619,15,0
2024-09-19 00:00:00,2558.69,2561.6,2555.61,2558.76,12958,15,0
2024-09-19 04:00:00,2558.73,2566.68,2551.04,2564.06,34888,15,0
2024-09-19 08:00:00,2564.06,2586.6,2563.94,2584.95,39409,15,0
2024-09-19 12:00:00,2584.95,2594.82,2573.17,2576.78,41490,15,0
2024-09-19 16:00:00,2576.74,2592.57,2569.74,2591.73,52851,15,0
2024-09-19 20:00:00,2591.74,2592.66,2585.89,2586.57,17081,15,0
2024-09-20 00:00:00,2586.29,2588.49,2585.92,2588.04,6168,15,0
2024-09-20 04:00:00,2588.14,2594.33,2584.8,2593.69,25588,15,0
2024-09-20 08:00:00,2593.7,2612.73,2592.37,2609.78,34266,15,0
2024-09-20 12:00:00,2609.78,2619.33,2602.45,2615.59,31196,15,0
2024-09-20 16:00:00,2615.58,2625.74,2602.6,2624.88,59129,15,0
2024-09-20 20:00:00,2624.86,2625.36,2617.83,2622.12,21902,15,0
2024-09-23 00:00:00,2619.3,2621.99,2618.19,2618.24,6918,15,0
2024-09-23 04:00:00,2618.29,2631.1,2616.05,2629.4,22070,15,0
2024-09-23 08:00:00,2629.39,2631.32,2613.86,2616.82,34740,15,0
2024-09-23 12:00:00,2616.83,2628.04,2615.4,2627.02,27079,15,0
2024-09-23 16:00:00,2627.08,2634.84,2625.57,2628.18,49005,15,0
2024-09-23 20:00:00,2628.17,2629.08,2625.68,2628.36,15262,15,0
2024-09-24 00:00:00,2628.98,2628.98,2623.82,2625.17,6543,15,0
2024-09-24 04:00:00,2625.18,2638.24,2624.9,2638.09,29738,15,0
2024-09-24 08:00:00,2638.1,2640.06,2622.62,2629.06,39616,15,0
2024-09-24 12:00:00,2629.06,2636.16,2623.29,2633.15,32559,15,0
2024-09-24 16:00:00,2633.16,2655.12,2630.91,2653.5,58394,15,0
2024-09-24 20:00:00,2653.52,2664.33,2649.78,2657.01,23526,15,0
2024-09-25 00:00:00,2656.9,2660.92,2656.58,2660.81,8746,15,0
2024-09-25 04:00:00,2660.82,2670.48,2655.5,2658.93,34485,15,0
2024-09-25 08:00:00,2658.93,2659.81,2651.62,2655.9,32431,15,0
2024-09-25 12:00:00,2655.9,2660.77,2652.71,2659.5,27829,15,0
2024-09-25 16:00:00,2659.49,2667.47,2649.7,2653.72,52647,15,0
2024-09-25 20:00:00,2653.68,2662.95,2653.14,2656.88,18071,15,0
2024-09-26 00:00:00,2656.44,2660.3,2655.4,2659.1,7610,15,0
2024-09-26 04:00:00,2659.1,2662.91,2657.06,2660.68,22300,15,0
2024-09-26 08:00:00,2660.66,2670.5,2657.97,2669.01,35071,15,0
2024-09-26 12:00:00,2669.0,2685.5,2666.9,2677.25,42406,15,0
2024-09-26 16:00:00,2677.25,2679.69,2654.78,2668.17,63899,15,0
2024-09-26 20:00:00,2668.1,2677.88,2667.5,2672.29,20296,15,0
2024-09-27 00:00:00,2670.56,2673.24,2669.37,2669.81,7691,15,0
2024-09-27 04:00:00,2669.8,2673.96,2666.22,2670.46,31292,15,0
2024-09-27 08:00:00,2670.48,2671.31,2660.94,2662.56,44479,15,0
2024-09-27 12:00:00,2662.56,2674.29,2658.32,2670.07,34939,15,0
2024-09-27 16:00:00,2670.06,2671.03,2644.73,2651.76,59543,15,0
2024-09-27 20:00:00,2651.76,2659.82,2643.12,2659.58,23118,15,0
2024-09-30 00:00:00,2657.79,2665.98,2657.06,2661.64,21705,15,0
2024-09-30 04:00:00,2661.65,2664.36,2647.31,2655.84,44192,15,0
2024-09-30 08:00:00,2655.85,2660.61,2650.69,2653.56,45338,15,0
2024-09-30 12:00:00,2653.54,2653.64,2634.45,2638.95,46748,15,0
2024-09-30 16:00:00,2638.95,2642.1,2628.8,2639.08,67330,15,0
2024-09-30 20:00:00,2639.11,2641.79,2624.67,2634.55,39827,15,0
2024-10-01 00:00:00,2633.85,2637.18,2632.13,2636.5,8974,15,0
2024-10-01 04:00:00,2636.5,2640.4,2634.51,2639.62,17515,15,0
2024-10-01 08:00:00,2639.62,2647.36,2639.54,2646.53,37506,15,0
2024-10-01 12:00:00,2646.53,2656.66,2645.39,2651.49,41164,15,0
2024-10-01 16:00:00,2651.49,2673.04,2647.99,2666.46,86053,15,0
2024-10-01 20:00:00,2666.53,2671.71,2657.57,2663.34,37195,15,0
2024-10-02 00:00:00,2662.78,2663.43,2656.97,2657.39,9966,15,0
2024-10-02 04:00:00,2657.39,2661.96,2652.58,2654.15,26378,15,0
2024-10-02 08:00:00,2654.14,2656.19,2644.51,2652.43,43208,15,0
2024-10-02 12:00:00,2652.43,2655.51,2643.72,2649.59,41025,15,0
2024-10-02 16:00:00,2649.59,2663.36,2641.14,2649.72,67934,15,0
2024-10-02 20:00:00,2649.7,2659.86,2647.16,2658.64,22647,15,0
2024-10-03 00:00:00,2658.23,2662.86,2657.42,2657.79,13273,15,0
2024-10-03 04:00:00,2657.8,2658.9,2653.32,2654.99,30003,15,0
2024-10-03 08:00:00,2654.99,2657.47,2641.82,2645.16,48105,15,0
2024-10-03 12:00:00,2645.14,2653.88,2640.96,2642.42,52238,15,0
2024-10-03 16:00:00,2642.4,2661.17,2635.86,2660.01,74728,15,0
2024-10-03 20:00:00,2660.05,2662.08,2655.13,2656.0,26567,15,0
2024-10-04 00:00:00,2655.13,2657.51,2654.33,2657.25,8831,15,0
2024-10-04 04:00:00,2657.24,2665.88,2656.77,2664.09,25085,15,0
2024-10-04 08:00:00,2664.08,2667.86,2658.71,2659.01,36212,15,0
2024-10-04 12:00:00,2659.02,2662.51,2631.97,2638.79,46906,15,0
2024-10-04 16:00:00,2638.8,2670.16,2637.54,2645.34,89191,15,0
2024-10-04 20:00:00,2645.4,2653.88,2642.72,2653.56,30745,15,0
2024-10-07 00:00:00,2651.27,2652.84,2647.79,2649.29,13217,15,0
2024-10-07 04:00:00,2649.29,2651.91,2643.84,2646.74,26740,15,0
2024-10-07 08:00:00,2646.74,2656.37,2639.67,2652.25,43315,15,0
2024-10-07 12:00:00,2652.25,2659.6,2637.78,2640.06,48950,15,0
2024-10-07 16:00:00,2640.06,2653.74,2639.08,2646.78,68338,15,0
2024-10-07 20:00:00,2646.78,2648.71,2639.67,2642.5,25056,15,0
2024-10-08 00:00:00,2642.19,2649.13,2641.65,2643.58,14348,15,0
2024-10-08 04:00:00,2643.56,2648.21,2633.76,2643.08,59634,15,0
2024-10-08 08:00:00,2643.08,2646.46,2628.55,2637.86,59766,15,0
2024-10-08 12:00:00,2637.86,2652.99,2635.77,2645.86,52942,15,0
2024-10-08 16:00:00,2645.86,2647.56,2604.7,2608.94,89238,15,0
2024-10-08 20:00:00,2608.94,2623.58,2605.53,2621.83,34886,15,0
2024-10-09 00:00:00,2621.0,2623.71,2620.59,2621.13,10744,15,0
2024-10-09 04:00:00,2621.15,2624.26,2614.92,2615.99,41799,15,0
2024-10-09 08:00:00,2615.98,2624.26,2609.13,2616.2,53053,15,0
2024-10-09 12:00:00,2616.2,2622.41,2614.66,2618.85,39665,15,0
2024-10-09 16:00:00,2618.85,2620.6,2605.2,2608.71,69635,15,0
2024-10-09 20:00:00,2608.71,2611.07,2605.15,2607.63,25887,15,0
2024-10-10 00:00:00,2607.07,2610.17,2605.92,2609.3,10426,15,0
2024-10-10 04:00:00,2609.3,2616.89,2606.77,2613.91,42629,15,0
2024-10-10 08:00:00,2613.95,2617.31,2610.23,2615.49,41565,15,0
2024-10-10 12:00:00,2615.48,2627.33,2600.54,2625.1,44183,15,0
2024-10-10 16:00:00,2625.1,2629.8,2615.71,2619.26,79459,15,0
2024-10-10 20:00:00,2619.26,2631.46,2616.49,2630.02,30660,15,0
2024-10-11 00:00:00,2629.58,2635.82,2628.13,2633.8,15585,15,0
2024-10-11 04:00:00,2633.8,2646.04,2632.94,2645.57,37435,15,0
2024-10-11 08:00:00,2645.52,2647.15,2638.02,2639.23,33888,15,0
2024-10-11 12:00:00,2639.25,2650.08,2636.24,2643.05,35578,15,0
2024-10-11 16:00:00,2643.13,2661.38,2642.62,2660.41,57634,15,0
2024-10-11 20:00:00,2660.41,2661.14,2654.73,2656.81,21447,15,0
2024-10-14 00:00:00,2654.77,2654.77,2645.04,2646.74,14821,15,0
2024-10-14 04:00:00,2646.73,2660.29,2643.15,2659.2,35594,15,0
2024-10-14 08:00:00,2659.2,2666.77,2657.09,2659.37,33261,15,0
2024-10-14 12:00:00,2659.37,2662.99,2649.27,2651.37,30494,15,0
2024-10-14 16:00:00,2651.36,2661.16,2643.99,2648.56,53786,15,0
2024-10-14 20:00:00,2648.56,2653.28,2646.08,2648.12,17500,15,0
2024-10-15 00:00:00,2647.22,2650.96,2647.08,2648.15,9396,15,0
2024-10-15 04:00:00,2648.15,2652.71,2642.93,2644.4,35353,15,0
2024-10-15 08:00:00,2644.41,2655.71,2638.03,2653.91,45120,15,0
2024-10-15 12:00:00,2653.92,2657.39,2645.57,2648.3,37935,15,0
2024-10-15 16:00:00,2648.29,2668.89,2646.04,2661.85,69709,15,0
2024-10-15 20:00:00,2661.85,2666.45,2658.92,2662.65,25317,15,0
2024-10-16 00:00:00,2662.12,2662.86,2658.64,2660.14,9549,15,0
2024-10-16 04:00:00,2660.14,2670.06,2660.1,2666.69,41767,15,0
2024-10-16 08:00:00,2666.69,2680.1,2666.07,2679.49,43067,15,0
2024-10-16 12:00:00,2679.49,2682.66,2672.99,2681.74,42024,15,0
2024-10-16 16:00:00,2681.74,2685.27,2666.72,2674.13,70528,15,0
2024-10-16 20:00:00,2674.13,2676.66,2672.75,2673.59,18860,15,0
2024-10-17 00:00:00,2674.74,2678.01,2673.22,2677.91,8132,15,0
2024-10-17 04:00:00,2677.91,2684.85,2674.63,2679.07,45513,15,0
2024-10-17 08:00:00,2679.07,2685.67,2678.05,2681.86,46294,15,0
2024-10-17 12:00:00,2681.86,2688.77,2673.16,2680.66,46937,15,0
2024-10-17 16:00:00,2680.66,2696.75,2677.83,2692.18,75084,15,0
2024-10-17 20:00:00,2692.18,2694.18,2688.89,2692.9,19277,15,0
2024-10-18 00:00:00,2692.42,2695.8,2691.97,2693.0,9127,15,0
2024-10-18 04:00:00,2693.0,2711.96,2692.8,2710.18,44420,15,0
2024-10-18 08:00:00,2710.18,2714.01,2701.72,2706.26,48051,15,0
2024-10-18 12:00:00,2706.26,2717.04,2706.2,2709.57,43780,15,0
2024-10-18 16:00:00,2709.57,2720.14,2704.93,2717.61,66335,15,0
2024-10-18 20:00:00,2717.61,2722.42,2713.55,2721.3,27624,15,0
2024-10-21 00:00:00,2720.28,2725.84,2719.08,2721.68,15831,15,0
2024-10-21 04:00:00,2721.71,2732.83,2721.04,2730.39,43200,15,0
2024-10-21 08:00:00,2730.39,2733.08,2723.54,2731.33,44385,15,0
2024-10-21 12:00:00,2731.35,2739.74,2727.71,2738.63,51004,15,0
2024-10-21 16:00:00,2738.62,2740.52,2716.91,2723.53,78034,15,0
2024-10-21 20:00:00,2723.53,2725.6,2714.21,2719.67,30271,15,0
2024-10-22 00:00:00,2719.39,2725.13,2718.69,2724.76,11593,15,0
2024-10-22 04:00:00,2724.75,2735.95,2723.99,2734.73,39991,15,0
2024-10-22 08:00:00,2734.72,2738.33,2729.04,2734.95,39664,15,0
2024-10-22 12:00:00,2734.95,2739.34,2729.6,2736.23,47150,15,0
2024-10-22 16:00:00,2736.23,2745.52,2733.68,2745.28,70897,15,0
2024-10-22 20:00:00,2745.28,2748.87,2743.55,2748.8,30738,15,0
2024-10-23 00:00:00,2747.33,2748.13,2744.73,2745.24,8319,15,0
2024-10-23 04:00:00,2745.24,2750.62,2737.66,2749.96,44697,15,0
2024-10-23 08:00:00,2749.93,2758.42,2748.09,2756.85,41774,15,0
2024-10-23 12:00:00,2756.85,2757.58,2740.8,2743.27,46367,15,0
2024-10-23 16:00:00,2743.28,2744.08,2708.41,2719.44,86377,15,0
2024-10-23 20:00:00,2719.46,2720.59,2711.92,2715.36,35221,15,0
2024-10-24 00:00:00,2715.2,2721.83,2715.07,2721.07,13113,15,0
2024-10-24 04:00:00,2721.07,2727.11,2720.23,2726.54,33582,15,0
2024-10-24 08:00:00,2726.54,2737.86,2725.86,2736.77,44784,15,0
2024-10-24 12:00:00,2736.77,2741.58,2734.59,2739.0,39780,15,0
2024-10-24 16:00:00,2739.0,2743.23,2722.37,2733.61,75370,15,0
2024-10-24 20:00:00,2733.61,2737.79,2732.87,2735.81,24666,15,0
2024-10-25 00:00:00,2734.87,2736.03,2731.24,2732.45,7343,15,0
2024-10-25 04:00:00,2732.44,2735.03,2723.86,2725.87,34466,15,0
2024-10-25 08:00:00,2725.87,2732.55,2718.89,2719.41,40457,15,0
2024-10-25 12:00:00,2719.4,2732.44,2717.06,2731.42,39883,15,0
2024-10-25 16:00:00,2731.47,2742.08,2725.25,2739.18,65825,15,0
2024-10-25 20:00:00,2739.18,2747.63,2738.83,2746.31,26977,15,0
2024-10-28 00:00:00,2733.18,2740.15,2730.23,2732.42,18267,15,0
2024-10-28 04:00:00,2732.42,2735.6,2724.36,2732.86,30739,15,0
2024-10-28 08:00:00,2732.86,2744.56,2731.12,2731.98,34647,15,0
2024-10-28 12:00:00,2731.95,2734.83,2727.84,2734.3,31069,15,0
2024-10-28 16:00:00,2734.24,2745.95,2732.73,2742.77,51469,15,0
2024-10-28 20:00:00,2742.77,2744.94,2740.12,2742.22,18929,15,0
2024-10-29 00:00:00,2741.77,2746.81,2739.92,2745.69,8296,15,0
2024-10-29 04:00:00,2745.69,2757.7,2745.49,2754.64,34916,15,0
2024-10-29 08:00:00,2754.64,2756.78,2746.34,2754.65,33516,15,0
2024-10-29 12:00:00,2754.67,2756.62,2746.26,2749.17,35864,15,0
2024-10-29 16:00:00,2749.1,2771.71,2748.18,2769.42,68916,15,0
2024-10-29 20:00:00,2769.42,2774.75,2766.34,2774.4,26294,15,0
2024-10-30 00:00:00,2774.11,2779.2,2772.91,2778.1,9455,15,0
2024-10-30 04:00:00,2778.1,2782.09,2776.05,2780.12,34229,15,0
2024-10-30 08:00:00,2780.12,2789.82,2777.99,2781.91,36161,15,0
2024-10-30 12:00:00,2781.89,2786.44,2774.23,2782.44,35036,15,0
2024-10-30 16:00:00,2782.44,2787.46,2770.91,2785.37,67171,15,0
2024-10-30 20:00:00,2785.36,2790.0,2783.93,2787.17,25670,15,0
2024-10-31 00:00:00,2787.17,2788.18,2784.69,2787.6,7480,15,0
2024-10-31 04:00:00,2787.62,2790.1,2782.04,2784.49,28174,15,0
2024-10-31 08:00:00,2784.49,2786.55,2776.96,2779.08,34621,15,0
2024-10-31 12:00:00,2779.08,2782.58,2771.99,2773.62,40957,15,0
2024-10-31 16:00:00,2773.62,2773.9,2731.54,2740.66,90130,15,0
2024-10-31 20:00:00,2740.65,2749.69,2738.24,2743.73,36180,15,0
2024-11-01 00:00:00,2743.1,2747.96,2743.0,2744.95,9376,15,0
2024-11-01 04:00:00,2744.92,2752.97,2744.78,2752.23,38198,15,0
2024-11-01 08:00:00,2752.23,2757.69,2747.16,2753.36,38379,15,0
2024-11-01 12:00:00,2753.39,2759.84,2744.81,2753.85,44431,15,0
2024-11-01 16:00:00,2753.86,2762.16,2739.66,2743.11,83143,15,0
2024-11-01 20:00:00,2743.11,2743.88,2733.2,2736.33,34679,15,0
2024-11-04 00:00:00,2733.44,2741.29,2729.94,2739.92,26555,15,0
2024-11-04 04:00:00,2739.93,2743.72,2736.95,2741.55,29204,15,0
2024-11-04 08:00:00,2741.55,2744.74,2731.83,2743.32,42006,15,0
2024-11-04 12:00:00,2743.32,2746.78,2736.47,2746.77,36909,15,0
2024-11-04 16:00:00,2746.78,2748.2,2731.68,2738.31,51846,15,0
2024-11-04 20:00:00,2738.31,2739.71,2735.53,2736.42,19939,15,0
2024-11-05 00:00:00,2736.09,2738.06,2732.91,2734.2,14577,15,0
2024-11-05 04:00:00,2734.2,2737.19,2724.71,2732.59,31670,15,0
2024-11-05 08:00:00,2732.59,2744.97,2731.74,2739.92,32068,15,0
2024-11-05 12:00:00,2739.92,2746.65,2735.6,2744.68,34444,15,0
2024-11-05 16:00:00,2744.68,2749.94,2733.08,2741.97,52875,15,0
2024-11-05 20:00:00,2741.97,2744.9,2739.31,2743.68,20579,15,0
2024-11-06 00:00:00,2743.39,2749.72,2732.62,2747.14,34415,15,0
2024-11-06 04:00:00,2747.14,2748.36,2730.67,2738.93,68151,15,0
2024-11-06 08:00:00,2738.94,2739.18,2701.39,2724.63,73013,15,0
2024-11-06 12:00:00,2724.62,2727.18,2659.13,2664.23,68483,15,0
2024-11-06 16:00:00,2664.23,2678.19,2652.29,2663.27,79327,15,0
2024-11-06 20:00:00,2663.27,2669.55,2658.77,2658.9,31672,15,0
2024-11-07 00:00:00,2659.0,2664.31,2643.36,2649.48,26849,15,0
2024-11-07 04:00:00,2649.39,2661.21,2649.39,2659.11,33236,15,0
2024-11-07 08:00:00,2659.08,2667.6,2652.68,2661.65,38667,15,0
2024-11-07 12:00:00,2661.69,2685.13,2659.82,2684.62,43857,15,0
2024-11-07 16:00:00,2684.62,2700.31,2682.3,2699.34,65687,15,0
2024-11-07 20:00:00,2699.3,2710.21,2687.42,2706.2,54600,15,0
2024-11-08 00:00:00,2705.81,2710.37,2699.18,2699.89,25106,15,0
2024-11-08 04:00:00,2699.89,2701.0,2693.26,2695.23,34409,15,0
2024-11-08 08:00:00,2695.23,2695.82,2680.29,2689.31,49923,15,0
2024-11-08 12:00:00,2689.34,2701.07,2681.95,2697.56,47192,15,0
2024-11-08 16:00:00,2697.56,2704.02,2682.75,2687.94,68173,15,0
2024-11-08 20:00:00,2687.94,2688.79,2682.84,2684.5,27434,15,0
2024-11-11 00:00:00,2684.86,2686.16,2671.91,2672.95,25409,15,0
2024-11-11 04:00:00,2672.99,2675.2,2666.51,2669.22,32127,15,0
2024-11-11 08:00:00,2669.22,2674.11,2663.81,2666.85,39380,15,0
2024-11-11 12:00:00,2666.81,2675.31,2634.33,2635.54,52225,15,0
2024-11-11 16:00:00,2635.5,2635.66,2611.55,2612.55,72481,15,0
2024-11-11 20:00:00,2612.55,2626.17,2610.65,2619.26,25383,15,0
2024-11-12 00:00:00,2618.76,2627.09,2618.59,2624.07,23819,15,0
2024-11-12 04:00:00,2624.06,2625.49,2605.35,2606.83,40749,15,0
2024-11-12 08:00:00,2606.83,2610.13,2590.8,2593.31,55465,15,0
2024-11-12 12:00:00,2593.31,2616.3,2589.61,2611.59,58161,15,0
2024-11-12 16:00:00,2611.57,2617.06,2592.51,2597.43,63366,15,0
2024-11-12 20:00:00,2597.43,2602.06,2595.06,2597.94,25487,15,0
2024-11-13 00:00:00,2597.76,2611.19,2597.44,2608.08,20193,14,0
2024-11-13 04:00:00,2608.08,2613.3,2603.56,2605.73,34810,15,0
2024-11-13 08:00:00,2605.73,2611.73,2601.0,2608.61,36066,15,0
2024-11-13 12:00:00,2608.61,2618.74,2605.79,2612.39,45473,15,0
2024-11-13 16:00:00,2612.36,2616.37,2577.55,2583.38,81012,15,0
2024-11-13 20:00:00,2583.38,2585.39,2572.61,2572.66,32077,15,0
2024-11-14 00:00:00,2572.26,2581.38,2561.51,2562.61,25605,15,0
2024-11-14 04:00:00,2562.62,2565.3,2555.26,2558.65,35836,15,0
2024-11-14 08:00:00,2558.65,2560.52,2536.76,2543.58,53077,15,0
2024-11-14 12:00:00,2543.55,2560.34,2539.02,2557.18,56834,15,0
2024-11-14 16:00:00,2557.16,2577.48,2554.29,2572.92,63816,15,0
2024-11-14 20:00:00,2572.94,2576.93,2563.86,2564.49,37603,15,0
2024-11-15 00:00:00,2564.48,2571.6,2563.1,2565.09,19230,15,0
2024-11-15 04:00:00,2565.09,2571.16,2559.67,2559.94,24227,15,0
2024-11-15 08:00:00,2559.94,2569.01,2554.37,2563.95,36817,15,0
2024-11-15 12:00:00,2563.95,2575.82,2561.17,2565.31,51551,15,0
2024-11-15 16:00:00,2565.31,2576.02,2560.09,2562.94,67196,15,0
2024-11-15 20:00:00,2562.94,2568.09,2559.43,2562.72,29760,15,0
2024-11-18 00:00:00,2563.31,2597.24,2562.84,2587.03,30162,15,0
2024-11-18 04:00:00,2587.03,2595.06,2585.03,2585.52,30828,15,0
2024-11-18 08:00:00,2585.52,2597.28,2580.36,2595.73,46428,15,0
2024-11-18 12:00:00,2595.72,2605.11,2589.56,2604.01,46249,15,0
2024-11-18 16:00:00,2604.01,2615.02,2602.72,2610.37,50998,15,0
2024-11-18 20:00:00,2610.37,2612.63,2607.72,2611.66,20392,15,0
2024-11-19 00:00:00,2610.47,2617.88,2610.35,2615.66,18172,15,0
2024-11-19 04:00:00,2615.66,2625.55,2615.6,2622.58,38872,15,0
2024-11-19 08:00:00,2622.59,2634.47,2617.68,2630.3,52966,15,0
2024-11-19 12:00:00,2630.3,2639.45,2628.8,2635.3,53055,15,0
2024-11-19 16:00:00,2635.16,2636.91,2620.9,2628.1,61218,15,0
2024-11-19 20:00:00,2628.1,2634.62,2626.21,2632.07,23978,15,0
2024-11-20 00:00:00,2630.27,2641.46,2630.27,2639.65,20030,15,0
2024-11-20 04:00:00,2639.65,2641.84,2634.88,2636.91,27726,15,0
2024-11-20 08:00:00,2636.91,2637.14,2618.83,2621.97,43233,15,0
2024-11-20 12:00:00,2621.87,2640.49,2620.88,2636.01,47996,15,0
2024-11-20 16:00:00,2636.01,2655.45,2634.12,2651.76,59262,15,0
2024-11-20 20:00:00,2651.76,2653.06,2645.36,2649.96,32303,15,0
2024-11-21 00:00:00,2649.6,2660.47,2648.81,2653.44,24618,15,0
2024-11-21 04:00:00,2653.44,2658.94,2650.29,2656.96,32298,15,0
2024-11-21 08:00:00,2656.96,2671.69,2656.56,2668.9,48083,15,0
2024-11-21 12:00:00,2668.86,2673.48,2660.39,2665.48,50690,15,0
2024-11-21 16:00:00,2665.48,2672.82,2661.28,2671.85,65356,15,0
2024-11-21 20:00:00,2671.8,2673.42,2667.78,2669.31,28220,15,0
2024-11-22 00:00:00,2670.02,2679.41,2668.05,2677.73,23699,15,0
2024-11-22 04:00:00,2677.73,2692.31,2677.23,2686.67,46664,15,0
2024-11-22 08:00:00,2686.68,2707.37,2685.77,2703.3,57491,15,0
2024-11-22 12:00:00,2703.3,2710.19,2689.3,2692.86,60647,15,0
2024-11-22 16:00:00,2692.86,2707.29,2684.48,2706.75,66612,15,0
2024-11-22 20:00:00,2706.78,2715.5,2705.0,2715.14,28776,15,0
2024-11-25 00:00:00,2713.38,2721.37,2694.86,2701.28,39376,15,0
2024-11-25 04:00:00,2701.28,2704.48,2658.17,2664.73,55022,15,0
2024-11-25 08:00:00,2664.73,2675.21,2661.63,2673.88,57809,15,0
2024-11-25 12:00:00,2673.87,2688.69,2668.78,2678.3,53696,15,0
2024-11-25 16:00:00,2678.31,2678.69,2624.38,2627.88,75258,15,0
2024-11-25 20:00:00,2627.89,2628.75,2615.53,2625.29,33843,15,0
2024-11-26 00:00:00,2624.59,2632.15,2605.18,2628.08,39311,15,0
2024-11-26 04:00:00,2628.08,2631.46,2617.85,2624.35,41286,15,0
2024-11-26 08:00:00,2624.4,2627.17,2610.77,2626.03,52949,15,0
2024-11-26 12:00:00,2626.04,2641.96,2623.98,2629.89,56489,15,0
2024-11-26 16:00:00,2629.87,2633.84,2616.78,2624.96,60660,15,0
2024-11-26 20:00:00,2624.97,2633.53,2619.52,2632.9,32532,15,0
2024-11-27 00:00:00,2632.72,2634.14,2626.99,2631.4,20608,15,0
2024-11-27 04:00:00,2631.41,2645.77,2631.12,2642.06,37047,15,0
2024-11-27 08:00:00,2642.06,2653.85,2638.94,2648.36,45938,15,0
2024-11-27 12:00:00,2648.36,2658.21,2643.26,2656.23,49688,15,0
2024-11-27 16:00:00,2656.23,2656.88,2635.23,2637.3,63824,15,0
2024-11-27 20:00:00,2637.3,2640.81,2633.88,2635.72,24316,15,0
2024-11-28 00:00:00,2635.69,2638.41,2620.86,2628.77,24759,15,0
2024-11-28 04:00:00,2628.76,2634.0,2625.57,2633.5,31777,15,0
2024-11-28 08:00:00,2633.5,2647.96,2631.84,2646.12,38792,15,0
2024-11-28 12:00:00,2646.12,2649.67,2642.77,2646.97,38004,15,0
2024-11-28 16:00:00,2646.97,2647.94,2636.29,2640.98,33114,15,0
2024-11-28 20:00:00,2640.97,2641.12,2639.49,2640.62,625,15,0
2024-11-29 00:00:00,2636.2,2647.2,2633.94,2644.95,25577,15,0
2024-11-29 04:00:00,2644.95,2664.22,2644.75,2662.46,41399,15,0
2024-11-29 08:00:00,2662.46,2666.21,2654.48,2664.1,46067,15,0
2024-11-29 12:00:00,2664.1,2665.83,2656.08,2657.98,48001,15,0
2024-11-29 16:00:00,2657.98,2662.73,2650.64,2660.57,59083,15,0
2024-11-29 20:00:00,2660.57,2660.62,2658.08,2658.33,3715,15,0
2024-12-02 00:00:00,2653.24,2653.31,2622.85,2635.93,37231,15,0
2024-12-02 04:00:00,2635.93,2638.06,2621.84,2623.12,45679,15,0
2024-12-02 08:00:00,2623.12,2636.87,2621.89,2633.66,51770,15,0
2024-12-02 12:00:00,2633.66,2648.88,2633.31,2647.0,56301,15,0
2024-12-02 16:00:00,2647.01,2651.87,2637.32,2638.76,64965,15,0
2024-12-02 20:00:00,2638.76,2644.24,2633.5,2638.53,29614,15,0
2024-12-03 00:00:00,2638.53,2645.29,2634.01,2636.57,27098,15,0
2024-12-03 04:00:00,2636.57,2643.01,2634.46,2641.11,38839,15,0
2024-12-03 08:00:00,2641.11,2650.06,2639.29,2644.06,50832,15,0
2024-12-03 12:00:00,2644.06,2653.77,2637.74,2652.91,47617,15,0
2024-12-03 16:00:00,2652.9,2655.66,2635.12,2646.94,64253,15,0
2024-12-03 20:00:00,2646.94,2649.2,2640.17,2643.23,24192,15,0
2024-12-04 00:00:00,2642.86,2643.59,2637.72,2642.18,21359,15,0
2024-12-04 04:00:00,2642.18,2651.23,2641.84,2649.66,35070,15,0
2024-12-04 08:00:00,2649.66,2651.41,2636.61,2640.94,43750,15,0
2024-12-04 12:00:00,2640.94,2649.12,2632.42,2648.43,51762,15,0
2024-12-04 16:00:00,2648.42,2657.04,2645.0,2651.46,60349,15,0
2024-12-04 20:00:00,2651.46,2655.54,2646.86,2649.67,29614,15,0
2024-12-05 00:00:00,2649.15,2651.58,2646.17,2647.06,16859,15,0
2024-12-05 04:00:00,2647.06,2655.55,2644.6,2653.17,27942,15,0
2024-12-05 08:00:00,2653.17,2654.07,2641.87,2644.87,40202,15,0
2024-12-05 12:00:00,2644.87,2654.52,2644.27,2648.9,45805,15,0
2024-12-05 16:00:00,2648.9,2650.21,2623.84,2628.08,64294,15,0
2024-12-05 20:00:00,2628.08,2632.38,2623.55,2631.56,26664,15,0
2024-12-06 00:00:00,2631.32,2633.92,2613.29,2617.62,26502,15,0
2024-12-06 04:00:00,2617.61,2644.63,2616.82,2637.95,40418,15,0
2024-12-06 08:00:00,2637.96,2645.7,2635.99,2640.7,42364,15,0
2024-12-06 12:00:00,2640.7,2643.54,2631.18,2635.79,55432,15,0
2024-12-06 16:00:00,2635.78,2641.63,2624.12,2634.98,68361,15,0
2024-12-06 20:00:00,2634.94,2639.01,2631.15,2632.65,24823,15,0
2024-12-09 00:00:00,2643.86,2650.49,2627.42,2646.69,36279,15,0
2024-12-09 04:00:00,2646.72,2648.62,2634.64,2638.24,40192,15,0
2024-12-09 08:00:00,2638.24,2657.48,2638.1,2655.64,47576,15,0
2024-12-09 12:00:00,2655.64,2666.29,2653.29,2665.51,51910,15,0
2024-12-09 16:00:00,2665.51,2676.42,2662.69,2664.41,64479,15,0
2024-12-09 20:00:00,2664.41,2664.73,2656.66,2659.95,29554,15,0
2024-12-10 00:00:00,2659.79,2668.7,2657.84,2667.45,24883,15,0
2024-12-10 04:00:00,2667.45,2673.76,2665.39,2668.7,42714,15,0
2024-12-10 08:00:00,2668.7,2670.9,2661.23,2665.1,43337,15,0
2024-12-10 12:00:00,2665.11,2682.05,2664.39,2680.42,48092,15,0
2024-12-10 16:00:00,2680.42,2695.58,2679.43,2694.37,52994,15,0
2024-12-10 20:00:00,2694.37,2695.2,2690.83,2693.65,20516,15,0
2024-12-11 00:00:00,2693.5,2703.61,2693.05,2699.8,22435,15,0
2024-12-11 04:00:00,2699.8,2704.32,2674.44,2687.9,34269,15,0
2024-12-11 08:00:00,2687.9,2698.17,2686.48,2695.68,40888,15,0
2024-12-11 12:00:00,2695.68,2702.08,2690.64,2700.85,49402,15,0
2024-12-11 16:00:00,2700.95,2720.07,2696.46,2717.95,64894,15,0
2024-12-11 20:00:00,2717.95,2721.16,2713.28,2717.66,29441,15,0
2024-12-12 00:00:00,2717.22,2726.25,2696.09,2711.02,18016,15,0
2024-12-12 04:00:00,2711.02,2716.41,2703.58,2713.52,24901,15,0
2024-12-12 08:00:00,2713.52,2720.47,2710.07,2714.71,34600,15,0
2024-12-12 12:00:00,2714.71,2715.68,2697.3,2697.53,49232,15,0
2024-12-12 16:00:00,2697.53,2699.59,2675.11,2686.31,75326,15,0
2024-12-12 20:00:00,2686.31,2687.17,2679.38,2680.5,24547,15,0
2024-12-13 00:00:00,2680.5,2692.74,2678.94,2689.83,20185,15,0
2024-12-13 04:00:00,2689.83,2691.38,2684.31,2688.41,32009,15,0
2024-12-13 08:00:00,2688.41,2690.54,2667.44,2669.09,43767,15,0
2024-12-13 12:00:00,2669.1,2672.96,2659.51,2662.13,47809,15,0
2024-12-13 16:00:00,2662.12,2664.58,2654.69,2656.33,59741,15,0
2024-12-13 20:00:00,2656.33,2657.13,2646.11,2648.24,30883,15,0
2024-12-16 00:00:00,2649.12,2655.64,2643.47,2653.36,20125,15,0
2024-12-16 04:00:00,2653.43,2655.64,2649.42,2652.76,25625,15,0
2024-12-16 08:00:00,2652.76,2662.03,2651.63,2658.07,30630,15,0
2024-12-16 12:00:00,2658.07,2664.44,2657.42,2661.94,35794,15,0
2024-12-16 16:00:00,2661.99,2663.01,2648.47,2652.19,50139,15,0
2024-12-16 20:00:00,2652.19,2655.78,2651.23,2652.6,18991,15,0
2024-12-17 00:00:00,2651.93,2658.68,2651.03,2658.15,15754,15,0
2024-12-17 04:00:00,2658.15,2658.67,2649.15,2653.7,26906,15,0
2024-12-17 08:00:00,2653.7,2657.08,2638.01,2639.79,41557,15,0
2024-12-17 12:00:00,2639.85,2646.92,2634.74,2636.96,43622,15,0
2024-12-17 16:00:00,2636.96,2647.09,2633.02,2646.01,55313,15,0
2024-12-17 20:00:00,2646.01,2649.09,2643.06,2646.5,22720,15,0
2024-12-18 00:00:00,2645.46,2651.71,2644.81,2650.94,15260,15,0
2024-12-18 04:00:00,2650.95,2651.01,2642.64,2647.37,29319,15,0
2024-12-18 08:00:00,2647.37,2649.66,2642.01,2646.72,32848,15,0
2024-12-18 12:00:00,2646.72,2649.46,2641.13,2643.96,32422,15,0
2024-12-18 16:00:00,2643.96,2644.84,2633.04,2636.07,52374,15,0
2024-12-18 20:00:00,2636.07,2638.91,2583.56,2585.62,64228,15,0
2024-12-19 00:00:00,2585.26,2618.07,2583.09,2611.92,26211,15,0
2024-12-19 04:00:00,2611.88,2613.95,2606.31,2607.14,26279,15,0
2024-12-19 08:00:00,2607.12,2622.84,2603.27,2620.47,39454,15,0
2024-12-19 12:00:00,2620.47,2626.44,2595.23,2596.44,52166,15,0
2024-12-19 16:00:00,2596.44,2600.85,2586.93,2592.55,65502,15,0
2024-12-19 20:00:00,2592.57,2601.0,2591.85,2594.43,29739,15,0
2024-12-20 00:00:00,2593.21,2603.91,2589.68,2603.71,19795,15,0
2024-12-20 04:00:00,2603.86,2604.04,2595.42,2600.41,26043,15,0
2024-12-20 08:00:00,2600.41,2607.74,2598.9,2604.96,34946,15,0
2024-12-20 12:00:00,2604.96,2614.17,2600.12,2609.62,40569,15,0
2024-12-20 16:00:00,2609.62,2631.97,2608.53,2625.74,63569,15,0
2024-12-20 20:00:00,2625.67,2629.36,2619.29,2622.5,28804,15,0
2024-12-23 00:00:00,2618.93,2625.23,2617.37,2620.9,17893,15,0
2024-12-23 04:00:00,2620.91,2629.24,2620.47,2626.86,21175,15,0
2024-12-23 08:00:00,2626.86,2633.37,2624.57,2626.29,28159,15,0
2024-12-23 12:00:00,2626.29,2626.95,2613.03,2617.38,35915,15,0
2024-12-23 16:00:00,2617.37,2619.89,2608.04,2611.31,49995,15,0
2024-12-23 20:00:00,2611.32,2613.66,2609.05,2612.59,18006,15,0
2024-12-24 00:00:00,2608.73,2617.97,2608.73,2617.57,10635,15,0
2024-12-24 04:00:00,2617.51,2621.44,2615.72,2619.28,19028,15,0
2024-12-24 08:00:00,2619.28,2621.44,2613.34,2613.61,19632,15,0
2024-12-24 12:00:00,2613.61,2617.98,2611.31,2614.19,22477,15,0
2024-12-24 16:00:00,2614.19,2619.34,2610.14,2616.96,35219,15,0
2024-12-24 20:00:00,2616.96,2617.81,2615.0,2615.56,1844,15,0
2024-12-26 00:00:00,2618.66,2627.73,2614.39,2626.68,10778,15,0
2024-12-26 04:00:00,2626.68,2629.19,2625.46,2626.33,14211,15,0
2024-12-26 08:00:00,2626.34,2629.54,2623.55,2627.26,14735,15,0
2024-12-26 12:00:00,2627.26,2631.08,2621.7,2623.08,21555,15,0
2024-12-26 16:00:00,2623.08,2639.05,2622.52,2629.32,40372,15,0
2024-12-26 20:00:00,2629.29,2636.15,2629.2,2633.44,21506,15,0
2024-12-27 00:00:00,2630.1,2634.34,2628.13,2632.2,9953,15,0
2024-12-27 04:00:00,2632.2,2635.46,2628.92,2631.41,18467,15,0
2024-12-27 08:00:00,2631.42,2638.22,2623.68,2624.04,22956,15,0
2024-12-27 12:00:00,2624.04,2631.6,2618.1,2618.8,28781,15,0
2024-12-27 16:00:00,2618.81,2619.74,2611.58,2615.9,46770,15,0
2024-12-27 20:00:00,2615.9,2621.78,2612.7,2621.65,17104,15,0
2024-12-30 00:00:00,2618.32,2626.76,2618.32,2624.16,11986,15,0
2024-12-30 04:00:00,2624.16,2628.06,2620.5,2623.71,17364,15,0
2024-12-30 08:00:00,2623.71,2624.62,2609.38,2612.85,26479,15,0
2024-12-30 12:00:00,2612.85,2622.53,2606.46,2606.55,35308,15,0
2024-12-30 16:00:00,2606.55,2613.84,2596.11,2605.27,53016,15,0
2024-12-30 20:00:00,2605.27,2609.56,2603.41,2605.92,22880,15,0
2024-12-31 00:00:00,2604.52,2611.53,2603.82,2608.85,9907,15,0
2024-12-31 04:00:00,2608.85,2609.5,2602.6,2604.35,13841,15,0
2024-12-31 08:00:00,2604.35,2617.79,2603.56,2615.17,23572,15,0
2024-12-31 12:00:00,2615.17,2616.27,2605.36,2613.2,28066,15,0
2024-12-31 16:00:00,2613.2,2627.45,2611.28,2624.18,38954,15,0
2024-12-31 20:00:00,2624.12,2627.16,2622.51,2623.68,10979,15,0
2025-01-02 00:00:00,2625.32,2634.47,2621.68,2632.94,16104,15,0
2025-01-02 04:00:00,2632.94,2636.5,2631.06,2634.03,22892,15,0
2025-01-02 08:00:00,2634.03,2639.96,2631.08,2636.11,29841,15,0
2025-01-02 12:00:00,2636.13,2647.24,2632.77,2642.98,51571,15,0
2025-01-02 16:00:00,2642.98,2660.49,2640.38,2656.45,65459,15,0
2025-01-02 20:00:00,2656.45,2660.47,2653.67,2658.08,31216,15,0
2025-01-03 00:00:00,2657.68,2662.4,2656.68,2659.38,16885,15,0
2025-01-03 04:00:00,2659.38,2665.22,2655.77,2658.49,27953,15,0
2025-01-03 08:00:00,2658.5,2660.3,2649.87,2653.71,36082,15,0
2025-01-03 12:00:00,2653.71,2659.37,2643.37,2649.87,39949,15,0
2025-01-03 16:00:00,2649.87,2652.67,2639.02,2641.85,58911,15,0
2025-01-03 20:00:00,2641.85,2642.99,2636.7,2640.2,24269,15,0
2025-01-06 00:00:00,2638.12,2647.43,2638.12,2641.4,23074,15,0
2025-01-06 04:00:00,2641.4,2645.38,2631.54,2633.79,32967,15,0
2025-01-06 08:00:00,2633.79,2635.8,2625.25,2632.71,39174,15,0
2025-01-06 12:00:00,2632.74,2649.5,2621.92,2624.1,59579,15,0
2025-01-06 16:00:00,2624.1,2641.16,2614.65,2636.77,69155,15,0
2025-01-06 20:00:00,2636.77,2638.57,2632.85,2635.86,28247,15,0
2025-01-07 00:00:00,2635.81,2641.23,2632.88,2638.9,18287,15,0
2025-01-07 04:00:00,2638.9,2645.58,2636.87,2644.32,24500,15,0
2025-01-07 08:00:00,2644.32,2646.7,2637.97,2641.46,38048,15,0
2025-01-07 12:00:00,2641.46,2664.27,2641.25,2662.39,47064,15,0
2025-01-07 16:00:00,2662.41,2663.06,2642.28,2652.67,70513,15,0
2025-01-07 20:00:00,2652.65,2652.75,2646.91,2648.0,30211,15,0
2025-01-08 00:00:00,2647.74,2651.49,2647.22,2648.72,15347,15,0
2025-01-08 04:00:00,2648.72,2650.67,2645.23,2649.89,23025,15,0
2025-01-08 08:00:00,2649.89,2655.11,2648.81,2653.55,35782,15,0
2025-01-08 12:00:00,2653.55,2660.34,2645.88,2660.25,48475,15,0
2025-01-08 16:00:00,2660.27,2669.95,2649.32,2655.65,61065,15,0
2025-01-08 20:00:00,2655.65,2664.08,2651.56,2661.17,32595,15,0
2025-01-09 00:00:00,2660.46,2663.15,2657.23,2658.4,14044,15,0
2025-01-09 04:00:00,2658.4,2662.08,2655.4,2658.44,23552,15,0
2025-01-09 08:00:00,2658.44,2666.9,2658.3,2664.91,36328,15,0
2025-01-09 12:00:00,2664.91,2678.27,2664.4,2672.72,44103,15,0
2025-01-09 16:00:00,2672.72,2675.65,2662.73,2665.98,45035,15,0
2025-01-09 20:00:00,2665.98,2672.54,2665.12,2670.05,20980,15,0
2025-01-10 00:00:00,2669.27,2671.94,2668.27,2671.12,14820,15,0
2025-01-10 04:00:00,2671.12,2675.81,2670.44,2674.87,22827,15,0
2025-01-10 08:00:00,2674.87,2682.31,2673.52,2678.63,39805,15,0
2025-01-10 12:00:00,2678.63,2683.71,2663.99,2682.72,51693,15,0
2025-01-10 16:00:00,2682.69,2697.85,2680.83,2696.08,80210,15,0
2025-01-10 20:00:00,2696.08,2697.17,2684.42,2689.15,36442,15,0
2025-01-13 00:00:00,2686.94,2693.37,2679.32,2685.67,19926,15,0
2025-01-13 04:00:00,2685.68,2690.74,2683.26,2686.91,27598,15,0
2025-01-13 08:00:00,2686.91,2691.25,2683.09,2684.83,43572,15,0
2025-01-13 12:00:00,2684.83,2685.0,2663.6,2669.27,59515,15,0
2025-01-13 16:00:00,2669.27,2674.28,2659.24,2660.76,61126,15,0
2025-01-13 20:00:00,2660.76,2664.08,2656.72,2662.77,26317,15,0
2025-01-14 00:00:00,2662.32,2672.11,2662.3,2670.6,22596,15,0
2025-01-14 04:00:00,2670.6,2675.28,2667.22,2668.5,32215,15,0
2025-01-14 08:00:00,2668.5,2674.42,2664.82,2667.27,42755,15,0
2025-01-14 12:00:00,2667.27,2674.29,2660.9,2662.85,50933,15,0
2025-01-14 16:00:00,2662.85,2674.0,2659.85,2668.95,64240,15,0
2025-01-14 20:00:00,2668.95,2678.04,2666.56,2676.96,28144,15,0
2025-01-15 00:00:00,2675.42,2678.67,2669.71,2669.76,14896,15,0
2025-01-15 04:00:00,2669.76,2679.41,2669.24,2679.39,26782,15,0
2025-01-15 08:00:00,2679.39,2688.47,2678.98,2685.92,40583,15,0
2025-01-15 12:00:00,2685.92,2694.1,2682.05,2693.85,55845,15,0
2025-01-15 16:00:00,2693.76,2695.99,2676.62,2692.82,70997,15,0
2025-01-15 20:00:00,2692.82,2697.3,2691.0,2695.86,28896,15,0
2025-01-16 00:00:00,2694.86,2702.08,2692.1,2696.03,26493,15,0
2025-01-16 04:00:00,2696.06,2698.39,2693.75,2694.75,28645,15,0
2025-01-16 08:00:00,2694.76,2706.19,2689.94,2705.52,47193,15,0
2025-01-16 12:00:00,2705.47,2718.23,2700.22,2715.45,53665,15,0
2025-01-16 16:00:00,2715.45,2724.74,2712.54,2721.64,69097,15,0
2025-01-16 20:00:00,2721.64,2723.3,2712.45,2714.4,32282,15,0
2025-01-17 00:00:00,2714.17,2716.12,2709.84,2714.6,19859,15,0
2025-01-17 04:00:00,2714.6,2717.4,2711.05,2711.59,28339,15,0
2025-01-17 08:00:00,2711.59,2714.74,2704.01,2705.08,41842,15,0
2025-01-17 12:00:00,2705.08,2712.07,2702.9,2704.99,51587,15,0
2025-01-17 16:00:00,2704.99,2717.36,2702.52,2712.63,60167,15,0
2025-01-17 20:00:00,2712.63,2713.33,2699.14,2702.47,31249,15,0
2025-01-20 00:00:00,2702.57,2703.46,2689.23,2693.88,25947,15,0
2025-01-20 04:00:00,2693.89,2707.52,2693.63,2707.12,35697,15,0
2025-01-20 08:00:00,2707.12,2713.74,2702.78,2706.06,41255,15,0
2025-01-20 12:00:00,2706.06,2712.36,2701.5,2704.99,51754,15,0
2025-01-20 16:00:00,2705.04,2712.3,2703.19,2707.46,50653,15,0
2025-01-20 20:00:00,2707.46,2711.15,2705.63,2708.6,5925,15,0
2025-01-21 00:00:00,2705.2,2719.17,2702.76,2717.85,31756,15,0
2025-01-21 04:00:00,2717.85,2729.16,2717.7,2726.05,44002,15,0
2025-01-21 08:00:00,2726.05,2732.94,2717.97,2721.29,52183,15,0
2025-01-21 12:00:00,2721.23,2730.05,2716.51,2726.35,56893,15,0
2025-01-21 16:00:00,2726.32,2745.68,2725.3,2740.27,64584,15,0
2025-01-21 20:00:00,2740.28,2745.97,2739.9,2744.54,26226,15,0
2025-01-22 00:00:00,2744.74,2749.94,2741.74,2748.01,23891,15,0
2025-01-22 04:00:00,2748.01,2758.55,2746.25,2758.08,36599,15,0
2025-01-22 08:00:00,2758.08,2762.32,2745.52,2758.41,53006,15,0
2025-01-22 12:00:00,2758.41,2763.42,2751.02,2757.69,51576,15,0
2025-01-22 16:00:00,2757.69,2760.2,2750.29,2756.61,58233,15,0
2025-01-22 20:00:00,2756.61,2759.43,2754.77,2756.13,25315,15,0
2025-01-23 00:00:00,2756.06,2756.42,2750.52,2752.58,19512,15,0
2025-01-23 04:00:00,2752.55,2754.89,2749.48,2752.05,30177,15,0
2025-01-23 08:00:00,2752.05,2755.53,2740.86,2745.85,42836,15,0
2025-01-23 12:00:00,2745.85,2754.33,2735.87,2741.63,61366,15,0
2025-01-23 16:00:00,2741.64,2758.79,2740.41,2757.69,60793,15,0
2025-01-23 20:00:00,2757.69,2758.17,2751.38,2754.32,28741,15,0
2025-01-24 00:00:00,2752.51,2762.48,2752.5,2762.26,15327,15,0
2025-01-24 04:00:00,2762.26,2777.27,2762.26,2775.19,40943,15,0
2025-01-24 08:00:00,2775.19,2778.23,2770.03,2772.82,36334,15,0
2025-01-24 12:00:00,2772.82,2784.59,2771.49,2782.41,37119,15,0
2025-01-24 16:00:00,2782.41,2785.96,2769.95,2773.25,54371,15,0
2025-01-24 20:00:00,2773.25,2775.28,2770.54,2770.89,20006,15,0
2025-01-27 00:00:00,2769.69,2772.56,2762.88,2762.96,20280,15,0
2025-01-27 04:00:00,2762.96,2763.61,2752.79,2753.18,34250,15,0
2025-01-27 08:00:00,2753.18,2764.96,2747.33,2763.38,46197,15,0
2025-01-27 12:00:00,2763.38,2771.97,2752.29,2757.22,49112,15,0
2025-01-27 16:00:00,2757.22,2757.89,2730.53,2733.74,54134,15,0
2025-01-27 20:00:00,2733.74,2743.86,2733.1,2740.4,21979,15,0
2025-01-28 00:00:00,2738.31,2745.17,2738.31,2741.43,14218,15,0
2025-01-28 04:00:00,2741.42,2744.88,2737.82,2741.72,23644,15,0
2025-01-28 08:00:00,2741.67,2745.01,2734.73,2743.5,28605,15,0
2025-01-28 12:00:00,2743.5,2749.54,2741.0,2748.79,37519,15,0
2025-01-28 16:00:00,2748.79,2760.2,2748.79,2759.68,59963,15,0
2025-01-28 20:00:00,2759.68,2765.0,2759.29,2763.03,31583,15,0
2025-01-29 00:00:00,2762.5,2766.16,2762.04,2763.76,15495,15,0
2025-01-29 04:00:00,2763.76,2765.63,2760.07,2760.61,28753,15,0
2025-01-29 08:00:00,2760.61,2766.1,2757.37,2762.71,32444,15,0
2025-01-29 12:00:00,2762.71,2763.32,2752.19,2758.65,45182,15,0
2025-01-29 16:00:00,2758.61,2761.07,2748.33,2752.83,50369,15,0
2025-01-29 20:00:00,2752.84,2759.58,2744.73,2759.22,40028,15,0
2025-01-30 00:00:00,2756.51,2762.61,2756.51,2760.08,11103,15,0
2025-01-30 04:00:00,2760.08,2763.32,2758.7,2760.58,18035,15,0
2025-01-30 08:00:00,2760.58,2776.53,2760.24,2774.24,31490,15,0
2025-01-30 12:00:00,2774.24,2785.98,2773.82,2785.77,36672,15,0
2025-01-30 16:00:00,2785.76,2798.39,2780.11,2795.58,71703,15,0
2025-01-30 20:00:00,2795.58,2798.3,2790.62,2793.67,34049,15,0
2025-01-31 00:00:00,2794.3,2799.37,2790.37,2796.3,14991,15,0
2025-01-31 04:00:00,2796.3,2798.16,2793.94,2795.54,23506,15,0
2025-01-31 08:00:00,2795.54,2800.93,2791.69,2793.69,32390,15,0
2025-01-31 12:00:00,2793.69,2808.3,2791.03,2806.33,40307,15,0
2025-01-31 16:00:00,2806.35,2817.13,2803.02,2808.62,62547,15,0
2025-01-31 20:00:00,2808.62,2808.84,2794.26,2798.67,51862,15,0
2025-02-03 00:00:00,2792.23,2802.81,2778.32,2782.18,32468,15,0
2025-02-03 04:00:00,2782.18,2785.16,2772.14,2783.12,50467,15,0
2025-02-03 08:00:00,2783.12,2800.83,2782.83,2796.4,50654,15,0
2025-02-03 12:00:00,2796.4,2811.86,2793.07,2811.05,46244,15,0
2025-02-03 16:00:00,2811.05,2830.7,2810.21,2817.12,69874,15,0
2025-02-03 20:00:00,2817.12,2823.0,2812.3,2814.53,38781,15,0
2025-02-04 00:00:00,2813.48,2824.2,2812.0,2823.41,14895,15,0
2025-02-04 04:00:00,2823.41,2824.56,2813.43,2815.78,38322,15,0
2025-02-04 08:00:00,2815.78,2821.73,2807.32,2820.46,53534,15,0
2025-02-04 12:00:00,2820.46,2836.98,2812.6,2831.59,55335,15,0
2025-02-04 16:00:00,2831.59,2845.35,2828.94,2843.92,71306,15,0
2025-02-04 20:00:00,2843.91,2844.98,2840.9,2841.72,33135,15,0
2025-02-05 00:00:00,2842.03,2849.17,2839.07,2844.53,24779,15,0
2025-02-05 04:00:00,2844.54,2860.7,2844.05,2859.26,30700,15,0
2025-02-05 08:00:00,2859.26,2872.07,2854.95,2870.32,40350,15,0
2025-02-05 12:00:00,2870.32,2877.04,2858.61,2861.85,53636,15,0
2025-02-05 16:00:00,2861.84,2882.24,2860.64,2873.01,71083,15,0
2025-02-05 20:00:00,2873.01,2873.5,2859.89,2866.82,38397,15,0
2025-02-06 00:00:00,2864.72,2871.77,2862.71,2871.6,19089,15,0
2025-02-06 04:00:00,2871.61,2873.33,2864.36,2868.27,31440,15,0
2025-02-06 08:00:00,2868.27,2871.26,2848.74,2859.27,49752,15,0
2025-02-06 12:00:00,2859.27,2870.35,2855.53,2856.7,55024,15,0
2025-02-06 16:00:00,2856.7,2859.83,2834.15,2852.23,65674,15,0
2025-02-06 20:00:00,2852.23,2857.33,2849.75,2855.44,34028,15,0
2025-02-07 00:00:00,2855.98,2868.04,2855.56,2866.22,14783,15,0
2025-02-07 04:00:00,2866.22,2870.43,2862.05,2862.13,30322,15,0
2025-02-07 08:00:00,2862.13,2870.77,2858.89,2868.96,41844,15,0
2025-02-07 12:00:00,2868.96,2871.16,2852.52,2862.44,53839,15,0
2025-02-07 16:00:00,2862.44,2886.83,2853.29,2859.97,77375,15,0
2025-02-07 20:00:00,2859.96,2865.17,2858.97,2860.44,30693,15,0
2025-02-10 00:00:00,2860.83,2876.61,2860.78,2871.85,25939,15,0
2025-02-10 04:00:00,2871.85,2880.03,2871.31,2879.13,32456,15,0
2025-02-10 08:00:00,2879.13,2903.26,2878.79,2903.01,50046,15,0
2025-02-10 12:00:00,2903.0,2910.97,2898.14,2901.16,57978,15,0
2025-02-10 16:00:00,2901.07,2911.63,2896.27,2903.18,60714,15,0
2025-02-10 20:00:00,2903.18,2908.25,2900.76,2907.84,30941,15,0
2025-02-11 00:00:00,2907.8,2936.06,2907.2,2933.87,29828,15,0
2025-02-11 04:00:00,2933.93,2942.73,2905.47,2922.93,51394,15,0
2025-02-11 08:00:00,2922.93,2929.48,2902.9,2903.2,56892,15,0
2025-02-11 12:00:00,2903.2,2907.08,2881.69,2896.46,67382,15,0
2025-02-11 16:00:00,2896.46,2908.68,2890.72,2905.52,69053,15,0
2025-02-11 20:00:00,2905.52,2907.2,2894.01,2897.15,36966,15,0
2025-02-12 00:00:00,2898.14,2900.71,2883.46,2893.2,23847,15,0
2025-02-12 04:00:00,2893.17,2898.01,2883.72,2886.28,36543,15,0
2025-02-12 08:00:00,2886.28,2895.82,2885.62,2886.76,46015,15,0
2025-02-12 12:00:00,2886.76,2889.9,2863.94,2884.76,56299,15,0
2025-02-12 16:00:00,2884.81,2909.16,2881.89,2902.92,68419,15,0
2025-02-12 20:00:00,2902.92,2904.13,2893.47,2903.92,35924,15,0
2025-02-13 00:00:00,2901.93,2909.09,2900.55,2906.04,19689,15,0
2025-02-13 04:00:00,2906.04,2922.82,2905.24,2918.16,31541,15,0
2025-02-13 08:00:00,2918.16,2920.83,2909.34,2915.17,44160,15,0
2025-02-13 12:00:00,2915.17,2921.31,2905.86,2908.32,47781,15,0
2025-02-13 16:00:00,2908.31,2921.02,2906.49,2918.83,58300,15,0
2025-02-13 20:00:00,2918.85,2929.24,2914.3,2928.19,37529,15,0
2025-02-14 00:00:00,2929.69,2933.79,2927.38,2929.96,20312,15,0
2025-02-14 04:00:00,2929.96,2932.43,2923.22,2930.83,29573,15,0
2025-02-14 08:00:00,2930.84,2938.74,2929.73,2935.18,43706,15,0
2025-02-14 12:00:00,2935.18,2940.0,2917.75,2920.49,55911,15,0
2025-02-14 16:00:00,2920.49,2928.35,2885.42,2887.06,85039,15,0
2025-02-14 20:00:00,2887.08,2888.01,2876.89,2882.42,40244,15,0
2025-02-17 00:00:00,2883.01,2896.8,2878.75,2895.63,30166,15,0
2025-02-17 04:00:00,2895.63,2905.25,2893.87,2896.05,34721,15,0
2025-02-17 08:00:00,2896.05,2906.42,2888.14,2902.59,41344,15,0
2025-02-17 12:00:00,2902.59,2903.88,2895.35,2896.71,44588,15,0
2025-02-17 16:00:00,2896.71,2904.07,2896.39,2898.45,39372,15,0
2025-02-17 20:00:00,2898.45,2899.15,2897.08,2897.71,5505,15,0
2025-02-18 00:00:00,2898.35,2900.27,2891.89,2895.72,14539,15,0
2025-02-18 04:00:00,2895.72,2915.68,2895.27,2910.67,32453,15,0
2025-02-18 08:00:00,2910.67,2915.42,2908.09,2912.71,33635,15,0
2025-02-18 12:00:00,2912.71,2921.24,2907.06,2918.69,43609,15,0
2025-02-18 16:00:00,2918.69,2933.72,2917.76,2931.16,58739,15,0
2025-02-18 20:00:00,2931.16,2936.95,2928.31,2934.83,30635,15,0
2025-02-19 00:00:00,2934.4,2939.68,2928.22,2938.53,10891,15,0
2025-02-19 04:00:00,2938.53,2939.65,2924.02,2932.88,27172,15,0
2025-02-19 08:00:00,2932.88,2946.55,2930.45,2945.49,40357,15,0
2025-02-19 12:00:00,2945.5,2946.88,2931.21,2936.21,49647,15,0
2025-02-19 16:00:00,2936.2,2940.64,2921.36,2923.83,62689,15,0
2025-02-19 20:00:00,2923.73,2937.3,2918.46,2932.6,42481,15,0
2025-02-20 00:00:00,2933.43,2942.36,2933.3,2936.99,17984,15,0
2025-02-20 04:00:00,2937.02,2946.96,2933.84,2946.76,27892,15,0
2025-02-20 08:00:00,2946.76,2954.96,2943.95,2951.5,36424,15,0
2025-02-20 12:00:00,2951.6,2954.87,2933.78,2933.9,51979,15,0
2025-02-20 16:00:00,2933.85,2947.06,2924.02,2940.59,68780,15,0
2025-02-20 20:00:00,2940.51,2942.51,2933.58,2939.12,37402,15,0
2025-02-21 00:00:00,2938.54,2949.76,2926.86,2928.8,23788,15,0
2025-02-21 04:00:00,2928.8,2941.07,2924.13,2930.1,41024,15,0
2025-02-21 08:00:00,2930.1,2933.1,2916.66,2929.23,43402,15,0
2025-02-21 12:00:00,2929.23,2935.99,2926.93,2930.92,46342,15,0
2025-02-21 16:00:00,2930.89,2941.73,2921.72,2939.78,63923,15,0
2025-02-21 20:00:00,2939.78,2942.91,2931.96,2936.3,39922,15,0
2025-02-24 00:00:00,2934.25,2940.54,2921.2,2927.95,32407,15,0
2025-02-24 04:00:00,2928.01,2944.72,2925.02,2936.29,45299,15,0
2025-02-24 08:00:00,2936.29,2948.91,2935.12,2944.24,42073,15,0
2025-02-24 12:00:00,2944.24,2954.55,2934.9,2954.29,48339,15,0
2025-02-24 16:00:00,2954.29,2956.2,2930.74,2943.29,69394,15,0
2025-02-24 20:00:00,2943.29,2952.96,2942.74,2952.29,34212,15,0
2025-02-25 00:00:00,2952.0,2953.79,2945.17,2949.5,28076,15,0
2025-02-25 04:00:00,2949.51,2952.07,2935.02,2938.04,37502,15,0
2025-02-25 08:00:00,2938.04,2942.38,2929.47,2938.93,50322,15,0
2025-02-25 12:00:00,2938.93,2941.53,2923.94,2937.51,60579,15,0
2025-02-25 16:00:00,2937.43,2944.82,2888.14,2907.68,85656,15,0
2025-02-25 20:00:00,2907.68,2917.3,2905.38,2914.77,40238,15,0
2025-02-26 00:00:00,2912.12,2930.13,2912.12,2917.92,28106,15,0
2025-02-26 04:00:00,2917.98,2923.2,2912.55,2915.47,30883,15,0
2025-02-26 08:00:00,2915.47,2919.08,2905.75,2912.98,44871,15,0
2025-02-26 12:00:00,2912.98,2916.87,2905.47,2905.85,43612,15,0
2025-02-26 16:00:00,2905.83,2916.75,2890.81,2913.81,70236,15,0
2025-02-26 20:00:00,2913.81,2918.8,2911.95,2916.12,31594,15,0
2025-02-27 00:00:00,2916.66,2920.84,2910.96,2912.51,20380,15,0
2025-02-27 04:00:00,2912.51,2914.88,2888.53,2890.81,41046,15,0
2025-02-27 08:00:00,2890.81,2898.38,2877.06,2887.38,58042,15,0
2025-02-27 12:00:00,2887.39,2895.04,2881.14,2888.97,58541,15,0
2025-02-27 16:00:00,2888.94,2892.33,2867.75,2883.29,76743,15,0
2025-02-27 20:00:00,2883.29,2887.7,2871.2,2876.82,42993,15,0
2025-02-28 00:00:00,2875.59,2885.02,2873.76,2874.73,25239,15,0
2025-02-28 04:00:00,2874.73,2877.8,2856.82,2864.04,49116,15,0
2025-02-28 08:00:00,2864.16,2866.58,2850.97,2862.34,51617,15,0
2025-02-28 12:00:00,2862.34,2865.0,2848.33,2848.58,53369,15,0
2025-02-28 16:00:00,2848.58,2854.01,2832.6,2845.16,79131,15,0
2025-02-28 20:00:00,2845.15,2859.22,2837.98,2857.44,40964,15,0
2025-03-03 00:00:00,2855.41,2876.93,2855.41,2870.74,33815,15,0
2025-03-03 04:00:00,2870.74,2872.09,2859.35,2863.77,34218,15,0
2025-03-03 08:00:00,2863.77,2871.41,2858.83,2867.49,46645,15,0
2025-03-03 12:00:00,2867.49,2877.68,2867.24,2872.66,47056,15,0
2025-03-03 16:00:00,2872.66,2893.12,2871.33,2890.87,65401,15,0
2025-03-03 20:00:00,2890.77,2895.19,2878.28,2892.91,44474,15,0
2025-03-04 00:00:00,2892.2,2893.75,2881.88,2888.14,23742,15,0
2025-03-04 04:00:00,2888.14,2894.45,2884.74,2889.73,32945,15,0
2025-03-04 08:00:00,2889.73,2921.24,2884.32,2918.0,50849,15,0
2025-03-04 12:00:00,2918.01,2927.81,2911.95,2922.58,57242,15,0
2025-03-04 16:00:00,2922.58,2923.08,2900.42,2911.64,74885,15,0
2025-03-04 20:00:00,2911.64,2920.66,2908.17,2917.31,40774,15,0
2025-03-05 00:00:00,2917.5,2918.31,2903.55,2907.06,25408,15,0
2025-03-05 04:00:00,2907.2,2918.86,2901.93,2918.66,38301,15,0
2025-03-05 08:00:00,2918.66,2922.59,2912.98,2918.86,55415,15,0
2025-03-05 12:00:00,2918.86,2919.24,2894.36,2899.88,63781,15,0
2025-03-05 16:00:00,2899.88,2929.93,2897.69,2916.0,81806,15,0
2025-03-05 20:00:00,2916.05,2923.01,2911.35,2918.69,37834,15,0
2025-03-06 00:00:00,2919.49,2925.7,2915.8,2924.69,20020,15,0
2025-03-06 04:00:00,2924.69,2926.56,2914.51,2919.92,32365,15,0
2025-03-06 08:00:00,2919.92,2922.96,2891.2,2894.11,59542,15,0
2025-03-06 12:00:00,2894.1,2909.38,2891.86,2904.57,67722,15,0
2025-03-06 16:00:00,2904.56,2922.75,2903.32,2915.41,75012,15,0
2025-03-06 20:00:00,2915.42,2920.7,2908.34,2910.66,40347,15,0
2025-03-07 00:00:00,2911.05,2913.5,2896.62,2906.95,28574,15,0
2025-03-07 04:00:00,2906.95,2912.49,2901.09,2909.48,37711,15,0
2025-03-07 08:00:00,2909.48,2922.96,2907.64,2921.69,47223,15,0
2025-03-07 12:00:00,2921.69,2926.21,2910.36,2913.63,61872,15,0
2025-03-07 16:00:00,2913.62,2930.43,2903.9,2908.05,81378,15,0
2025-03-07 20:00:00,2908.05,2912.29,2901.93,2910.82,38693,15,0
2025-03-10 00:00:00,2911.46,2917.94,2909.66,2913.95,19467,15,0
2025-03-10 04:00:00,2913.95,2918.32,2908.07,2910.95,31658,15,0
2025-03-10 08:00:00,2910.95,2915.47,2897.64,2897.77,44346,15,0
2025-03-10 12:00:00,2897.76,2915.36,2895.46,2906.53,60703,15,0
2025-03-10 16:00:00,2906.64,2910.52,2895.79,2895.81,70797,15,0
2025-03-10 20:00:00,2895.81,2896.17,2880.21,2889.15,50254,15,0
2025-03-11 00:00:00,2888.14,2890.1,2882.31,2887.19,17426,15,0
2025-03-11 04:00:00,2887.19,2900.54,2880.09,2897.7,35584,15,0
2025-03-11 08:00:00,2897.7,2910.46,2892.67,2909.82,39345,15,0
2025-03-11 12:00:00,2909.82,2915.97,2908.84,2913.16,40327,15,0
2025-03-11 16:00:00,2913.11,2922.16,2906.83,2917.1,61299,15,0
2025-03-11 20:00:00,2917.1,2921.34,2914.19,2915.62,35712,15,0
2025-03-12 00:00:00,2914.62,2919.7,2911.89,2914.07,13919,15,0
2025-03-12 04:00:00,2914.02,2920.08,2910.74,2914.98,27280,15,0
2025-03-12 08:00:00,2914.99,2922.13,2908.87,2921.99,41833,15,0
2025-03-12 12:00:00,2921.99,2925.34,2912.14,2917.49,45997,15,0
2025-03-12 16:00:00,2917.47,2939.1,2906.2,2936.29,70030,15,0
2025-03-12 20:00:00,2936.29,2940.52,2930.69,2933.25,36786,15,0
2025-03-13 00:00:00,2934.33,2939.54,2933.36,2938.77,11810,15,0
2025-03-13 04:00:00,2940.27,2947.11,2936.47,2944.6,28472,15,0
2025-03-13 08:00:00,2944.6,2945.08,2932.82,2941.54,37750,15,0
2025-03-13 12:00:00,2941.54,2949.13,2940.99,2942.55,44649,0,0
2025-03-13 16:00:00,2942.53,2985.27,2939.14,2980.14,76173,15,0
2025-03-13 20:00:00,2980.14,2989.01,2976.24,2988.61,40676,15,0
2025-03-14 00:00:00,2986.75,2990.06,2982.85,2986.54,17846,15,0
2025-03-14 04:00:00,2986.54,2993.99,2981.67,2985.36,37860,15,0
2025-03-14 08:00:00,2985.36,2993.37,2980.69,2992.87,41090,15,0
2025-03-14 12:00:00,2992.87,3004.98,2986.64,2993.91,51709,15,0
2025-03-14 16:00:00,2993.94,2996.21,2978.39,2989.67,67631,15,0
2025-03-14 20:00:00,2989.64,2990.37,2981.81,2985.83,27779,15,0
2025-03-17 00:00:00,2984.04,2994.15,2983.21,2990.78,16630,15,0
2025-03-17 04:00:00,2990.82,2993.0,2982.34,2982.65,27084,15,0
2025-03-17 08:00:00,2982.65,2990.78,2982.17,2988.32,30925,15,0
2025-03-17 12:00:00,2988.32,3001.16,2984.75,2987.17,42341,15,0
2025-03-17 16:00:00,2987.14,3000.54,2986.05,2994.4,56469,15,0
2025-03-17 20:00:00,2994.4,3001.8,2994.4,3000.94,29481,15,0
2025-03-18 00:00:00,3000.23,3003.53,2999.4,3001.51,12043,15,0
2025-03-18 04:00:00,3001.49,3017.26,2999.3,3014.25,34309,15,0
2025-03-18 08:00:00,3014.25,3027.28,3006.03,3026.46,41081,15,0
2025-03-18 12:00:00,3026.51,3035.82,3018.16,3034.14,47620,15,0
2025-03-18 16:00:00,3034.14,3038.19,3024.58,3035.91,64117,15,0
2025-03-18 20:00:00,3035.91,3038.05,3029.8,3033.87,29642,15,0
2025-03-19 00:00:00,3032.63,3035.0,3030.33,3031.42,11827,15,0
2025-03-19 04:00:00,3031.42,3039.0,3027.43,3036.33,27946,15,0
2025-03-19 08:00:00,3036.33,3045.41,3024.5,3025.21,45019,15,0
2025-03-19 12:00:00,3025.22,3041.13,3022.69,3036.96,39550,15,0
2025-03-19 16:00:00,3036.96,3038.31,3025.83,3033.19,52959,15,0
2025-03-19 20:00:00,3033.19,3051.76,3029.35,3047.33,47238,15,0
2025-03-20 00:00:00,3044.94,3055.56,3044.94,3053.09,16006,15,0
2025-03-20 04:00:00,3053.09,3057.57,3044.85,3052.17,37206,15,0
2025-03-20 08:00:00,3052.26,3053.4,3038.62,3041.99,42468,15,0
2025-03-20 12:00:00,3041.99,3046.42,3025.67,3040.92,52526,15,0
2025-03-20 16:00:00,3040.93,3043.12,3029.86,3038.25,59539,15,0
2025-03-20 20:00:00,3038.27,3046.04,3034.68,3044.24,31458,15,0
2025-03-21 00:00:00,3044.16,3047.47,3042.26,3042.83,11573,15,0
2025-03-21 04:00:00,3042.83,3044.46,3027.89,3029.89,33652,15,0
2025-03-21 08:00:00,3029.89,3034.76,3021.7,3032.81,39463,15,0
2025-03-21 12:00:00,3032.8,3038.22,3027.62,3033.96,40165,15,0
2025-03-21 16:00:00,3033.95,3036.89,2999.29,3015.23,68298,15,0
2025-03-21 20:00:00,3015.23,3024.03,3012.97,3022.95,32100,15,0
2025-03-24 00:00:00,3020.48,3026.44,3017.15,3018.48,19679,15,0
2025-03-24 04:00:00,3018.46,3025.64,3013.71,3019.3,33760,15,0
2025-03-24 08:00:00,3019.3,3028.99,3017.2,3028.83,39239,15,0
2025-03-24 12:00:00,3028.86,3033.39,3022.37,3024.15,45914,15,0
2025-03-24 16:00:00,3024.09,3028.35,3005.83,3009.86,63253,15,0
2025-03-24 20:00:00,3009.87,3014.36,3002.41,3011.77,33802,15,0
2025-03-25 00:00:00,3011.2,3014.9,3008.88,3014.0,13436,15,0
2025-03-25 04:00:00,3014.0,3016.31,3007.45,3015.07,28895,15,0
2025-03-25 08:00:00,3015.07,3021.86,3010.53,3021.19,36516,15,0
2025-03-25 12:00:00,3021.19,3026.53,3014.12,3021.56,40742,15,0
2025-03-25 16:00:00,3021.56,3035.96,3017.9,3023.04,57683,15,0
2025-03-25 20:00:00,3023.05,3023.43,3017.71,3019.61,27073,15,0
2025-03-26 00:00:00,3019.38,3022.32,3017.68,3018.27,10977,15,0
2025-03-26 04:00:00,3018.27,3027.04,3014.28,3015.13,35328,15,0
2025-03-26 08:00:00,3015.13,3032.06,3012.93,3024.05,39933,15,0
2025-03-26 12:00:00,3024.05,3030.38,3016.95,3027.09,44116,15,0
2025-03-26 16:00:00,3027.11,3027.5,3012.25,3015.73,56178,15,0
2025-03-26 20:00:00,3015.73,3021.76,3015.28,3019.0,30108,15,0
2025-03-27 00:00:00,3017.67,3025.69,3017.62,3025.26,16657,15,0
2025-03-27 04:00:00,3025.26,3038.53,3022.83,3033.97,37246,15,0
2025-03-27 08:00:00,3033.97,3037.99,3026.77,3036.03,45844,15,0
2025-03-27 12:00:00,3036.03,3055.89,3034.57,3049.9,53657,15,0
2025-03-27 16:00:00,3049.89,3059.71,3033.57,3048.28,77297,15,0
2025-03-27 20:00:00,3048.28,3057.81,3047.85,3056.34,37692,15,0
2025-03-28 00:00:00,3055.7,3063.45,3054.06,3061.78,15542,15,0
2025-03-28 04:00:00,3061.78,3077.66,3061.56,3073.89,38553,15,0
2025-03-28 08:00:00,3073.89,3086.06,3065.96,3072.84,46551,15,0
2025-03-28 12:00:00,3072.84,3081.93,3067.29,3077.47,47656,15,0
2025-03-28 16:00:00,3077.47,3086.78,3067.43,3083.76,74278,15,0
2025-03-28 20:00:00,3083.73,3086.02,3073.46,3084.61,37136,15,0
2025-03-31 00:00:00,3078.76,3097.62,3076.98,3079.0,23889,15,0
2025-03-31 04:00:00,3078.99,3115.89,3076.57,3113.32,46230,15,0
2025-03-31 08:00:00,3113.33,3127.99,3107.45,3122.14,51949,15,0
2025-03-31 12:00:00,3122.15,3126.42,3111.79,3124.45,52657,15,0
2025-03-31 16:00:00,3124.45,3127.23,3099.88,3117.6,77558,15,0
2025-03-31 20:00:00,3117.58,3124.74,3115.9,3123.87,34693,15,0
2025-04-01 00:00:00,3122.35,3128.08,3119.93,3127.05,17425,15,0
2025-04-01 04:00:00,3127.05,3147.89,3126.55,3144.68,45389,15,0
2025-04-01 08:00:00,3144.68,3148.98,3124.02,3130.82,59978,15,0
2025-04-01 12:00:00,3130.82,3138.98,3127.67,3133.26,50647,15,0
2025-04-01 16:00:00,3133.26,3137.12,3100.8,3106.56,78929,15,0
2025-04-01 20:00:00,3106.55,3120.63,3105.63,3113.96,36956,15,0
2025-04-02 00:00:00,3114.01,3123.8,3107.72,3123.04,19921,15,0
2025-04-02 04:00:00,3123.04,3135.66,3115.39,3116.19,38197,15,0
2025-04-02 08:00:00,3116.19,3133.8,3109.49,3131.17,48403,15,0
2025-04-02 12:00:00,3131.17,3131.48,3110.09,3122.33,48338,15,0
2025-04-02 16:00:00,3122.33,3134.33,3116.59,3131.43,63651,15,0
2025-04-02 20:00:00,3131.39,3137.43,3104.78,3130.86,49738,0,0
2025-04-03 00:00:00,3136.68,3167.7,3123.06,3151.34,50001,0,0
2025-04-03 04:00:00,3151.35,3162.92,3138.98,3140.43,54103,15,0
2025-04-03 08:00:00,3140.43,3140.99,3116.49,3129.18,63688,15,0
2025-04-03 12:00:00,3129.18,3129.59,3062.17,3076.17,83652,15,0
2025-04-03 16:00:00,3076.12,3135.55,3054.21,3107.69,93845,0,0
2025-04-03 20:00:00,3107.69,3119.7,3099.96,3113.69,42613,15,0
2025-04-04 00:00:00,3115.03,3116.75,3105.87,3110.46,20998,15,0
2025-04-04 04:00:00,3110.46,3115.72,3086.83,3100.04,39236,15,0
2025-04-04 08:00:00,3100.04,3109.83,3078.33,3084.31,52762,15,0
2025-04-04 12:00:00,3084.31,3136.44,3069.72,3071.18,88119,15,0
2025-04-04 16:00:00,3071.15,3087.37,3016.98,3030.83,97736,15,0
2025-04-04 20:00:00,3030.82,3040.91,3015.7,3037.69,57570,15,0
2025-04-07 00:00:00,3007.92,3032.12,2970.32,2978.87,38147,0,0
2025-04-07 04:00:00,2978.87,3055.48,2971.68,3035.69,69252,0,0
2025-04-07 08:00:00,3035.69,3044.59,3013.18,3031.08,78543,15,0
2025-04-07 12:00:00,3031.52,3046.01,3014.76,3031.14,78473,15,0
2025-04-07 16:00:00,3031.23,3037.87,2970.15,2970.7,104662,15,0
2025-04-07 20:00:00,2970.91,2985.86,2956.59,2981.86,64082,15,0
2025-04-08 00:00:00,2981.08,2992.7,2978.47,2985.42,25039,0,0
2025-04-08 04:00:00,2985.42,3004.93,2983.51,3002.38,46647,15,0
2025-04-08 08:00:00,3002.38,3015.8,2999.42,3007.46,58447,15,0
2025-04-08 12:00:00,3007.43,3019.55,2994.71,3002.49,60268,15,0
2025-04-08 16:00:00,3002.49,3022.68,2984.29,2986.09,91642,15,0
2025-04-08 20:00:00,2986.07,2992.35,2974.56,2981.92,64648,15,0
2025-04-09 00:00:00,2981.68,2990.77,2970.01,2980.4,33827,15,0
2025-04-09 04:00:00,2980.4,3014.08,2972.37,3012.23,64881,0,0
2025-04-09 08:00:00,3012.23,3052.36,3005.32,3043.95,75897,15,0
2025-04-09 12:00:00,3044.0,3073.05,3036.03,3047.34,77072,15,0
2025-04-09 16:00:00,3047.38,3094.89,3047.23,3092.46,83511,15,0
2025-04-09 20:00:00,3092.46,3099.53,3048.63,3082.51,77665,15,0
2025-04-10 00:00:00,3082.56,3101.29,3070.66,3097.14,29875,0,0
2025-04-10 04:00:00,3097.14,3131.98,3078.41,3125.4,58306,0,0
2025-04-10 08:00:00,3125.41,3132.61,3104.63,3105.02,62033,15,0
2025-04-10 12:00:00,3104.89,3133.96,3103.42,3123.0,66642,15,0
2025-04-10 16:00:00,3123.0,3175.08,3116.0,3158.54,86253,15,0
2025-04-10 20:00:00,3158.37,3176.33,3151.4,3175.08,52569,15,0
2025-04-11 00:00:00,3175.43,3218.08,3174.47,3205.65,38776,0,0
2025-04-11 04:00:00,3205.64,3220.09,3200.9,3208.43,59057,15,0
2025-04-11 08:00:00,3208.4,3227.35,3187.09,3215.89,74468,15,0
2025-04-11 12:00:00,3215.89,3237.78,3210.02,3233.49,67493,15,0
2025-04-11 16:00:00,3233.49,3245.31,3219.55,3223.33,85128,15,0
2025-04-11 20:00:00,3223.33,3238.77,3223.33,3237.55,48092,15,0
2025-04-14 00:00:00,3228.35,3229.07,3209.09,3220.84,23078,0,0
2025-04-14 04:00:00,3220.86,3245.71,3215.31,3227.36,39884,15,0
2025-04-14 08:00:00,3227.36,3238.11,3216.47,3226.95,49451,15,0
2025-04-14 12:00:00,3226.95,3231.58,3200.65,3206.86,59989,15,0
2025-04-14 16:00:00,3206.85,3215.62,3193.63,3207.61,74733,15,0
2025-04-14 20:00:00,3207.6,3216.49,3201.33,3210.18,39536,15,0
2025-04-15 00:00:00,3208.92,3215.34,3208.28,3211.8,13825,15,0
2025-04-15 04:00:00,3211.8,3232.58,3209.89,3231.77,37700,15,0
2025-04-15 08:00:00,3231.73,3232.16,3217.37,3227.61,47702,15,0
2025-04-15 12:00:00,3227.61,3230.12,3214.25,3221.37,42519,15,0
2025-04-15 16:00:00,3221.37,3226.89,3211.56,3221.35,61141,15,0
2025-04-15 20:00:00,3221.35,3233.49,3220.42,3229.18,35623,15,0
2025-04-16 00:00:00,3228.81,3268.0,3228.81,3264.59,30924,15,0
2025-04-16 04:00:00,3264.59,3287.58,3255.84,3283.78,53213,15,0
2025-04-16 08:00:00,3283.78,3317.91,3283.6,3306.92,65305,15,0
2025-04-16 12:00:00,3306.92,3313.59,3292.85,3307.32,57185,15,0
2025-04-16 16:00:00,3307.32,3333.01,3296.75,3327.3,77152,15,0
2025-04-16 20:00:00,3327.33,3342.73,3324.34,3342.71,51815,15,0
2025-04-17 00:00:00,3341.46,3357.8,3341.46,3345.23,29201,0,0
2025-04-17 04:00:00,3345.19,3356.15,3320.74,3341.48,58896,15,0
2025-04-17 08:00:00,3341.48,3345.49,3312.65,3324.27,58330,15,0
2025-04-17 12:00:00,3324.27,3342.04,3320.61,3328.21,52797,15,0
2025-04-17 16:00:00,3328.22,3331.99,3283.86,3316.21,88582,15,0
2025-04-17 20:00:00,3316.21,3328.54,3310.89,3326.94,40531,15,0
2025-04-21 00:00:00,3327.63,3370.63,3327.63,3368.67,35767,0,0
2025-04-21 04:00:00,3368.65,3385.17,3367.31,3376.48,52257,15,0
2025-04-21 08:00:00,3376.49,3396.06,3375.85,3392.72,55394,15,0
2025-04-21 12:00:00,3392.72,3415.73,3386.48,3414.99,59438,15,0
2025-04-21 16:00:00,3414.88,3430.32,3405.2,3414.44,76327,15,0
2025-04-21 20:00:00,3414.44,3430.41,3406.0,3423.92,52819,15,0
2025-04-22 00:00:00,3422.19,3444.54,3411.93,3425.42,38090,15,0
2025-04-22 04:00:00,3425.42,3494.79,3421.82,3484.56,68444,15,0
2025-04-22 08:00:00,3484.56,3500.03,3443.19,3444.0,81967,15,0
2025-04-22 12:00:00,3444.0,3468.31,3424.38,3431.64,71751,15,0
2025-04-22 16:00:00,3431.53,3449.76,3372.12,3393.0,101024,15,0
2025-04-22 20:00:00,3393.09,3410.36,3366.81,3380.67,66513,15,0
2025-04-23 00:00:00,3351.37,3371.31,3312.49,3367.75,47033,0,0
2025-04-23 04:00:00,3367.75,3386.72,3329.22,3346.85,69577,15,0
2025-04-23 08:00:00,3346.85,3349.53,3291.63,3321.64,73215,15,0
2025-04-23 12:00:00,3321.64,3340.61,3310.56,3310.74,59775,15,0
2025-04-23 16:00:00,3310.77,3313.68,3260.16,3295.13,96811,15,0
2025-04-23 20:00:00,3295.09,3301.49,3277.81,3288.01,38805,15,0
2025-04-24 00:00:00,3287.47,3339.04,3287.47,3331.72,22819,15,0
2025-04-24 04:00:00,3331.69,3367.53,3320.58,3326.17,54205,15,0
2025-04-24 08:00:00,3326.17,3341.71,3314.55,3336.19,64335,15,0
2025-04-24 12:00:00,3336.19,3344.7,3325.44,3335.97,56276,15,0
2025-04-24 16:00:00,3335.96,3336.25,3306.63,3331.6,83425,15,0
2025-04-24 20:00:00,3331.6,3349.98,3329.94,3348.39,43802,15,0
2025-04-25 00:00:00,3348.71,3370.79,3346.89,3357.69,34031,15,0
2025-04-25 04:00:00,3357.71,3363.07,3316.34,3324.73,57079,15,0
2025-04-25 08:00:00,3324.73,3327.2,3286.82,3303.84,70361,15,0
2025-04-25 12:00:00,3304.0,3308.91,3287.96,3292.74,59552,15,0
2025-04-25 16:00:00,3292.74,3292.87,3264.99,3285.34,79150,15,0
2025-04-25 20:00:00,3285.51,3319.21,3281.8,3318.92,43500,15,0
2025-04-28 00:00:00,3322.59,3336.8,3298.61,3314.14,24586,15,0
2025-04-28 04:00:00,3314.14,3315.03,3267.96,3298.92,36855,15,0
2025-04-28 08:00:00,3298.92,3301.0,3277.75,3282.66,49580,15,0
2025-04-28 12:00:00,3282.66,3302.33,3273.06,3296.12,38217,15,0
2025-04-28 16:00:00,3296.16,3339.2,3286.95,3336.64,60603,15,0
2025-04-28 20:00:00,3336.64,3353.01,3333.21,3344.2,27486,15,0
2025-04-29 00:00:00,3342.99,3348.65,3327.72,3329.88,14802,15,0
2025-04-29 04:00:00,3329.89,3340.03,3306.69,3309.28,27910,15,0
2025-04-29 08:00:00,3309.28,3324.9,3305.05,3311.92,43060,15,0
2025-04-29 12:00:00,3311.92,3316.05,3300.55,3312.97,49046,15,0
2025-04-29 16:00:00,3312.97,3330.07,3299.56,3328.85,68377,15,0
2025-04-29 20:00:00,3328.85,3329.78,3313.19,3316.9,39115,15,0
2025-04-30 00:00:00,3313.84,3328.04,3311.03,3313.22,22863,15,0
2025-04-30 04:00:00,3313.22,3322.86,3301.21,3307.97,42203,15,0
2025-04-30 08:00:00,3308.0,3314.78,3280.32,3284.55,50329,15,0
2025-04-30 12:00:00,3284.55,3304.72,3266.86,3298.75,57745,15,0
2025-04-30 16:00:00,3298.72,3319.87,3292.91,3310.88,74914,15,0
2025-04-30 20:00:00,3310.79,3313.61,3283.11,3287.97,42193,15,0
2025-05-01 00:00:00,3288.45,3290.26,3241.15,3246.41,35170,0,0
2025-05-01 04:00:00,3246.41,3251.8,3221.36,3226.66,47054,15,0
2025-05-01 08:00:00,3226.66,3243.24,3223.35,3235.15,48532,15,0
2025-05-01 12:00:00,3235.15,3236.21,3201.93,3226.9,58865,15,0
2025-05-01 16:00:00,3226.84,3233.42,3204.93,3219.69,69883,15,0
2025-05-01 20:00:00,3219.69,3239.56,3209.76,3237.61,42607,15,0
2025-05-02 00:00:00,3238.32,3244.32,3227.44,3231.22,26072,15,0
2025-05-02 04:00:00,3231.29,3258.69,3231.27,3251.79,41420,15,0
2025-05-02 08:00:00,3251.79,3263.28,3245.84,3258.09,44561,15,0
2025-05-02 12:00:00,3258.09,3269.28,3250.27,3250.33,54632,15,0
2025-05-02 16:00:00,3250.28,3264.59,3222.81,3225.03,81820,15,0
2025-05-02 20:00:00,3225.03,3241.35,3223.61,3240.94,43000,15,0
2025-05-05 00:00:00,3238.35,3252.35,3237.36,3246.65,28507,15,0
2025-05-05 04:00:00,3246.65,3272.42,3246.48,3256.64,46355,15,0
2025-05-05 08:00:00,3256.64,3283.05,3254.03,3282.63,49296,15,0
2025-05-05 12:00:00,3282.64,3322.66,3282.25,3319.71,63387,15,0
2025-05-05 16:00:00,3319.7,3328.92,3305.63,3309.73,64171,15,0
2025-05-05 20:00:00,3309.73,3337.58,3309.11,3333.66,44449,15,0
2025-05-06 00:00:00,3336.3,3338.04,3321.96,3329.58,25991,15,0
2025-05-06 04:00:00,3329.58,3387.02,3329.58,3363.15,65846,15,0
2025-05-06 08:00:00,3363.15,3383.17,3350.25,3377.1,55143,15,0
2025-05-06 12:00:00,3377.1,3392.42,3371.42,3390.98,56454,15,0
2025-05-06 16:00:00,3390.98,3411.65,3378.16,3408.96,73059,15,0
2025-05-06 20:00:00,3408.96,3434.72,3407.49,3430.25,49752,15,0
2025-05-07 00:00:00,3434.61,3438.26,3360.51,3379.8,50560,15,0
2025-05-07 04:00:00,3379.62,3393.76,3360.2,3382.01,54661,15,0
2025-05-07 08:00:00,3382.01,3397.42,3378.26,3382.7,47941,15,0
2025-05-07 12:00:00,3382.7,3393.89,3369.35,3390.8,53669,15,0
2025-05-07 16:00:00,3390.81,3398.04,3375.74,3386.97,63885,15,0
2025-05-07 20:00:00,3386.97,3397.89,3363.39,3364.15,56339,15,0
2025-05-08 00:00:00,3364.83,3387.05,3364.83,3380.54,26442,15,0
2025-05-08 04:00:00,3380.56,3414.72,3379.23,3382.12,58485,15,0
2025-05-08 08:00:00,3382.15,3384.33,3320.24,3339.28,70258,15,0
2025-05-08 12:00:00,3339.28,3358.6,3330.36,3356.17,59204,15,0
2025-05-08 16:00:00,3356.17,3369.38,3304.43,3310.28,83918,15,0
2025-05-08 20:00:00,3310.28,3311.29,3288.8,3305.7,52412,15,0
2025-05-09 00:00:00,3303.85,3323.99,3303.85,3322.29,30752,15,0
2025-05-09 04:00:00,3322.25,3327.51,3274.81,3324.69,62935,15,0
2025-05-09 08:00:00,3324.69,3332.32,3312.87,3328.52,59111,15,0
2025-05-09 12:00:00,3328.49,3338.38,3322.0,3333.61,52734,15,0
2025-05-09 16:00:00,3333.61,3347.49,3320.24,3336.83,73615,15,0
2025-05-09 20:00:00,3336.83,3342.98,3325.08,3326.39,39790,15,0
2025-05-12 00:00:00,3285.86,3293.18,3265.9,3279.2,39602,0,0
2025-05-12 04:00:00,3279.24,3284.77,3258.94,3278.69,57616,15,0
2025-05-12 08:00:00,3278.69,3281.7,3216.09,3231.33,76953,15,0
2025-05-12 12:00:00,3231.36,3234.21,3207.72,3233.58,69976,15,0
2025-05-12 16:00:00,3233.46,3248.72,3223.12,3224.29,83928,15,0
2025-05-12 20:00:00,3224.18,3238.86,3220.33,3234.64,46322,15,0
2025-05-13 00:00:00,3234.58,3243.2,3229.78,3239.81,27905,15,0
2025-05-13 04:00:00,3239.81,3253.56,3215.82,3252.54,55425,15,0
2025-05-13 08:00:00,3252.5,3265.68,3247.23,3255.62,56306,15,0
2025-05-13 12:00:00,3255.62,3258.64,3237.25,3241.88,55448,15,0
2025-05-13 16:00:00,3241.88,3257.82,3225.56,3250.97,75946,15,0
2025-05-13 20:00:00,3250.91,3254.84,3242.03,3249.76,39076,15,0
2025-05-14 00:00:00,3249.21,3257.12,3240.49,3243.91,24440,15,0
2025-05-14 04:00:00,3243.91,3251.97,3222.53,3224.0,57661,15,0
2025-05-14 08:00:00,3224.01,3243.9,3221.72,3232.5,59522,15,0
2025-05-14 12:00:00,3232.5,3239.16,3184.23,3184.78,65269,15,0
2025-05-14 16:00:00,3184.78,3198.36,3173.84,3188.6,82822,15,0
2025-05-14 20:00:00,3188.6,3190.57,3168.03,3177.24,49553,15,0
2025-05-15 00:00:00,3176.4,3187.95,3175.77,3187.67,23976,15,0
2025-05-15 04:00:00,3187.67,3192.7,3135.52,3138.45,60118,15,0
2025-05-15 08:00:00,3138.45,3164.18,3120.68,3162.48,70892,15,0
2025-05-15 12:00:00,3162.48,3189.87,3159.24,3188.94,61694,15,0
2025-05-15 16:00:00,3188.93,3222.66,3185.23,3222.41,76212,15,0
2025-05-15 20:00:00,3222.42,3242.92,3216.38,3239.44,45486,0,0
2025-05-16 00:00:00,3239.31,3252.26,3231.94,3243.06,36738,15,0
2025-05-16 04:00:00,3243.06,3244.62,3206.6,3219.65,58195,15,0
2025-05-16 08:00:00,3219.61,3231.35,3195.48,3207.36,58654,15,0
2025-05-16 12:00:00,3207.36,3212.93,3154.28,3177.42,68094,15,0
2025-05-16 16:00:00,3177.39,3189.84,3165.87,3189.42,71701,15,0
2025-05-16 20:00:00,3189.42,3202.86,3183.36,3202.39,39966,15,0
2025-05-19 00:00:00,3211.5,3249.84,3205.06,3246.55,39154,0,0
2025-05-19 04:00:00,3246.5,3246.72,3206.64,3215.79,51432,15,0
2025-05-19 08:00:00,3215.79,3244.83,3214.96,3244.3,54202,15,0
2025-05-19 12:00:00,3244.3,3248.52,3228.86,3229.31,51569,15,0
2025-05-19 16:00:00,3229.23,3241.6,3217.17,3231.87,67052,15,0
2025-05-19 20:00:00,3231.87,3235.91,3225.26,3229.99,35399,15,0
2025-05-20 00:00:00,3229.46,3231.28,3214.1,3222.84,24913,15,0
2025-05-20 04:00:00,3222.89,3232.76,3204.69,3217.17,51543,15,0
2025-05-20 08:00:00,3217.17,3235.98,3207.9,3235.97,53296,15,0
2025-05-20 12:00:00,3235.97,3250.91,3230.51,3242.91,53204,15,0
2025-05-20 16:00:00,3242.91,3285.84,3232.99,3278.75,77215,15,0
2025-05-20 20:00:00,3278.74,3295.7,3278.3,3289.36,43006,15,0
2025-05-21 00:00:00,3289.37,3304.19,3288.52,3303.53,31037,15,0
2025-05-21 04:00:00,3303.53,3314.65,3285.46,3302.18,53433,15,0
2025-05-21 08:00:00,3302.18,3320.76,3298.35,3308.5,56344,15,0
2025-05-21 12:00:00,3308.5,3318.39,3290.73,3302.7,57536,15,0
2025-05-21 16:00:00,3302.66,3315.31,3295.32,3303.23,69695,15,0
2025-05-21 20:00:00,3303.23,3324.91,3302.73,3314.84,49167,15,0
2025-05-22 00:00:00,3317.0,3326.18,3313.73,3323.69,26653,15,0
2025-05-22 04:00:00,3323.69,3345.36,3320.31,3338.39,52683,15,0
2025-05-22 08:00:00,3338.39,3339.59,3310.16,3311.19,59862,15,0
2025-05-22 12:00:00,3311.15,3314.81,3283.06,3304.22,72960,15,0
2025-05-22 16:00:00,3304.17,3315.83,3279.15,3301.43,81087,15,0
2025-05-22 20:00:00,3301.43,3301.84,3289.05,3294.59,45272,15,0
2025-05-23 00:00:00,3294.52,3308.93,3287.07,3300.93,27901,15,0
2025-05-23 04:00:00,3300.93,3316.25,3290.99,3313.55,46882,15,0
2025-05-23 08:00:00,3313.54,3334.5,3312.46,3326.29,55933,15,0
2025-05-23 12:00:00,3326.29,3360.37,3323.37,3356.85,69379,15,0
2025-05-23 16:00:00,3356.85,3364.78,3336.64,3358.88,81224,15,0
2025-05-23 20:00:00,3358.88,3366.0,3356.09,3356.09,43432,15,0
2025-05-26 00:00:00,3357.18,3358.07,3331.61,3342.05,31514,15,0
2025-05-26 04:00:00,3342.14,3356.88,3335.51,3349.76,42688,15,0
2025-05-26 08:00:00,3349.76,3351.95,3331.04,3334.67,46830,15,0
2025-05-26 12:00:00,3334.76,3336.17,3323.71,3334.26,39269,15,0
2025-05-26 16:00:00,3334.22,3343.61,3331.47,3341.99,41705,15,0
2025-05-26 20:00:00,3341.99,3343.23,3340.43,3341.73,7823,15,0
2025-05-27 00:00:00,3342.25,3350.07,3342.25,3345.17,23225,15,0
2025-05-27 04:00:00,3345.17,3347.4,3330.7,3330.82,44346,15,0
2025-05-27 08:00:00,3330.82,3332.79,3292.53,3298.45,67594,15,0
2025-05-27 12:00:00,3298.45,3309.7,3287.66,3293.6,60807,15,0
2025-05-27 16:00:00,3293.6,3304.93,3285.33,3297.82,67545,15,0
2025-05-27 20:00:00,3297.82,3308.05,3296.76,3300.45,34495,15,0
2025-05-28 00:00:00,3299.96,3315.92,3296.83,3308.62,24705,15,0
2025-05-28 04:00:00,3308.62,3313.63,3291.57,3296.51,48024,15,0
2025-05-28 08:00:00,3296.51,3323.86,3295.92,3321.58,54811,15,0
2025-05-28 12:00:00,3321.58,3325.45,3305.33,3312.17,50597,15,0
2025-05-28 16:00:00,3312.17,3316.44,3288.64,3293.54,66916,15,0
2025-05-28 20:00:00,3293.54,3303.05,3276.45,3288.32,42581,15,0
2025-05-29 00:00:00,3286.74,3294.9,3250.05,3265.0,45663,15,0
2025-05-29 04:00:00,3265.0,3280.23,3245.43,3269.26,56779,15,0
2025-05-29 08:00:00,3269.26,3289.37,3265.96,3281.61,51711,15,0
2025-05-29 12:00:00,3281.61,3317.49,3276.25,3316.39,59264,15,0
2025-05-29 16:00:00,3316.38,3331.08,3304.74,3322.22,70108,15,0
2025-05-29 20:00:00,3322.18,3325.87,3315.2,3317.56,39023,15,0
2025-05-30 00:00:00,3317.1,3321.03,3309.57,3312.44,25012,15,0
2025-05-30 04:00:00,3312.43,3322.74,3291.35,3296.19,50910,15,0
2025-05-30 08:00:00,3296.31,3305.04,3287.42,3295.66,53203,15,0
2025-05-30 12:00:00,3295.67,3306.8,3282.97,3304.03,55298,15,0
2025-05-30 16:00:00,3304.03,3308.26,3271.82,3293.43,73469,15,0
2025-05-30 20:00:00,3293.39,3295.79,3288.58,3289.47,29704,15,0
2025-06-02 00:00:00,3298.52,3316.66,3295.88,3311.27,28618,15,0
2025-06-02 04:00:00,3311.27,3318.21,3301.41,3313.88,36702,15,0
2025-06-02 08:00:00,3313.88,3359.0,3313.74,3352.1,52738,15,0
2025-06-02 12:00:00,3352.1,3363.64,3344.44,3355.51,52789,15,0
2025-06-02 16:00:00,3355.51,3379.35,3350.45,3371.75,69141,15,0
2025-06-02 20:00:00,3371.69,3382.84,3370.84,3381.49,38042,15,0
2025-06-03 00:00:00,3381.08,3392.22,3373.79,3375.82,26556,15,0
2025-06-03 04:00:00,3375.82,3378.08,3359.24,3362.71,51077,15,0
2025-06-03 08:00:00,3362.71,3367.82,3351.1,3361.28,52968,15,0
2025-06-03 12:00:00,3361.28,3363.08,3348.9,3359.3,49204,15,0
2025-06-03 16:00:00,3359.3,3363.14,3333.02,3348.38,65518,15,0
2025-06-03 20:00:00,3348.38,3355.52,3347.29,3353.24,30189,15,0
2025-06-04 00:00:00,3353.17,3361.51,3349.73,3350.26,24978,15,0
2025-06-04 04:00:00,3350.24,3372.63,3346.41,3354.77,47532,15,0
2025-06-04 08:00:00,3354.77,3365.25,3347.91,3362.7,52695,15,0
2025-06-04 12:00:00,3362.77,3365.03,3343.7,3358.82,57640,15,0
2025-06-04 16:00:00,3358.83,3384.7,3350.82,3375.15,66401,15,0
2025-06-04 20:00:00,3375.15,3382.17,3370.71,3372.45,32511,15,0
2025-06-05 00:00:00,3372.39,3381.75,3372.13,3380.31,23510,15,0
2025-06-05 04:00:00,3380.31,3384.16,3363.94,3368.47,43752,15,0
2025-06-05 08:00:00,3368.47,3376.95,3361.14,3375.17,46597,15,0
2025-06-05 12:00:00,3375.17,3403.57,3374.01,3383.13,69991,15,0
2025-06-05 16:00:00,3383.13,3388.46,3339.46,3354.11,92180,15,0
2025-06-05 20:00:00,3354.11,3361.42,3348.84,3352.68,45910,15,0
2025-06-06 00:00:00,3353.39,3364.11,3353.21,3359.34,25732,15,0
2025-06-06 04:00:00,3359.34,3374.62,3356.28,3373.57,44393,15,0
2025-06-06 08:00:00,3373.57,3375.53,3352.85,3365.42,56485,15,0
2025-06-06 12:00:00,3365.42,3365.48,3343.51,3353.39,56485,15,0
2025-06-06 16:00:00,3353.34,3360.84,3316.41,3322.81,83961,15,0
2025-06-06 20:00:00,3322.76,3326.82,3307.16,3311.49,40599,15,0
2025-06-09 00:00:00,3314.56,3321.07,3298.35,3305.37,31626,15,0
2025-06-09 04:00:00,3305.32,3313.36,3293.65,3311.67,48078,15,0
2025-06-09 08:00:00,3311.67,3328.58,3309.5,3319.91,49999,15,0
2025-06-09 12:00:00,3319.92,3323.44,3312.1,3320.12,50167,15,0
2025-06-09 16:00:00,3320.12,3337.97,3310.66,3337.65,64365,15,0
2025-06-09 20:00:00,3337.64,3338.27,3324.79,3325.42,35630,15,0
2025-06-10 00:00:00,3324.8,3327.88,3314.52,3316.55,25027,15,0
2025-06-10 04:00:00,3316.55,3319.95,3301.89,3307.34,47833,15,0
2025-06-10 08:00:00,3307.34,3334.89,3306.75,3329.27,57135,15,0
2025-06-10 12:00:00,3329.27,3342.56,3327.08,3337.1,50016,15,0
2025-06-10 16:00:00,3337.09,3349.09,3319.98,3321.4,66519,15,0
2025-06-10 20:00:00,3321.4,3334.63,3319.33,3322.42,39971,15,0
2025-06-11 00:00:00,3322.44,3335.27,3315.49,3332.4,29893,15,0
2025-06-11 04:00:00,3332.37,3343.03,3327.09,3341.78,40649,15,0
2025-06-11 08:00:00,3341.78,3348.56,3332.53,3344.58,47161,15,0
2025-06-11 12:00:00,3344.58,3360.67,3326.13,3336.8,60988,15,0
2025-06-11 16:00:00,3336.8,3344.59,3328.05,3330.3,69196,15,0
2025-06-11 20:00:00,3330.3,3355.71,3319.47,3355.12,51763,15,0
2025-06-12 00:00:00,3356.98,3373.55,3355.46,3365.93,36478,15,0
2025-06-12 04:00:00,3365.94,3377.87,3362.6,3370.48,48224,15,0
2025-06-12 08:00:00,3370.48,3375.82,3338.52,3356.75,59055,15,0
2025-06-12 12:00:00,3356.75,3390.41,3355.42,3388.1,63932,15,0
2025-06-12 16:00:00,3388.33,3398.97,3377.76,3383.84,75983,15,0
2025-06-12 20:00:00,3383.84,3389.28,3378.11,3386.56,35455,15,0
2025-06-13 00:00:00,3384.72,3420.01,3379.74,3416.92,30585,15,0
2025-06-13 04:00:00,3415.47,3444.59,3414.03,3425.41,65187,15,0
2025-06-13 08:00:00,3425.41,3428.81,3407.84,3424.44,59420,15,0
2025-06-13 12:00:00,3424.44,3438.14,3411.49,3436.7,58463,15,0
2025-06-13 16:00:00,3436.6,3446.76,3419.19,3430.09,71851,15,0
2025-06-13 20:00:00,3430.09,3439.52,3427.4,3433.07,44096,15,0
2025-06-16 00:00:00,3433.57,3452.69,3429.77,3436.39,37302,0,0
2025-06-16 04:00:00,3436.41,3446.45,3426.75,3427.6,45568,15,0
2025-06-16 08:00:00,3427.6,3430.46,3409.49,3413.9,55535,15,0
2025-06-16 12:00:00,3414.05,3422.67,3410.8,3415.64,49531,15,0
2025-06-16 16:00:00,3415.65,3418.0,3382.87,3399.37,65234,15,0
2025-06-16 20:00:00,3399.37,3400.33,3382.78,3384.85,37377,15,0
2025-06-17 00:00:00,3385.02,3403.36,3385.02,3394.11,31769,15,0
2025-06-17 04:00:00,3394.11,3402.72,3373.91,3393.94,45097,15,0
2025-06-17 08:00:00,3393.94,3395.48,3377.76,3378.95,47500,15,0
2025-06-17 12:00:00,3378.95,3400.19,3375.54,3386.71,58421,15,0
2025-06-17 16:00:00,3386.68,3397.5,3366.08,3382.79,68090,15,0
2025-06-17 20:00:00,3382.79,3392.65,3381.37,3388.4,39954,15,0
2025-06-18 00:00:00,3389.62,3396.02,3382.9,3385.84,23557,15,0
2025-06-18 04:00:00,3385.84,3400.1,3370.59,3395.05,43448,15,0
2025-06-18 08:00:00,3395.05,3395.73,3377.01,3383.48,48851,15,0
2025-06-18 12:00:00,3383.47,3389.93,3375.44,3386.67,48649,15,0
2025-06-18 16:00:00,3386.67,3396.73,3373.79,3391.0,59496,15,0
2025-06-18 20:00:00,3391.0,3395.72,3362.5,3369.05,57196,15,0
2025-06-19 00:00:00,3367.87,3383.34,3367.87,3379.41,26099,15,0
2025-06-19 04:00:00,3379.41,3387.92,3369.6,3374.47,36618,15,0
2025-06-19 08:00:00,3374.47,3375.35,3347.51,3368.61,59324,15,0
2025-06-19 12:00:00,3368.61,3378.95,3363.69,3368.06,48099,15,0
2025-06-19 16:00:00,3368.06,3372.99,3361.49,3371.01,50092,15,0
2025-06-19 20:00:00,3371.01,3374.12,3370.93,3373.5,2178,15,0
2025-06-20 00:00:00,3368.7,3370.47,3362.01,3368.04,24844,15,0
2025-06-20 04:00:00,3368.04,3368.35,3344.63,3354.19,43805,15,0
2025-06-20 08:00:00,3354.19,3355.31,3340.4,3351.13,48077,15,0
2025-06-20 12:00:00,3351.13,3359.28,3341.99,3344.53,47503,15,0
2025-06-20 16:00:00,3344.53,3374.55,3342.92,3371.57,57215,15,0
2025-06-20 20:00:00,3371.57,3371.81,3364.48,3368.13,31929,15,0
2025-06-23 00:00:00,3368.13,3396.78,3358.66,3365.55,33794,0,0
2025-06-23 04:00:00,3365.54,3368.16,3351.88,3358.44,40912,15,0
2025-06-23 08:00:00,3358.43,3362.29,3346.99,3361.74,47437,15,0
2025-06-23 12:00:00,3361.74,3382.09,3355.86,3360.44,52547,15,0
2025-06-23 16:00:00,3360.42,3393.52,3359.91,3389.78,67649,15,0
2025-06-23 20:00:00,3389.73,3391.58,3366.97,3368.88,45425,15,0
2025-06-24 00:00:00,3368.42,3369.96,3333.0,3351.02,37322,15,0
2025-06-24 04:00:00,3351.02,3357.8,3342.11,3348.5,42403,15,0
2025-06-24 08:00:00,3348.5,3348.86,3316.05,3327.36,59952,15,0
2025-06-24 12:00:00,3327.38,3328.99,3304.4,3314.71,52801,15,0
2025-06-24 16:00:00,3314.71,3320.44,3295.33,3318.42,66419,15,0
2025-06-24 20:00:00,3318.45,3325.34,3315.59,3322.81,35339,15,0
2025-06-25 00:00:00,3322.36,3330.12,3320.7,3327.03,18759,15,0
2025-06-25 04:00:00,3327.03,3335.26,3325.71,3327.37,34786,15,0
2025-06-25 08:00:00,3327.37,3337.21,3326.5,3327.17,43186,15,0
2025-06-25 12:00:00,3327.17,3329.54,3318.13,3320.68,44980,15,0
2025-06-25 16:00:00,3320.68,3335.1,3311.78,3334.84,55341,15,0
2025-06-25 20:00:00,3334.84,3336.09,3324.73,3331.85,38258,15,0
2025-06-26 00:00:00,3331.88,3340.05,3331.25,3333.95,22432,15,0
2025-06-26 04:00:00,3333.95,3343.32,3329.23,3334.01,38028,15,0
2025-06-26 08:00:00,3334.01,3350.29,3330.98,3348.28,45052,15,0
2025-06-26 12:00:00,3348.23,3348.67,3321.64,3321.98,50647,15,0
2025-06-26 16:00:00,3321.98,3333.29,3309.81,3331.39,63392,15,0
2025-06-26 20:00:00,3331.39,3336.5,3327.66,3327.74,34447,15,0
2025-06-27 00:00:00,3327.51,3327.9,3313.12,3318.98,24502,15,0
2025-06-27 04:00:00,3318.98,3322.09,3291.11,3293.89,47592,15,0
2025-06-27 08:00:00,3293.89,3301.05,3281.86,3289.22,55162,15,0
2025-06-27 12:00:00,3289.23,3290.95,3269.5,3270.17,54913,15,0
2025-06-27 16:00:00,3270.24,3278.69,3255.75,3277.57,67710,15,0
2025-06-27 20:00:00,3277.57,3282.91,3268.34,3274.04,40911,15,0
2025-06-30 00:00:00,3271.98,3281.69,3245.9,3264.51,31704,15,0
2025-06-30 04:00:00,3264.45,3286.38,3259.43,3285.58,40426,15,0
2025-06-30 08:00:00,3285.58,3296.84,3284.65,3289.25,43961,15,0
2025-06-30 12:00:00,3289.25,3289.25,3274.49,3282.12,46535,15,0
2025-06-30 16:00:00,3282.12,3297.51,3277.97,3297.21,57154,15,0
2025-06-30 20:00:00,3297.3,3309.6,3292.08,3302.73,39387,15,0
2025-07-01 00:00:00,3303.86,3314.86,3302.33,3314.69,25513,15,0
2025-07-01 04:00:00,3314.69,3323.14,3314.04,3322.84,39858,15,0
2025-07-01 08:00:00,3322.84,3342.45,3322.83,3339.58,31838,15,0
2025-07-01 12:00:00,3339.58,3358.02,3338.29,3354.56,34289,15,0
2025-07-01 16:00:00,3354.59,3355.64,3337.03,3341.74,49468,15,0
2025-07-01 20:00:00,3341.74,3342.16,3336.91,3338.64,21327,15,0
2025-07-02 00:00:00,3340.29,3344.98,3334.73,3338.84,13614,15,0
2025-07-02 04:00:00,3338.84,3342.85,3328.6,3340.04,23323,15,0
2025-07-02 08:00:00,3340.04,3343.79,3327.53,3333.49,39669,15,0
2025-07-02 12:00:00,3333.49,3351.27,3333.05,3346.72,43029,15,0
2025-07-02 16:00:00,3346.72,3349.13,3333.9,3348.7,46888,15,0
2025-07-02 20:00:00,3348.7,3360.12,3347.35,3356.98,30433,15,0
2025-07-03 00:00:00,3357.07,3365.79,3343.48,3344.67,26308,15,0
2025-07-03 04:00:00,3344.67,3351.8,3341.91,3350.81,32322,15,0
2025-07-03 08:00:00,3350.81,3363.79,3350.09,3356.2,41608,15,0
2025-07-03 12:00:00,3356.2,3356.26,3311.6,3324.41,51564,0,0
2025-07-03 16:00:00,3324.39,3338.49,3322.07,3333.88,59144,15,0
2025-07-03 20:00:00,3333.85,3334.89,3325.17,3325.89,19001,15,0
2025-07-04 00:00:00,3324.05,3332.03,3323.54,3328.87,18869,15,0
2025-07-04 04:00:00,3328.82,3342.29,3326.07,3340.75,32474,15,0
2025-07-04 08:00:00,3340.75,3345.1,3336.47,3342.75,37347,15,0
2025-07-04 12:00:00,3342.75,3343.11,3331.36,3333.92,37133,15,0
2025-07-04 16:00:00,3333.95,3338.03,3330.81,3335.29,30751,15,0
2025-07-07 00:00:00,3334.48,3342.74,3321.71,3326.42,27329,15,0
2025-07-07 04:00:00,3326.42,3327.69,3305.32,3307.73,46544,15,0
2025-07-07 08:00:00,3307.73,3315.29,3300.63,3310.16,46765,15,0
2025-07-07 12:00:00,3310.16,3312.74,3296.41,3309.5,52935,15,0
2025-07-07 16:00:00,3309.5,3328.12,3306.23,3327.51,54629,15,0
2025-07-07 20:00:00,3327.52,3340.3,3327.45,3336.09,37391,15,0
2025-07-08 00:00:00,3335.05,3345.88,3330.9,3334.26,24196,15,0
2025-07-08 04:00:00,3334.27,3338.11,3327.45,3329.53,34282,15,0
2025-07-08 08:00:00,3329.5,3339.57,3323.29,3323.58,40666,15,0
2025-07-08 12:00:00,3323.6,3329.89,3319.99,3328.22,41286,15,0
2025-07-08 16:00:00,3328.22,3328.71,3287.09,3300.34,65186,15,0
2025-07-08 20:00:00,3300.28,3310.3,3299.14,3301.39,39254,15,0
2025-07-09 00:00:00,3301.49,3307.95,3297.17,3306.97,20752,15,0
2025-07-09 04:00:00,3306.97,3307.27,3284.91,3294.03,38658,15,0
2025-07-09 08:00:00,3294.03,3297.89,3282.59,3285.08,43693,15,0
2025-07-09 12:00:00,3285.08,3297.59,3283.22,3296.36,41267,15,0
2025-07-09 16:00:00,3296.36,3313.36,3291.85,3311.81,52426,15,0
2025-07-09 20:00:00,3311.81,3316.89,3308.05,3313.44,32578,15,0
2025-07-10 00:00:00,3313.66,3321.96,3312.97,3317.62,21549,15,0
2025-07-10 04:00:00,3317.62,3326.35,3314.81,3322.12,31550,15,0
2025-07-10 08:00:00,3322.12,3330.17,3319.83,3328.7,37231,15,0
2025-07-10 12:00:00,3328.71,3330.36,3317.91,3323.7,44340,15,0
2025-07-10 16:00:00,3323.79,3329.49,3310.21,3314.99,55287,15,0
2025-07-10 20:00:00,3314.99,3325.97,3314.62,3323.83,31553,15,0
2025-07-11 00:00:00,3323.3,3336.11,3321.79,3330.7,23450,15,0
2025-07-11 04:00:00,3330.7,3336.08,3325.2,3331.94,34403,15,0
2025-07-11 08:00:00,3331.93,3343.92,3331.17,3333.16,48250,15,0
2025-07-11 12:00:00,3333.16,3357.12,3332.74,3355.23,48004,15,0
2025-07-11 16:00:00,3355.23,3368.76,3350.06,3353.78,61750,15,0
2025-07-11 20:00:00,3353.78,3359.86,3349.22,3354.98,32229,15,0
2025-07-14 00:00:00,3361.32,3374.09,3356.23,3367.65,27691,15,0
2025-07-14 04:00:00,3367.65,3370.21,3353.68,3359.69,38727,15,0
2025-07-14 08:00:00,3359.69,3375.0,3353.67,3365.94,41653,15,0
2025-07-14 12:00:00,3365.91,3374.67,3349.34,3349.97,44835,15,0
2025-07-14 16:00:00,3349.97,3359.1,3340.98,3347.68,58158,15,0
2025-07-14 20:00:00,3347.68,3351.8,3341.01,3343.09,32548,15,0
2025-07-15 00:00:00,3342.61,3349.4,3341.28,3347.76,16890,15,0
2025-07-15 04:00:00,3347.76,3361.3,3345.78,3360.19,32890,15,0
2025-07-15 08:00:00,3360.18,3365.66,3356.73,3360.98,40564,15,0
2025-07-15 12:00:00,3360.98,3366.45,3346.32,3348.82,45435,15,0
2025-07-15 16:00:00,3348.82,3352.53,3320.2,3329.31,67270,15,0
2025-07-15 20:00:00,3329.31,3331.93,3324.53,3324.53,22240,15,0
2025-07-16 00:00:00,3323.11,3332.67,3323.07,3330.52,17418,15,0
2025-07-16 04:00:00,3330.52,3338.75,3325.03,3338.27,35399,15,0
2025-07-16 08:00:00,3338.27,3342.71,3335.57,3341.93,36355,15,0
2025-07-16 12:00:00,3341.93,3343.05,3330.97,3334.55,42822,15,0
2025-07-16 16:00:00,3334.55,3377.49,3319.63,3349.17,83687,15,0
2025-07-16 20:00:00,3349.06,3357.52,3346.03,3347.4,34290,18,0
2025-07-17 00:00:00,3347.18,3352.18,3339.72,3340.74,9232,18,0
2025-07-17 04:00:00,3340.78,3344.75,3336.35,3342.67,19459,18,0
2025-07-17 08:00:00,3342.67,3342.89,3325.04,3328.77,34311,18,0
2025-07-17 12:00:00,3328.77,3332.45,3309.72,3312.96,46612,18,0
2025-07-17 16:00:00,3312.92,3340.0,3311.09,3338.91,58107,18,0
2025-07-17 20:00:00,3338.91,3341.11,3335.6,3338.97,28800,18,0
2025-07-18 00:00:00,3340.74,3343.97,3337.95,3339.82,17309,18,0
2025-07-18 04:00:00,3339.82,3344.23,3333.79,3337.17,31937,18,0
2025-07-18 08:00:00,3337.17,3350.38,3331.75,3347.61,29505,18,0
2025-07-18 12:00:00,3347.61,3361.23,3347.35,3360.04,40859,18,0
2025-07-18 16:00:00,3360.04,3360.39,3351.13,3353.55,52634,18,0
2025-07-18 20:00:00,3353.55,3353.81,3347.58,3350.04,26522,18,0
2025-07-21 00:00:00,3348.19,3354.58,3344.87,3352.35,19748,18,0
2025-07-21 04:00:00,3352.35,3358.76,3350.59,3357.83,29636,18,0
2025-07-21 08:00:00,3357.84,3370.74,3357.51,3365.99,41199,18,0
2025-07-21 12:00:00,3366.02,3388.66,3362.71,3387.1,42611,18,0
2025-07-21 16:00:00,3387.1,3401.52,3383.46,3395.69,61627,18,0
2025-07-21 20:00:00,3395.7,3399.81,3391.5,3396.88,35072,18,0
2025-07-22 00:00:00,3397.04,3402.64,3390.51,3394.42,20797,18,0
2025-07-22 04:00:00,3394.42,3395.91,3385.2,3391.13,33155,18,0
2025-07-22 08:00:00,3391.13,3391.96,3383.28,3389.05,38703,18,0
2025-07-22 12:00:00,3389.05,3407.98,3384.59,3407.63,38528,18,0
2025-07-22 16:00:00,3407.64,3432.82,3405.12,3432.17,62907,18,0
2025-07-22 20:00:00,3432.18,3433.44,3426.54,3431.07,33128,18,0
2025-07-23 00:00:00,3432.3,3438.8,3426.34,3428.73,13605,18,0
2025-07-23 04:00:00,3428.73,3430.71,3419.28,3423.57,28182,18,0
2025-07-23 08:00:00,3423.57,3429.68,3416.32,3428.41,40055,18,0
2025-07-23 12:00:00,3428.41,3433.84,3419.97,3420.03,40482,18,0
2025-07-23 16:00:00,3420.03,3420.62,3381.49,3387.48,66853,18,0
2025-07-23 20:00:00,3387.42,3395.96,3385.64,3386.95,33982,18,0
2025-07-24 00:00:00,3388.64,3393.22,3386.43,3391.51,13658,18,0
2025-07-24 04:00:00,3391.5,3393.35,3374.66,3382.64,36797,18,0
2025-07-24 08:00:00,3382.64,3382.94,3365.78,3369.69,40404,18,0
2025-07-24 12:00:00,3369.68,3370.11,3352.65,3353.47,40141,18,0
2025-07-24 16:00:00,3353.47,3377.41,3351.42,3366.94,56007,18,0
2025-07-24 20:00:00,3366.89,3373.37,3366.22,3368.29,27559,18,0
2025-07-25 00:00:00,3368.21,3373.53,3365.15,3372.14,14744,18,0
2025-07-25 04:00:00,3372.15,3372.75,3357.85,3360.97,26065,18,0
2025-07-25 08:00:00,3360.97,3362.35,3344.48,3345.48,30027,18,0
2025-07-25 12:00:00,3345.48,3348.9,3336.43,3340.78,34046,18,0
2025-07-25 16:00:00,3340.78,3347.48,3324.97,3329.62,58608,18,0
2025-07-25 20:00:00,3329.62,3340.27,3329.59,3336.35,27029,18,0
2025-07-28 00:00:00,3320.92,3337.43,3313.06,3333.28,23169,18,0
2025-07-28 04:00:00,3333.28,3344.01,3329.85,3339.64,28942,18,0
2025-07-28 08:00:00,3339.64,3345.31,3332.33,3336.13,34129,18,0
2025-07-28 12:00:00,3336.09,3340.81,3325.52,3328.46,36054,18,0
2025-07-28 16:00:00,3328.38,3330.62,3301.73,3312.12,53604,18,0
2025-07-28 20:00:00,3312.07,3318.86,3308.74,3314.39,28333,18,0
2025-07-29 00:00:00,3313.62,3315.83,3307.98,3311.6,17405,18,0
2025-07-29 04:00:00,3311.6,3320.98,3308.64,3316.45,30313,18,0
2025-07-29 08:00:00,3316.45,3329.95,3311.2,3326.36,40672,18,0
2025-07-29 12:00:00,3326.38,3328.22,3314.93,3323.37,40266,18,0
2025-07-29 16:00:00,3323.37,3334.17,3311.92,3323.16,53813,18,0
2025-07-29 20:00:00,3323.21,3330.86,3322.59,3326.39,29594,18,0
2025-07-30 00:00:00,3327.0,3333.61,3325.94,3330.28,11549,18,0
2025-07-30 04:00:00,3330.28,3333.32,3321.79,3327.11,26149,18,0
2025-07-30 08:00:00,3327.11,3333.45,3323.05,3332.24,30347,18,0
2025-07-30 12:00:00,3332.1,3334.03,3310.57,3313.37,38514,18,0
2025-07-30 16:00:00,3313.39,3316.04,3288.57,3297.96,55881,18,0
2025-07-30 20:00:00,3298.05,3305.03,3268.06,3274.79,58088,18,0
2025-07-31 00:00:00,3276.47,3288.48,3273.81,3286.46,22209,18,0
2025-07-31 04:00:00,3286.46,3298.48,3284.92,3298.02,36622,18,0
2025-07-31 08:00:00,3298.07,3314.86,3294.63,3309.81,40536,18,0
2025-07-31 12:00:00,3309.81,3313.17,3293.78,3307.68,47669,18,0
2025-07-31 16:00:00,3307.7,3310.48,3289.64,3295.08,61701,18,0
2025-07-31 20:00:00,3295.07,3298.43,3289.65,3289.86,34232,18,0
2025-08-01 00:00:00,3290.06,3295.16,3286.51,3290.43,22684,18,0
2025-08-01 04:00:00,3290.31,3297.16,3281.5,3292.22,37519,18,0
2025-08-01 08:00:00,3292.22,3300.39,3285.17,3294.33,40335,18,0
2025-08-01 12:00:00,3294.33,3345.21,3292.66,3341.28,49220,18,0
2025-08-01 16:00:00,3341.28,3355.13,3338.77,3347.35,71199,18,0
2025-08-01 20:00:00,3347.35,3363.29,3345.51,3362.74,39692,18,0
2025-08-04 00:00:00,3363.88,3368.9,3350.24,3352.1,14767,18,0
2025-08-04 04:00:00,3352.15,3362.12,3345.02,3358.91,23632,18,0
2025-08-04 08:00:00,3358.91,3362.56,3351.7,3358.43,32558,18,0
2025-08-04 12:00:00,3358.43,3371.52,3352.88,3367.73,41014,18,0
2025-08-04 16:00:00,3367.73,3385.44,3367.05,3371.06,55288,18,0
2025-08-04 20:00:00,3371.06,3377.19,3370.65,3373.23,25725,18,0
2025-08-05 00:00:00,3374.19,3381.27,3373.72,3379.76,15226,18,0
2025-08-05 04:00:00,3379.8,3382.4,3370.99,3371.17,26269,18,0
2025-08-05 08:00:00,3371.17,3375.56,3365.7,3366.07,38324,18,0
2025-08-05 12:00:00,3366.06,3367.08,3349.88,3366.03,46277,18,0
2025-08-05 16:00:00,3366.1,3390.44,3365.9,3382.13,61440,18,0
2025-08-05 20:00:00,3382.14,3382.85,3378.07,3380.39,27289,18,0
2025-08-06 00:00:00,3380.33,3385.4,3378.04,3383.37,17618,18,0
2025-08-06 04:00:00,3383.37,3383.62,3372.2,3372.36,30863,18,0
2025-08-06 08:00:00,3372.36,3378.69,3364.78,3365.12,39434,18,0
2025-08-06 12:00:00,3365.12,3369.25,3358.14,3367.52,45928,18,0
2025-08-06 16:00:00,3367.57,3379.97,3365.28,3376.16,57424,18,0
2025-08-06 20:00:00,3376.19,3377.72,3366.97,3369.15,30164,18,0
2025-08-07 00:00:00,3369.49,3374.88,3365.37,3372.15,15529,18,0
2025-08-07 04:00:00,3372.15,3383.97,3370.04,3377.62,24460,18,0
2025-08-07 08:00:00,3377.62,3397.29,3371.62,3378.25,41347,18,0
2025-08-07 12:00:00,3378.36,3389.84,3371.69,3380.74,53132,18,0
2025-08-07 16:00:00,3380.73,3393.82,3373.85,3388.71,62543,18,0
2025-08-07 20:00:00,3388.72,3401.81,3384.23,3395.59,42519,18,0
2025-08-08 00:00:00,3403.62,3408.8,3386.98,3390.12,33259,18,0
2025-08-08 04:00:00,3390.1,3399.39,3381.04,3394.45,55175,18,0
2025-08-08 08:00:00,3394.45,3404.23,3388.7,3394.21,57951,18,0
2025-08-08 12:00:00,3394.2,3401.77,3380.53,3391.37,70926,18,0
2025-08-08 16:00:00,3391.37,3401.56,3381.1,3397.7,72331,18,0
2025-08-08 20:00:00,3397.7,3404.05,3376.79,3398.47,55578,18,0
2025-08-11 00:00:00,3398.05,3405.25,3381.43,3381.46,21941,18,0
2025-08-11 04:00:00,3381.45,3383.95,3367.69,3375.88,40354,18,0
2025-08-11 08:00:00,3375.87,3380.2,3356.94,3362.02,48378,18,0
2025-08-11 12:00:00,3361.99,3364.0,3344.39,3356.85,51651,18,0
2025-08-11 16:00:00,3356.68,3362.87,3341.49,3344.06,57301,18,0
2025-08-11 20:00:00,3344.11,3358.86,3341.18,3342.54,38571,18,0
2025-08-12 00:00:00,3343.15,3355.74,3342.44,3354.52,19038,18,0
2025-08-12 04:00:00,3354.52,3357.42,3346.2,3354.4,30342,18,0
2025-08-12 08:00:00,3354.4,3358.19,3342.24,3347.9,36198,18,0
2025-08-12 12:00:00,3347.9,3358.11,3336.1,3349.85,47122,18,0
2025-08-12 16:00:00,3349.82,3359.1,3331.06,3349.49,70492,18,0
2025-08-12 20:00:00,3349.49,3350.9,3345.56,3348.01,28742,18,0
2025-08-13 00:00:00,3348.73,3353.61,3342.67,3343.66,17281,18,0
2025-08-13 04:00:00,3343.67,3354.38,3342.62,3351.7,32284,18,0
2025-08-13 08:00:00,3351.7,3363.5,3345.59,3360.19,39203,18,0
2025-08-13 12:00:00,3360.19,3367.18,3355.47,3358.03,42429,18,0
2025-08-13 16:00:00,3358.03,3370.83,3354.25,3357.98,49040,18,0
2025-08-13 20:00:00,3357.98,3359.37,3349.89,3355.87,25619,18,0
2025-08-14 00:00:00,3356.95,3374.72,3356.55,3369.65,21142,18,0
2025-08-14 04:00:00,3369.62,3370.96,3355.44,3360.53,36980,18,0
2025-08-14 08:00:00,3360.44,3366.43,3341.48,3346.14,44568,18,0
2025-08-14 12:00:00,3346.13,3359.1,3341.98,3350.55,46263,18,0
2025-08-14 16:00:00,3350.43,3356.0,3329.77,3334.33,63909,18,0
2025-08-14 20:00:00,3334.33,3341.06,3331.81,3335.26,27465,18,0
2025-08-15 00:00:00,3335.89,3338.8,3332.15,3337.08,16864,18,0
2025-08-15 04:00:00,3337.13,3346.77,3333.27,3345.34,30039,18,0
2025-08-15 08:00:00,3345.35,3348.8,3338.3,3341.3,36395,18,0
2025-08-15 12:00:00,3341.31,3345.02,3333.58,3342.62,40961,18,0
2025-08-15 16:00:00,3342.62,3345.99,3332.94,3338.24,48658,18,0
2025-08-15 20:00:00,3338.23,3339.58,3334.39,3335.18,24620,18,0
2025-08-18 00:00:00,3334.71,3342.77,3323.46,3340.53,24014,18,0
2025-08-18 04:00:00,3340.48,3358.12,3339.52,3357.53,35594,18,0
2025-08-18 08:00:00,3357.53,3358.41,3344.56,3348.72,40345,18,0
2025-08-18 12:00:00,3348.72,3351.74,3343.11,3344.48,31423,18,0
2025-08-18 16:00:00,3344.55,3344.82,3331.69,3334.16,42628,18,0
2025-08-18 20:00:00,3334.16,3334.89,3330.2,3332.69,19977,18,0
2025-08-19 00:00:00,3332.54,3339.06,3325.99,3335.11,17276,18,0
2025-08-19 04:00:00,3335.11,3341.64,3329.37,3337.58,30374,18,0
2025-08-19 08:00:00,3337.58,3341.8,3334.38,3337.96,29619,18,0
2025-08-19 12:00:00,3337.95,3345.32,3334.21,3334.68,31361,18,0
2025-08-19 16:00:00,3334.68,3339.29,3316.97,3317.34,49336,18,0
2025-08-19 20:00:00,3317.34,3320.15,3314.85,3315.55,30332,18,0
2025-08-20 00:00:00,3315.56,3317.59,3312.81,3316.05,18888,18,0
2025-08-20 04:00:00,3316.05,3321.09,3311.46,3318.57,34623,18,0
2025-08-20 08:00:00,3318.57,3327.55,3318.03,3324.95,33665,18,0
2025-08-20 12:00:00,3324.95,3344.87,3323.52,3342.92,37128,18,0
2025-08-20 16:00:00,3342.9,3350.25,3338.86,3345.24,44386,18,0
2025-08-20 20:00:00,3345.24,3349.33,3343.94,3348.08,26008,18,0
2025-08-21 00:00:00,3349.79,3352.18,3341.51,3342.36,16334,18,0
2025-08-21 04:00:00,3342.37,3346.37,3337.92,3338.37,24091,18,0
2025-08-21 08:00:00,3338.37,3341.62,3334.21,3339.53,29776,18,0
2025-08-21 12:00:00,3339.54,3345.07,3325.14,3341.8,39039,18,0
2025-08-21 16:00:00,3341.77,3348.15,3336.11,3339.81,49826,18,0
2025-08-21 20:00:00,3339.81,3342.09,3336.53,3338.71,20994,18,0
2025-08-22 00:00:00,3339.15,3340.69,3335.02,3339.5,13415,18,0
2025-08-22 04:00:00,3339.5,3340.25,3327.92,3328.41,25867,18,0
2025-08-22 08:00:00,3328.41,3335.08,3325.3,3328.74,33238,18,0
2025-08-22 12:00:00,3328.82,3331.69,3321.45,3323.54,32057,18,0
2025-08-22 16:00:00,3323.55,3378.81,3323.26,3370.63,62901,18,0
2025-08-22 20:00:00,3370.55,3375.5,3368.8,3371.81,25783,18,0
2025-08-25 00:00:00,3370.94,3372.19,3363.37,3364.86,7884,18,0
2025-08-25 04:00:00,3364.86,3368.09,3359.73,3366.03,14466,18,0
2025-08-25 08:00:00,3365.98,3369.88,3363.06,3363.97,17674,18,0
2025-08-25 12:00:00,3363.93,3371.48,3361.89,3364.54,29316,18,0
2025-08-25 16:00:00,3364.54,3376.32,3362.13,3373.77,40163,18,0
2025-08-25 20:00:00,3373.77,3374.86,3364.25,3365.55,25254,18,0
2025-08-26 00:00:00,3364.53,3386.47,3351.2,3383.17,30212,18,0
2025-08-26 04:00:00,3383.17,3385.0,3369.8,3377.4,35807,18,0
2025-08-26 08:00:00,3377.4,3379.89,3367.14,3376.78,37100,18,0
2025-08-26 12:00:00,3376.78,3380.38,3367.2,3372.09,39092,18,0
2025-08-26 16:00:00,3372.05,3389.39,3370.24,3383.04,50274,18,0
2025-08-26 20:00:00,3383.02,3393.61,3380.2,3393.17,28702,18,0
2025-08-27 00:00:00,3393.76,3394.23,3388.76,3389.61,16588,18,0
2025-08-27 04:00:00,3389.61,3390.04,3373.9,3375.06,28601,18,0
2025-08-27 08:00:00,3375.06,3385.0,3373.76,3384.56,36559,18,0
2025-08-27 12:00:00,3384.56,3385.48,3373.73,3381.17,39938,18,0
2025-08-27 16:00:00,3381.25,3398.83,3375.57,3395.57,50501,18,0
2025-08-27 20:00:00,3395.57,3398.17,3392.3,3397.03,28407,18,0
2025-08-28 00:00:00,3397.22,3399.21,3391.24,3391.96,16527,18,0
2025-08-28 04:00:00,3391.99,3392.9,3384.52,3390.25,30814,18,0
2025-08-28 08:00:00,3390.25,3401.02,3387.74,3400.65,25176,18,0
2025-08-28 12:00:00,3400.72,3408.84,3393.76,3397.24,41853,18,0
2025-08-28 16:00:00,3397.29,3417.81,3394.37,3415.58,55718,18,0
2025-08-28 20:00:00,3415.5,3423.1,3414.47,3417.03,34204,18,0
2025-08-29 00:00:00,3418.32,3418.32,3412.95,3413.56,15347,18,0
2025-08-29 04:00:00,3413.55,3414.08,3407.46,3408.88,30030,18,0
2025-08-29 08:00:00,3408.97,3414.84,3406.49,3410.38,34318,18,0
2025-08-29 12:00:00,3410.38,3416.86,3404.16,3416.51,41181,18,0
2025-08-29 16:00:00,3416.49,3449.42,3413.5,3449.27,70672,18,0
2025-08-29 20:00:00,3449.17,3454.04,3440.92,3448.08,43370,18,0
2025-09-01 00:00:00,3447.93,3452.59,3442.37,3443.99,23734,18,0
2025-09-01 04:00:00,3444.04,3486.17,3437.01,3475.08,59499,18,0
2025-09-01 08:00:00,3475.09,3489.77,3467.7,3476.82,55890,18,0
2025-09-01 12:00:00,3476.82,3477.12,3466.23,3469.39,45697,18,0
2025-09-01 16:00:00,3469.41,3481.39,3468.72,3477.35,41498,18,0
2025-09-01 20:00:00,3477.35,3478.9,3476.06,3476.42,7456,18,0
2025-09-02 00:00:00,3477.41,3485.12,3474.44,3479.23,26356,18,0
2025-09-02 04:00:00,3479.23,3508.77,3477.06,3496.67,54644,18,0
2025-09-02 08:00:00,3496.59,3497.82,3470.17,3477.56,59936,18,0
2025-09-02 12:00:00,3477.55,3494.21,3474.33,3482.07,60574,18,0
2025-09-02 16:00:00,3482.0,3528.88,3478.24,3527.86,80495,18,0
2025-09-02 20:00:00,3527.87,3540.03,3521.8,3533.55,45815,18,0
2025-09-03 00:00:00,3533.56,3546.68,3526.21,3536.14,28896,18,0
2025-09-03 04:00:00,3536.15,3545.89,3529.38,3536.9,49758,18,0
2025-09-03 08:00:00,3536.93,3541.22,3527.0,3540.12,49198,18,0
2025-09-03 12:00:00,3540.14,3551.58,3532.25,3550.43,53739,18,0
2025-09-03 16:00:00,3550.46,3572.67,3549.32,3572.43,73109,18,0
2025-09-03 20:00:00,3572.42,3578.51,3558.74,3559.19,51674,18,0
2025-09-04 00:00:00,3560.19,3564.05,3552.07,3561.44,30224,18,0
2025-09-04 04:00:00,3561.53,3563.24,3511.63,3533.06,57633,18,0
2025-09-04 08:00:00,3533.06,3545.61,3524.24,3541.18,50610,18,0
2025-09-04 12:00:00,3541.2,3552.02,3536.54,3548.42,51412,18,0
2025-09-04 16:00:00,3548.4,3558.85,3535.08,3552.38,68427,18,0
2025-09-04 20:00:00,3552.37,3555.54,3542.58,3545.72,36111,18,0
2025-09-05 00:00:00,3546.17,3556.49,3540.05,3552.27,26064,18,0
2025-09-05 04:00:00,3552.27,3559.15,3545.98,3558.36,41206,18,0
2025-09-05 08:00:00,3558.39,3561.03,3544.76,3546.09,45929,18,0
2025-09-05 12:00:00,3546.08,3586.78,3545.92,3580.33,52610,18,0
2025-09-05 16:00:00,3580.33,3600.17,3573.2,3595.28,84469,18,0
2025-09-05 20:00:00,3595.28,3597.39,3586.08,3586.32,46359,18,0
2025-09-08 00:00:00,3580.74,3596.75,3577.96,3594.36,36361,18,0
2025-09-08 04:00:00,3594.38,3597.19,3579.46,3581.62,48497,18,0
2025-09-08 08:00:00,3581.65,3617.17,3581.06,3611.11,49238,18,0
2025-09-08 12:00:00,3611.11,3626.03,3608.55,3624.15,47464,18,0
2025-09-08 16:00:00,3624.24,3646.37,3620.3,3640.71,72103,18,0
2025-09-08 20:00:00,3640.73,3641.17,3631.78,3635.56,40104,18,0
2025-09-09 00:00:00,3635.75,3640.89,3628.09,3638.58,24999,18,0
2025-09-09 04:00:00,3638.58,3657.15,3636.01,3654.87,50345,18,0
2025-09-09 08:00:00,3654.83,3659.33,3636.68,3648.17,54608,18,0
2025-09-09 12:00:00,3648.17,3656.57,3643.69,3647.51,47928,18,0
2025-09-09 16:00:00,3647.52,3674.73,3626.91,3645.16,84146,18,0
2025-09-09 20:00:00,3645.16,3646.5,3625.66,3626.0,42419,18,0
2025-09-10 00:00:00,3626.8,3640.79,3619.05,3623.88,31295,18,0
2025-09-10 04:00:00,3623.9,3643.26,3620.36,3642.94,42886,18,0
2025-09-10 08:00:00,3642.94,3648.45,3639.8,3645.86,45705,18,0
2025-09-10 12:00:00,3645.87,3657.66,3640.36,3644.16,51874,18,0
2025-09-10 16:00:00,3644.2,3655.46,3638.56,3642.89,67310,18,0
2025-09-10 20:00:00,3642.93,3649.69,3635.11,3640.28,38502,18,0
2025-09-11 00:00:00,3641.98,3647.0,3637.84,3643.97,21714,18,0
2025-09-11 04:00:00,3643.97,3649.08,3629.92,3630.62,38416,18,0
2025-09-11 08:00:00,3630.61,3638.08,3622.77,3626.27,48569,18,0
2025-09-11 12:00:00,3626.27,3643.84,3612.88,3628.87,54608,18,0
2025-09-11 16:00:00,3629.4,3641.91,3618.3,3636.23,71066,18,0
2025-09-11 20:00:00,3636.23,3637.72,3630.3,3633.96,36093,18,0
2025-09-12 00:00:00,3633.18,3638.31,3630.44,3636.56,19074,18,0
2025-09-12 04:00:00,3636.56,3656.18,3636.56,3654.83,44091,18,0
2025-09-12 08:00:00,3654.83,3656.63,3639.59,3641.11,44705,18,0
2025-09-12 12:00:00,3641.04,3652.12,3637.68,3645.46,48741,18,0
2025-09-12 16:00:00,3645.42,3654.32,3641.75,3649.11,54812,18,0
2025-09-12 20:00:00,3649.1,3650.76,3641.24,3642.96,30328,18,0
2025-09-15 00:00:00,3642.09,3646.33,3632.02,3633.44,25099,18,0
2025-09-15 04:00:00,3633.44,3647.01,3626.41,3645.81,40499,18,0
2025-09-15 08:00:00,3645.81,3646.25,3633.64,3645.5,42162,18,0
2025-09-15 12:00:00,3645.5,3650.94,3635.65,3650.38,48623,18,0
2025-09-15 16:00:00,3650.29,3685.67,3646.82,3679.11,60815,18,0
2025-09-15 20:00:00,3679.14,3682.78,3675.76,3678.83,36337,18,0
2025-09-16 00:00:00,3680.06,3687.06,3676.23,3686.36,11987,18,0
2025-09-16 04:00:00,3686.37,3689.56,3674.61,3684.23,28325,18,0
2025-09-16 08:00:00,3684.23,3697.25,3680.28,3694.38,43082,18,0
2025-09-16 12:00:00,3694.4,3699.49,3686.43,3689.16,49197,18,0
2025-09-16 16:00:00,3689.15,3703.11,3678.82,3689.64,73004,18,0
2025-09-16 20:00:00,3689.65,3693.82,3686.23,3689.68,36288,18,0
2025-09-17 00:00:00,3690.76,3695.37,3688.86,3691.14,18332,18,0
2025-09-17 04:00:00,3691.14,3692.06,3674.19,3680.78,42540,18,0
2025-09-17 08:00:00,3680.78,3685.9,3662.57,3664.89,51553,18,0
2025-09-17 12:00:00,3664.8,3679.22,3659.95,3678.72,55987,18,0
2025-09-17 16:00:00,3678.78,3688.63,3672.75,3684.65,59011,18,0
2025-09-17 20:00:00,3684.65,3707.46,3646.05,3659.91,76523,0,0
2025-09-18 00:00:00,3658.59,3671.96,3654.44,3665.29,27964,18,0
2025-09-18 04:00:00,3665.39,3668.79,3651.84,3653.59,45765,18,0
2025-09-18 08:00:00,3653.6,3665.78,3633.9,3665.41,59326,18,0
2025-09-18 12:00:00,3665.39,3673.03,3662.97,3663.36,50717,18,0
2025-09-18 16:00:00,3663.3,3664.23,3627.96,3646.2,67360,18,0
2025-09-18 20:00:00,3646.23,3647.14,3640.4,3644.08,31839,18,0
2025-09-19 00:00:00,3644.41,3644.41,3636.2,3640.01,20006,18,0
2025-09-19 04:00:00,3640.01,3660.01,3632.22,3658.72,48549,18,0
2025-09-19 08:00:00,3658.71,3661.21,3643.24,3655.67,46141,18,0
2025-09-19 12:00:00,3655.68,3659.14,3644.52,3649.29,39456,18,0
2025-09-19 16:00:00,3649.26,3675.88,3643.57,3668.26,58632,18,0
2025-09-19 20:00:00,3668.21,3685.25,3668.02,3684.89,35804,18,0
2025-09-22 00:00:00,3685.48,3692.19,3683.65,3690.76,23728,18,0
2025-09-22 04:00:00,3690.76,3697.47,3685.59,3692.15,41711,18,0
2025-09-22 08:00:00,3692.15,3722.49,3691.84,3720.32,49617,18,0
2025-09-22 12:00:00,3720.32,3728.36,3712.13,3721.65,45803,18,0
2025-09-22 16:00:00,3721.7,3739.55,3713.81,3737.02,64389,18,0
2025-09-22 20:00:00,3737.02,3748.82,3737.02,3746.76,35934,18,0
2025-09-23 00:00:00,3745.79,3750.71,3738.22,3747.15,22926,18,0
2025-09-23 04:00:00,3747.15,3759.3,3736.53,3744.78,48130,18,0
2025-09-23 08:00:00,3744.78,3775.3,3743.22,3774.32,50791,18,0
2025-09-23 12:00:00,3774.31,3791.19,3774.29,3784.29,58559,18,0
2025-09-23 16:00:00,3784.37,3788.71,3765.1,3779.36,72180,18,0
2025-09-23 20:00:00,3779.36,3785.74,3751.96,3764.19,55629,18,0
2025-09-24 00:00:00,3766.25,3770.07,3758.82,3765.08,24394,18,0
2025-09-24 04:00:00,3765.08,3771.75,3750.68,3768.24,48448,18,0
2025-09-24 08:00:00,3768.26,3779.23,3767.01,3770.15,48001,18,0
2025-09-24 12:00:00,3770.08,3771.76,3759.63,3768.1,49878,18,0
2025-09-24 16:00:00,3768.08,3772.94,3732.22,3735.67,70951,18,0
2025-09-24 20:00:00,3735.64,3738.87,3717.45,3736.03,46674,18,0
2025-09-25 00:00:00,3734.92,3751.56,3734.92,3749.01,25958,18,0
2025-09-25 04:00:00,3749.01,3750.43,3729.62,3738.21,46858,18,0
2025-09-25 08:00:00,3738.21,3761.69,3734.1,3756.39,51996,18,0
2025-09-25 12:00:00,3756.42,3761.22,3730.59,3738.68,58780,18,0
2025-09-25 16:00:00,3738.6,3745.5,3722.21,3733.6,75245,18,0
2025-09-25 20:00:00,3733.6,3758.32,3732.27,3749.19,48466,18,0
2025-09-26 00:00:00,3747.6,3751.61,3738.11,3749.65,25759,18,0
2025-09-26 04:00:00,3749.67,3753.26,3734.47,3747.73,43736,18,0
2025-09-26 08:00:00,3747.73,3755.17,3739.22,3752.86,48671,18,0
2025-09-26 12:00:00,3752.84,3757.42,3742.99,3751.96,48882,18,0
2025-09-26 16:00:00,3751.97,3783.59,3751.21,3774.14,76223,18,0
2025-09-26 20:00:00,3774.17,3783.21,3760.03,3760.46,43279,18,0
2025-09-29 00:00:00,3759.03,3787.54,3755.85,3787.01,31819,13,0
2025-09-29 04:00:00,3787.01,3809.08,3767.96,3805.23,67551,13,0
2025-09-29 08:00:00,3805.24,3819.92,3801.29,3818.67,63469,13,0
2025-09-29 12:00:00,3818.7,3831.26,3806.4,3813.72,60138,13,0
2025-09-29 16:00:00,3813.74,3833.55,3809.34,3830.27,71498,13,0
2025-09-29 20:00:00,3830.27,3834.17,3822.54,3833.77,45804,13,0
2025-09-30 00:00:00,3833.26,3840.8,3825.69,3839.02,26566,13,0
2025-09-30 04:00:00,3839.02,3867.32,3838.06,3867.16,55210,13,0
2025-09-30 08:00:00,3867.14,3871.73,3807.75,3816.45,67942,13,0
2025-09-30 12:00:00,3816.45,3821.73,3793.14,3819.35,65068,13,0
2025-09-30 16:00:00,3819.33,3854.5,3811.66,3845.97,75445,13,0
2025-09-30 20:00:00,3845.99,3860.84,3839.66,3858.37,47364,13,0
2025-10-01 00:00:00,3860.44,3865.41,3854.71,3860.59,26513,13,0
2025-10-01 04:00:00,3860.46,3875.35,3855.64,3864.97,50053,13,0
2025-10-01 08:00:00,3864.97,3895.44,3853.23,3892.99,57919,13,0
2025-10-01 12:00:00,3892.91,3895.12,3864.54,3870.41,58895,13,0
2025-10-01 16:00:00,3870.44,3878.7,3856.51,3870.79,77632,13,0
2025-10-01 20:00:00,3870.81,3871.98,3855.04,3865.68,49916,13,0
2025-10-02 00:00:00,3866.91,3870.35,3855.94,3856.05,27781,13,0
2025-10-02 04:00:00,3856.05,3869.92,3852.8,3864.3,36735,13,0
2025-10-02 08:00:00,3864.3,3878.72,3861.8,3874.58,47937,13,0
2025-10-02 12:00:00,3874.56,3892.18,3873.25,3884.39,51583,13,0
2025-10-02 16:00:00,3884.53,3896.63,3819.29,3845.04,84040,13,0
2025-10-02 20:00:00,3845.02,3859.38,3840.5,3855.99,44369,13,0
2025-10-03 00:00:00,3856.57,3863.78,3852.04,3857.04,24560,13,0
2025-10-03 04:00:00,3856.99,3862.62,3838.05,3844.09,45619,13,0
2025-10-03 08:00:00,3844.09,3865.77,3843.91,3864.73,45461,13,0
2025-10-03 12:00:00,3864.73,3875.0,3854.74,3873.92,49131,13,0
2025-10-03 16:00:00,3873.92,3891.71,3866.36,3883.82,73461,13,0
2025-10-03 20:00:00,3883.83,3889.3,3876.92,3886.26,46024,13,0
2025-10-06 00:00:00,3887.57,3920.8,3884.27,3900.48,39421,0,0
2025-10-06 04:00:00,3900.45,3940.29,3899.69,3938.63,53623,13,0
2025-10-06 08:00:00,3938.62,3949.79,3922.22,3942.59,64547,12,0
2025-10-06 12:00:00,3942.59,3946.56,3926.47,3934.31,62216,12,0
2025-10-06 16:00:00,3934.4,3970.13,3927.2,3954.11,79031,13,0
2025-10-06 20:00:00,3954.28,3965.28,3951.31,3960.82,44452,13,0
2025-10-07 00:00:00,3959.29,3977.42,3958.48,3962.83,41552,13,0
2025-10-07 04:00:00,3962.83,3977.09,3955.79,3975.97,47783,13,0
2025-10-07 08:00:00,3975.85,3976.84,3940.79,3951.39,65710,12,0
2025-10-07 12:00:00,3951.4,3980.08,3951.12,3979.55,57700,12,0
2025-10-07 16:00:00,3979.42,3990.96,3961.7,3976.81,88717,13,0
2025-10-07 20:00:00,3976.88,3987.82,3974.12,3984.34,55823,13,0
2025-10-08 00:00:00,3984.76,3999.21,3983.38,3992.23,32059,13,0
2025-10-08 04:00:00,3992.23,4027.26,3984.4,4026.7,56232,13,0
2025-10-08 08:00:00,4026.7,4040.45,4021.21,4036.43,62423,12,0
2025-10-08 12:00:00,4036.43,4049.64,4030.67,4039.9,62791,12,0
2025-10-08 16:00:00,4039.85,4059.14,4026.26,4056.5,78735,13,0
2025-10-08 20:00:00,4056.51,4057.97,4032.15,4041.09,64124,13,0
2025-10-09 00:00:00,4042.07,4044.53,4001.46,4023.07,43993,0,0
2025-10-09 04:00:00,4023.12,4041.19,4002.56,4039.04,62618,13,0
2025-10-09 08:00:00,4039.04,4043.83,4022.61,4038.08,58927,12,0
2025-10-09 12:00:00,4038.08,4053.69,4033.65,4053.49,54475,12,0
2025-10-09 16:00:00,4053.54,4058.02,3963.71,3968.53,99416,13,0
2025-10-09 20:00:00,3969.17,3982.08,3944.71,3975.86,73076,13,0
2025-10-10 00:00:00,3975.06,3994.53,3958.61,3990.92,34897,13,0
2025-10-10 04:00:00,3990.94,3992.41,3947.07,3966.32,65698,13,0
2025-10-10 08:00:00,3966.32,3994.56,3952.46,3992.02,68104,12,0
2025-10-10 12:00:00,3992.0,4006.84,3980.1,3985.86,66182,12,0
2025-10-10 16:00:00,3985.85,4022.73,3970.87,3983.46,100872,13,0
2025-10-10 20:00:00,3983.63,4021.47,3975.01,4009.87,74615,13,0
2025-10-13 00:00:00,4000.64,4059.75,3995.25,4043.97,50315,13,0
2025-10-13 04:00:00,4043.83,4059.39,4036.0,4056.2,57442,13,0
2025-10-13 08:00:00,4056.2,4079.13,4054.8,4077.68,64706,12,0
2025-10-13 12:00:00,4077.68,4086.12,4070.31,4079.67,58251,12,0
2025-10-13 16:00:00,4079.68,4117.09,4078.1,4105.59,76177,13,0
2025-10-13 20:00:00,4105.59,4115.29,4090.82,4110.5,55806,13,0
2025-10-14 00:00:00,4110.87,4132.02,4106.59,4124.86,39253,13,0
2025-10-14 04:00:00,4124.75,4169.97,4123.62,4168.02,71163,13,0
2025-10-14 08:00:00,4168.02,4179.81,4090.33,4144.0,86869,12,0
2025-10-14 12:00:00,4144.08,4144.39,4103.23,4106.64,67834,12,0
2025-10-14 16:00:00,4106.79,4155.2,4097.89,4140.45,92010,13,0
2025-10-14 20:00:00,4140.47,4153.03,4134.63,4142.19,62425,13,0
2025-10-15 00:00:00,4142.13,4169.72,4140.74,4162.52,36405,13,0
2025-10-15 04:00:00,4162.38,4191.02,4162.04,4179.76,59902,13,0
2025-10-15 08:00:00,4179.71,4218.22,4176.61,4207.95,59510,12,0
2025-10-15 12:00:00,4208.02,4212.18,4164.4,4190.67,64566,12,0
2025-10-15 16:00:00,4190.65,4212.44,4179.71,4198.81,79778,13,0
2025-10-15 20:00:00,4198.78,4213.36,4182.7,4207.96,61629,13,0
2025-10-16 00:00:00,4209.19,4227.41,4200.07,4210.52,36756,13,0
2025-10-16 04:00:00,4210.44,4242.13,4210.44,4233.56,57432,13,0
2025-10-16 08:00:00,4233.58,4236.07,4203.33,4232.88,63739,12,0
2025-10-16 12:00:00,4233.01,4251.12,4221.88,4236.07,57330,12,0
2025-10-16 16:00:00,4236.07,4292.17,4235.12,4282.73,82698,13,0
2025-10-16 20:00:00,4282.74,4330.52,4273.27,4325.79,73242,13,0
2025-10-17 00:00:00,4331.92,4379.22,4326.33,4358.18,51759,13,0
2025-10-17 04:00:00,4357.98,4377.17,4278.74,4376.37,80589,13,0
2025-10-17 08:00:00,4376.37,4378.67,4308.43,4347.73,84247,12,0
2025-10-17 12:00:00,4347.72,4348.4,4283.57,4314.61,82049,12,0
2025-10-17 16:00:00,4314.77,4317.95,4200.83,4204.94,109389,13,0
2025-10-17 20:00:00,4205.01,4252.41,4186.24,4250.09,76757,13,0
2025-10-20 00:00:00,4252.84,4274.91,4218.96,4249.87,49754,13,0
2025-10-20 04:00:00,4249.87,4271.11,4229.46,4266.37,65297,13,0
2025-10-20 08:00:00,4265.94,4266.86,4221.39,4258.65,72652,12,0
2025-10-20 12:00:00,4258.69,4327.3,4245.7,4323.32,70685,12,0
2025-10-20 16:00:00,4323.45,4355.55,4292.78,4347.89,90121,13,0
2025-10-20 20:00:00,4347.89,4381.31,4337.34,4356.01,65684,13,0
2025-10-21 00:00:00,4356.58,4375.41,4352.63,4368.82,40641,13,0
2025-10-21 04:00:00,4368.82,4372.33,4332.74,4342.03,64879,13,0
2025-10-21 08:00:00,4341.88,4344.25,4244.21,4273.86,82638,12,0
2025-10-21 12:00:00,4273.86,4277.97,4205.82,4211.17,81382,12,0
2025-10-21 16:00:00,4211.26,4225.56,4081.98,4113.43,113992,13,0
2025-10-21 20:00:00,4113.43,4130.79,4094.17,4124.86,77256,13,0
2025-10-22 00:00:00,4122.31,4132.26,4004.52,4074.9,50059,13,0
2025-10-22 04:00:00,4074.89,4143.32,4064.28,4128.29,68366,13,0
2025-10-22 08:00:00,4128.27,4161.37,4061.21,4070.49,82016,12,0
2025-10-22 12:00:00,4070.51,4101.56,4015.1,4033.88,92252,12,0
2025-10-22 16:00:00,4033.87,4085.23,4011.38,4059.12,103627,13,0
2025-10-22 20:00:00,4059.1,4113.54,4044.09,4098.16,71922,13,0
2025-10-23 00:00:00,4095.08,4116.47,4066.16,4081.96,46952,13,0
2025-10-23 04:00:00,4082.02,4100.84,4071.85,4089.63,62129,13,0
2025-10-23 08:00:00,4089.63,4137.66,4083.86,4116.28,72336,12,0
2025-10-23 12:00:00,4116.28,4129.35,4100.07,4127.16,68813,12,0
2025-10-23 16:00:00,4127.18,4154.73,4125.74,4132.97,81660,13,0
2025-10-23 20:00:00,4132.94,4143.53,4107.28,4125.71,54881,13,0
2025-10-24 00:00:00,4123.78,4133.73,4105.9,4132.73,31668,13,0
2025-10-24 04:00:00,4132.77,4144.53,4102.85,4111.59,56960,13,0
2025-10-24 08:00:00,4112.01,4118.01,4047.4,4065.26,66406,12,0
2025-10-24 12:00:00,4065.21,4093.2,4044.16,4082.14,69685,12,0
2025-10-24 16:00:00,4082.14,4138.73,4079.16,4129.39,86985,13,0
2025-10-24 20:00:00,4129.53,4134.45,4096.52,4113.6,57612,13,0
2025-10-27 00:00:00,4082.13,4109.25,4058.13,4081.51,46316,13,0
2025-10-27 04:00:00,4081.55,4097.63,4053.71,4068.73,65092,13,0
2025-10-27 08:00:00,4068.73,4084.9,4024.63,4043.26,64810,12,0
2025-10-27 12:00:00,4043.25,4050.36,4015.43,4045.78,73127,12,0
2025-10-27 16:00:00,4045.96,4050.25,3971.53,3999.23,93347,13,0
2025-10-27 20:00:00,3999.22,4010.3,3978.89,3980.74,62169,13,0
2025-10-28 00:00:00,3981.5,4009.58,3973.13,4006.75,38356,13,0
2025-10-28 04:00:00,4007.03,4019.71,3963.7,3973.42,63073,13,0
2025-10-28 08:00:00,3974.09,3980.23,3896.47,3897.17,75015,12,0
2025-10-28 12:00:00,3897.22,3930.97,3886.56,3912.74,73172,12,0
2025-10-28 16:00:00,3912.83,3969.65,3912.45,3958.55,84909,13,0
2025-10-28 20:00:00,3958.25,3970.41,3945.14,3952.37,57545,13,0
2025-10-29 00:00:00,3949.93,3982.41,3918.05,3975.29,40500,13,0
2025-10-29 04:00:00,3975.37,3979.7,3944.35,3951.81,63662,13,0
2025-10-29 08:00:00,3952.19,4018.36,3950.94,4016.72,66248,12,0
2025-10-29 12:00:00,4016.75,4030.22,4013.4,4025.63,68488,12,0
2025-10-29 16:00:00,4025.6,4025.72,3989.65,3992.85,81816,13,0
2025-10-29 20:00:00,3992.85,4007.6,3927.97,3928.93,82246,13,0
2025-10-30 00:00:00,3931.25,3964.37,3916.71,3950.21,40007,13,0
2025-10-30 04:00:00,3950.21,3982.54,3915.42,3972.5,74483,13,0
2025-10-30 08:00:00,3972.53,3978.45,3947.11,3976.36,75833,12,0
2025-10-30 12:00:00,3976.36,4012.1,3961.08,3961.37,76721,12,0
2025-10-30 16:00:00,3961.31,4014.89,3960.44,4001.49,84797,13,0
2025-10-30 20:00:00,4001.49,4027.1,3994.42,4024.05,62501,13,0
2025-10-31 00:00:00,4023.34,4046.29,4009.63,4025.15,45245,13,0
2025-10-31 04:00:00,4025.33,4039.3,3989.03,4005.89,71727,13,0
2025-10-31 08:00:00,4005.55,4026.73,3994.1,4010.28,65086,12,0
2025-10-31 12:00:00,4010.23,4036.2,3998.56,4023.05,60097,12,0
2025-10-31 16:00:00,4023.15,4035.53,3972.14,3980.7,88076,13,0
2025-10-31 20:00:00,3980.76,4010.03,3980.46,4001.78,58019,13,0
2025-11-03 00:00:00,3988.75,4001.84,3962.66,3995.91,49143,13,0
2025-11-03 04:00:00,3995.79,4018.45,3990.3,4014.02,56373,13,0
2025-11-03 08:00:00,4014.02,4028.03,3993.23,4000.6,59726,12,0
2025-11-03 12:00:00,4000.62,4020.41,3994.46,4016.0,61772,12,0
2025-11-03 16:00:00,4015.87,4030.7,3995.41,4006.24,81056,13,0
2025-11-03 20:00:00,4006.24,4014.98,3995.4,4001.0,50266,13,0
2025-11-04 00:00:00,4001.77,4005.71,3978.51,3987.18,43686,13,0
2025-11-04 04:00:00,3987.18,3999.31,3972.71,3973.2,60151,13,0
2025-11-04 08:00:00,3973.2,4000.83,3966.53,3991.2,62876,12,0
2025-11-04 12:00:00,3991.22,4000.12,3971.76,3975.75,59314,12,0
2025-11-04 16:00:00,3975.72,3977.79,3928.79,3954.99,82658,13,0
2025-11-04 20:00:00,3955.08,3956.8,3930.19,3931.68,58997,13,0
2025-11-05 00:00:00,3933.18,3949.37,3929.19,3937.13,42564,13,0
2025-11-05 04:00:00,3937.09,3978.65,3935.54,3964.86,55160,13,0
2025-11-05 08:00:00,3965.11,3987.15,3961.87,3971.95,54314,12,0
2025-11-05 12:00:00,3971.93,3979.48,3955.95,3976.03,55930,12,0
2025-11-05 16:00:00,3976.02,3990.42,3964.0,3982.09,59437,13,0
2025-11-05 20:00:00,3982.14,3990.24,3977.65,3978.74,26291,13,0
2025-11-06 00:00:00,3975.68,3980.1,3964.56,3976.65,20452,13,0
2025-11-06 04:00:00,3976.65,3990.72,3974.22,3987.76,30638,13,0
2025-11-06 08:00:00,3987.64,4016.87,3982.28,4010.94,47970,12,0
2025-11-06 12:00:00,4010.93,4019.65,4002.84,4012.17,47316,12,0
2025-11-06 16:00:00,4012.17,4013.81,3965.63,3986.23,78964,13,0
2025-11-06 20:00:00,3986.25,3995.32,3976.32,3976.66,47906,13,0
2025-11-07 00:00:00,3981.21,4002.8,3974.48,4001.75,28276,13,0
2025-11-07 04:00:00,4001.74,4003.26,3985.58,3995.11,37161,13,0
2025-11-07 08:00:00,3995.13,4014.26,3992.39,4006.68,41593,12,0
2025-11-07 12:00:00,4006.68,4012.0,3991.45,3997.61,50026,12,0
2025-11-07 16:00:00,3997.61,4027.47,3983.91,4005.37,75295,13,0
2025-11-07 20:00:00,4005.36,4009.08,3994.45,4001.08,48923,13,0
2025-11-10 00:00:00,3999.36,4053.32,3997.77,4044.3,38133,13,0
2025-11-10 04:00:00,4044.27,4069.85,4037.69,4069.37,45107,13,0
2025-11-10 08:00:00,4069.37,4086.44,4066.81,4076.69,50278,12,0
2025-11-10 12:00:00,4076.61,4106.0,4075.73,4091.66,53872,12,0
2025-11-10 16:00:00,4091.65,4102.69,4074.3,4102.5,74905,13,0
2025-11-10 20:00:00,4102.45,4116.59,4101.65,4115.49,49567,13,0
2025-11-11 00:00:00,4114.39,4141.22,4114.39,4136.33,37633,13,0
2025-11-11 04:00:00,4136.33,4149.04,4124.7,4131.06,49229,13,0
2025-11-11 08:00:00,4131.05,4146.03,4125.02,4141.91,49401,12,0
2025-11-11 12:00:00,4141.95,4146.67,4133.11,4142.68,49825,12,0
2025-11-11 16:00:00,4142.68,4143.22,4097.1,4114.32,71798,13,0
2025-11-11 20:00:00,4114.32,4131.91,4106.67,4126.6,43220,13,0
2025-11-12 00:00:00,4127.19,4145.54,4126.46,4131.63,38415,13,0
2025-11-12 04:00:00,4131.62,4135.59,4098.84,4104.7,50457,13,0
2025-11-12 08:00:00,4104.67,4133.57,4103.1,4124.72,55850,12,0
2025-11-12 12:00:00,4124.74,4139.53,4118.01,4127.16,58143,12,0
2025-11-12 16:00:00,4127.33,4206.59,4124.91,4199.38,90087,13,0
2025-11-12 20:00:00,4199.4,4211.77,4190.5,4195.57,62616,13,0
2025-11-13 00:00:00,4196.39,4209.28,4180.08,4192.38,38127,13,0
2025-11-13 04:00:00,4192.34,4219.45,4183.46,4211.99,54967,13,0
2025-11-13 08:00:00,4212.01,4239.56,4203.33,4233.11,58934,12,0
2025-11-13 12:00:00,4233.18,4245.08,4219.34,4231.89,63733,12,0
2025-11-13 16:00:00,4231.89,4232.48,4184.51,4201.79,90496,13,0
2025-11-13 20:00:00,4201.9,4203.33,4145.36,4170.97,68514,13,0
2025-11-14 00:00:00,4169.87,4193.89,4169.42,4190.06,43138,13,0
2025-11-14 04:00:00,4190.05,4211.3,4184.1,4189.97,57637,13,0
2025-11-14 08:00:00,4189.97,4193.49,4158.97,4169.23,68395,12,0
2025-11-14 12:00:00,4169.2,4170.93,4041.39,4055.8,83997,12,0
2025-11-14 16:00:00,4055.77,4111.18,4032.2,4099.84,93902,13,0
2025-11-14 20:00:00,4099.87,4103.69,4075.49,4084.29,57968,13,0
2025-11-17 00:00:00,4084.78,4106.75,4077.9,4091.26,44685,13,0
2025-11-17 04:00:00,4091.29,4093.76,4049.69,4058.4,57825,13,0
2025-11-17 08:00:00,4058.4,4096.0,4054.8,4082.01,58585,12,0
2025-11-17 12:00:00,4082.07,4092.28,4060.34,4065.27,59213,12,0
2025-11-17 16:00:00,4065.27,4082.0,4052.26,4073.39,77518,13,0
2025-11-17 20:00:00,4073.23,4076.08,4006.91,4045.52,62795,13,0
2025-11-18 00:00:00,4042.15,4055.41,4022.68,4024.84,41938,13,0
2025-11-18 04:00:00,4024.46,4035.85,4004.56,4019.04,57842,13,0
2025-11-18 08:00:00,4019.15,4047.26,3997.97,4040.22,62058,12,0
2025-11-18 12:00:00,4040.22,4070.26,4029.21,4065.16,62471,12,0
2025-11-18 16:00:00,4065.21,4081.99,4040.33,4071.45,86312,13,0
2025-11-18 20:00:00,4071.57,4082.34,4063.09,4067.56,54240,13,0
2025-11-19 00:00:00,4066.59,4078.26,4056.42,4059.13,32921,13,0
2025-11-19 04:00:00,4059.14,4097.55,4055.7,4095.47,54468,13,0
2025-11-19 08:00:00,4095.46,4116.23,4078.24,4113.47,56510,12,0
2025-11-19 12:00:00,4113.47,4119.87,4100.81,4110.56,60853,12,0
2025-11-19 16:00:00,4110.58,4132.75,4055.58,4078.97,93256,13,0
2025-11-19 20:00:00,4079.0,4091.19,4065.74,4077.43,62281,13,0
2025-11-20 00:00:00,4075.75,4110.25,4075.75,4081.37,40159,13,0
2025-11-20 04:00:00,4081.16,4085.48,4042.2,4066.86,59269,13,0
2025-11-20 08:00:00,4066.82,4077.62,4038.96,4064.21,63712,12,0
2025-11-20 12:00:00,4064.22,4096.5,4051.22,4080.22,62300,12,0
2025-11-20 16:00:00,4080.22,4107.22,4043.67,4066.25,97929,13,0
2025-11-20 20:00:00,4066.12,4087.22,4056.21,4076.93,66136,13,0
2025-11-21 00:00:00,4076.43,4088.86,4060.54,4068.45,36908,13,0
2025-11-21 04:00:00,4068.47,4080.0,4039.98,4058.47,57673,13,0
2025-11-21 08:00:00,4058.46,4065.21,4022.6,4050.6,66297,12,0
2025-11-21 12:00:00,4050.58,4081.43,4031.01,4079.54,75106,12,0
2025-11-21 16:00:00,4079.63,4101.07,4055.02,4085.62,91936,13,0
2025-11-21 20:00:00,4085.52,4092.22,4054.55,4065.62,62987,13,0
2025-11-24 00:00:00,4069.05,4077.92,4042.86,4044.24,37576,13,0
2025-11-24 04:00:00,4044.24,4061.22,4040.02,4046.18,52401,13,0
2025-11-24 08:00:00,4046.21,4074.25,4045.48,4071.84,53518,12,0
2025-11-24 12:00:00,4071.85,4086.05,4063.11,4077.68,53408,12,0
2025-11-24 16:00:00,4077.68,4100.51,4068.36,4092.93,71358,13,0
2025-11-24 20:00:00,4092.96,4139.67,4088.09,4134.5,52067,13,0
2025-11-25 00:00:00,4133.24,4144.38,4122.66,4134.69,40701,13,0
2025-11-25 04:00:00,4134.6,4155.89,4132.77,4150.75,52740,13,0
2025-11-25 08:00:00,4150.73,4152.05,4109.6,4128.37,58837,12,0
2025-11-25 12:00:00,4128.38,4150.8,4115.78,4147.88,59026,12,0
2025-11-25 16:00:00,4147.87,4148.76,4110.98,4117.31,18687,13,0
2025-11-26 00:00:00,4131.55,4152.97,4129.74,4148.49,28881,13,0
2025-11-26 04:00:00,4148.46,4169.36,4147.29,4162.34,47092,13,0
2025-11-26 08:00:00,4162.2,4168.65,4146.83,4162.84,49243,12,0
2025-11-26 12:00:00,4162.86,4173.44,4148.61,4153.39,56963,12,0
2025-11-26 16:00:00,4153.31,4169.89,4136.48,4167.2,67799,13,0
2025-11-26 20:00:00,4167.28,4171.59,4158.13,4164.93,14016,13,0
